date,kennel,food,bed,treats,collar
2021-01-01,9.0,78.0,15.0,10.0,8.0
2021-01-02,9.0,80.0,17.0,12.0,0.0
2021-01-03,14.0,90.0,17.0,17.0,17.0
2021-01-04,12.0,67.0,12.0,9.0,9.0
2021-01-05,0.0,68.0,9.0,9.0,15.0
2021-01-06,8.0,57.0,11.0,9.0,10.0
2021-01-07,7.0,67.0,11.0,0.0,9.0
2021-01-08,8.0,75.0,10.0,8.0,12.0
2021-01-09,12.0,82.0,9.0,0.0,13.0
2021-01-10,13.0,71.0,17.0,11.0,15.0
2021-01-11,7.0,73.0,12.0,9.0,8.0
2021-01-12,8.0,60.0,12.0,9.0,11.0
2021-01-13,11.0,100.0,14.0,0.0,14.0
2021-01-14,9.0,77.0,15.0,7.0,9.0
2021-01-15,9.0,78.0,0.0,12.0,12.0
2021-01-16,13.0,93.0,9.0,14.0,14.0
2021-01-17,12.0,93.0,10.0,11.0,16.0
2021-01-18,7.0,72.0,9.0,8.0,20.0
2021-01-19,8.0,70.0,8.0,0.0,12.0
2021-01-20,9.0,69.0,0.0,0.0,0.0
2021-01-21,7.0,72.0,11.0,0.0,11.0
2021-01-22,7.0,77.0,0.0,8.0,10.0
2021-01-23,0.0,78.0,10.0,0.0,12.0
2021-01-24,0.0,73.0,13.0,15.0,18.0
2021-01-25,0.0,69.0,10.0,13.0,8.0
2021-01-26,0.0,69.0,10.0,7.0,12.0
2021-01-27,9.0,58.0,16.0,10.0,11.0
2021-01-28,11.0,79.0,12.0,10.0,0.0
2021-01-29,0.0,78.0,11.0,11.0,12.0
2021-01-30,0.0,92.0,13.0,11.0,17.0
2021-01-31,8.0,92.0,19.0,9.0,13.0
2021-02-01,12.0,67.0,11.0,0.0,12.0
2021-02-02,10.0,72.0,8.0,0.0,0.0
2021-02-03,7.0,61.0,11.0,9.0,12.0
2021-02-04,13.0,68.0,18.0,11.0,0.0
2021-02-05,9.0,63.0,13.0,10.0,11.0
2021-02-06,9.0,93.0,9.0,13.0,15.0
2021-02-07,11.0,81.0,13.0,0.0,15.0
2021-02-08,9.0,66.0,8.0,0.0,12.0
2021-02-09,0.0,61.0,10.0,10.0,10.0
2021-02-10,13.0,60.0,11.0,17.0,12.0
2021-02-11,11.0,58.0,8.0,12.0,10.0
2021-02-12,8.0,76.0,9.0,11.0,0.0
2021-02-13,8.0,68.0,12.0,13.0,12.0
2021-02-14,8.0,63.0,11.0,0.0,10.0
2021-02-15,15.0,84.0,12.0,9.0,14.0
2021-02-16,0.0,60.0,10.0,11.0,13.0
2021-02-17,8.0,72.0,11.0,0.0,0.0
2021-02-18,7.0,65.0,11.0,0.0,11.0
2021-02-19,8.0,70.0,16.0,12.0,0.0
2021-02-20,12.0,85.0,16.0,11.0,15.0
2021-02-21,14.0,86.0,12.0,12.0,12.0
2021-02-22,11.0,67.0,15.0,9.0,7.0
2021-02-23,11.0,71.0,13.0,0.0,0.0
2021-02-24,9.0,74.0,0.0,10.0,8.0
2021-02-25,8.0,58.0,11.0,11.0,13.0
2021-02-26,14.0,75.0,10.0,9.0,11.0
2021-02-27,15.0,71.0,13.0,10.0,20.0
2021-02-28,15.0,82.0,12.0,11.0,22.0
2021-03-01,14.0,60.0,10.0,9.0,15.0
2021-03-02,8.0,58.0,11.0,7.0,16.0
2021-03-03,8.0,58.0,9.0,10.0,13.0
2021-03-04,0.0,69.0,13.0,0.0,18.0
2021-03-05,10.0,66.0,0.0,0.0,13.0
2021-03-06,0.0,91.0,18.0,0.0,17.0
2021-03-07,0.0,81.0,15.0,0.0,13.0
2021-03-08,13.0,79.0,8.0,0.0,9.0
2021-03-09,12.0,66.0,11.0,12.0,11.0
2021-03-10,8.0,65.0,0.0,7.0,7.0
2021-03-11,9.0,66.0,12.0,8.0,0.0
2021-03-12,0.0,66.0,13.0,7.0,17.0
2021-03-13,9.0,71.0,9.0,0.0,13.0
2021-03-14,9.0,83.0,18.0,13.0,11.0
2021-03-15,10.0,63.0,12.0,0.0,14.0
2021-03-16,9.0,55.0,10.0,0.0,0.0
2021-03-17,9.0,63.0,12.0,0.0,9.0
2021-03-18,9.0,62.0,7.0,9.0,11.0
2021-03-19,11.0,59.0,10.0,10.0,12.0
2021-03-20,11.0,77.0,9.0,8.0,11.0
2021-03-21,12.0,78.0,14.0,10.0,17.0
2021-03-22,11.0,67.0,11.0,7.0,19.0
2021-03-23,11.0,77.0,9.0,13.0,15.0
2021-03-24,9.0,73.0,7.0,9.0,13.0
2021-03-25,13.0,79.0,7.0,0.0,12.0
2021-03-26,0.0,56.0,13.0,0.0,8.0
2021-03-27,11.0,78.0,11.0,0.0,12.0
2021-03-28,10.0,81.0,12.0,9.0,16.0
2021-03-29,11.0,60.0,12.0,11.0,10.0
2021-03-30,9.0,78.0,8.0,0.0,10.0
2021-03-31,8.053835800807537,78.52489905787348,11.074024226110364,0.0,11.074024226110364
2021-04-01,7.047106325706595,69.46433378196501,0.0,0.0,8.053835800807537
2021-04-02,8.053835800807537,83.5585464333782,10.06729475100942,8.053835800807537,16.107671601615074
2021-04-03,14.09421265141319,83.5585464333782,0.0,11.074024226110364,16.107671601615074
2021-04-04,0.0,64.4306864064603,9.060565275908479,0.0,21.141318977119784
2021-04-05,11.074024226110364,78.52489905787348,0.0,0.0,11.074024226110364
2021-04-06,8.053835800807537,63.423956931359356,9.060565275908479,0.0,10.06729475100942
2021-04-07,9.060565275908479,62.41722745625841,7.047106325706595,0.0,16.107671601615074
2021-04-08,11.074024226110364,70.47106325706595,0.0,0.0,11.074024226110364
2021-04-09,0.0,75.50471063257066,0.0,11.074024226110364,12.080753701211306
2021-04-10,12.080753701211306,74.49798115746972,14.09421265141319,14.09421265141319,11.074024226110364
2021-04-11,15.100942126514132,82.55181695827726,0.0,0.0,12.080753701211306
2021-04-12,16.107671601615074,61.41049798115747,0.0,7.047106325706595,12.080753701211306
2021-04-13,8.053835800807537,58.39030955585464,11.074024226110364,0.0,7.047106325706595
2021-04-14,10.06729475100942,70.47106325706595,0.0,12.080753701211306,13.087483176312247
2021-04-15,7.047106325706595,71.47779273216689,8.053835800807537,0.0,9.060565275908479
2021-04-16,9.060565275908479,66.44414535666218,10.06729475100942,9.060565275908479,0.0
2021-04-17,12.080753701211306,76.5114401076716,13.087483176312247,0.0,13.087483176312247
2021-04-18,9.060565275908479,76.5114401076716,16.107671601615074,16.107671601615074,17.114401076716018
2021-04-19,15.100942126514132,70.47106325706595,0.0,14.09421265141319,14.09421265141319
2021-04-20,10.06729475100942,74.49798115746972,11.074024226110364,10.06729475100942,19.1278600269179
2021-04-21,9.060565275908479,71.47779273216689,8.053835800807537,10.06729475100942,13.087483176312247
2021-04-22,11.074024226110364,67.45087483176312,14.09421265141319,10.06729475100942,9.060565275908479
2021-04-23,0.0,59.39703903095558,10.06729475100942,10.06729475100942,10.06729475100942
2021-04-24,13.087483176312247,78.52489905787348,10.06729475100942,0.0,12.080753701211306
2021-04-25,9.060565275908479,76.5114401076716,11.074024226110364,8.053835800807537,16.107671601615074
2021-04-26,14.09421265141319,71.47779273216689,0.0,10.06729475100942,14.09421265141319
2021-04-27,0.0,59.39703903095558,0.0,11.074024226110364,9.060565275908479
2021-04-28,9.060565275908479,74.49798115746972,8.053835800807537,0.0,18.121130551816957
2021-04-29,0.0,62.41722745625841,11.074024226110364,8.053835800807537,15.100942126514132
2021-04-30,10.06729475100942,76.5114401076716,9.060565275908479,0.0,9.060565275908479
2021-05-01,8.053835800807537,70.47106325706595,11.074024226110364,12.080753701211306,9.060565275908479
2021-05-02,9.060565275908479,80.53835800807536,10.06729475100942,10.06729475100942,15.100942126514132
2021-05-03,10.06729475100942,66.44414535666218,0.0,0.0,10.06729475100942
2021-05-04,12.080753701211306,68.45760430686407,7.047106325706595,7.047106325706595,11.074024226110364
2021-05-05,9.060565275908479,61.41049798115747,7.047106325706595,9.060565275908479,7.047106325706595
2021-05-06,0.0,76.5114401076716,9.060565275908479,9.060565275908479,14.09421265141319
2021-05-07,8.053835800807537,60.40376850605653,11.074024226110364,10.06729475100942,10.06729475100942
2021-05-08,14.09421265141319,67.45087483176312,13.087483176312247,8.053835800807537,18.121130551816957
2021-05-09,11.074024226110364,75.50471063257066,10.06729475100942,0.0,14.09421265141319
2021-05-10,10.06729475100942,62.41722745625841,12.080753701211306,9.060565275908479,15.100942126514132
2021-05-11,0.0,65.43741588156124,0.0,14.09421265141319,7.047106325706595
2021-05-12,10.06729475100942,66.44414535666218,11.074024226110364,12.080753701211306,10.06729475100942
2021-05-13,10.06729475100942,61.41049798115747,12.080753701211306,8.053835800807537,9.060565275908479
2021-05-14,11.074024226110364,68.45760430686407,7.047106325706595,10.06729475100942,11.074024226110364
2021-05-15,12.080753701211306,84.56527590847914,10.06729475100942,0.0,13.087483176312247
2021-05-16,16.107671601615074,82.55181695827726,11.074024226110364,11.074024226110364,11.074024226110364
2021-05-17,12.080753701211306,67.45087483176312,12.080753701211306,11.074024226110364,10.06729475100942
2021-05-18,11.074024226110364,64.4306864064603,0.0,7.047106325706595,11.074024226110364
2021-05-19,10.06729475100942,64.4306864064603,11.074024226110364,0.0,9.060565275908479
2021-05-20,12.080753701211306,64.4306864064603,11.074024226110364,8.053835800807537,0.0
2021-05-21,16.107671601615074,69.46433378196501,10.06729475100942,8.053835800807537,10.06729475100942
2021-05-22,20.13458950201884,73.49125168236877,12.080753701211306,11.074024226110364,8.053835800807537
2021-05-23,9.060565275908479,87.58546433378197,9.060565275908479,11.074024226110364,14.09421265141319
2021-05-24,12.080753701211306,70.47106325706595,10.06729475100942,0.0,0.0
2021-05-25,13.087483176312247,67.45087483176312,10.06729475100942,8.053835800807537,9.060565275908479
2021-05-26,9.060565275908479,68.45760430686407,11.074024226110364,0.0,13.087483176312247
2021-05-27,14.09421265141319,70.47106325706595,11.074024226110364,0.0,10.06729475100942
2021-05-28,0.0,56.37685060565276,10.06729475100942,13.087483176312247,20.13458950201884
2021-05-29,10.06729475100942,75.50471063257066,0.0,10.06729475100942,0.0
2021-05-30,15.100942126514132,75.50471063257066,15.100942126514132,10.06729475100942,14.09421265141319
2021-05-31,9.060565275908479,70.47106325706595,12.080753701211306,0.0,22.148048452220728
2021-06-01,16.107671601615074,68.45760430686407,0.0,0.0,16.107671601615074
2021-06-02,10.06729475100942,70.47106325706595,10.06729475100942,10.06729475100942,13.087483176312247
2021-06-03,13.087483176312247,73.49125168236877,9.060565275908479,11.074024226110364,12.080753701211306
2021-06-04,8.053835800807537,67.45087483176312,10.06729475100942,14.09421265141319,0.0
2021-06-05,9.060565275908479,85.57200538358008,8.053835800807537,12.080753701211306,15.100942126514132
2021-06-06,12.080753701211306,76.5114401076716,0.0,0.0,13.087483176312247
2021-06-07,16.107671601615074,65.43741588156124,10.06729475100942,10.06729475100942,15.100942126514132
2021-06-08,13.087483176312247,63.423956931359356,0.0,13.087483176312247,12.080753701211306
2021-06-09,12.080753701211306,70.47106325706595,14.09421265141319,12.080753701211306,11.074024226110364
2021-06-10,8.053835800807537,71.47779273216689,10.06729475100942,0.0,0.0
2021-06-11,10.06729475100942,67.45087483176312,10.06729475100942,9.060565275908479,14.09421265141319
2021-06-12,19.1278600269179,100.67294751009422,0.0,12.080753701211306,11.074024226110364
2021-06-13,19.1278600269179,93.62584118438762,0.0,10.06729475100942,10.06729475100942
2021-06-14,17.114401076716018,74.49798115746972,13.087483176312247,11.074024226110364,15.100942126514132
2021-06-15,12.080753701211306,80.53835800807536,0.0,8.053835800807537,14.09421265141319
2021-06-16,10.06729475100942,70.47106325706595,10.06729475100942,0.0,11.074024226110364
2021-06-17,14.09421265141319,73.49125168236877,10.06729475100942,0.0,12.080753701211306
2021-06-18,12.080753701211306,66.44414535666218,10.06729475100942,0.0,0.0
2021-06-19,15.100942126514132,76.5114401076716,16.107671601615074,0.0,21.141318977119784
2021-06-20,9.060565275908479,72.48452220726783,9.060565275908479,0.0,12.080753701211306
2021-06-21,16.938868757980465,75.72670738861855,8.967636401283777,0.0,10.960444490457949
2021-06-22,15.94246471339338,72.7374952548573,11.956848535045035,10.960444490457949,11.956848535045035
2021-06-23,0.0,81.70513165614106,14.946060668806293,8.967636401283777,7.97123235669669
2021-06-24,10.960444490457949,65.76266694274769,0.0,8.967636401283777,9.964040445870863
2021-06-25,14.946060668806293,83.69793974531524,8.967636401283777,7.97123235669669,16.938868757980465
2021-06-26,12.953252579632121,85.69074783448941,9.964040445870863,10.960444490457949,14.946060668806293
2021-06-27,10.960444490457949,89.67636401283775,11.956848535045035,7.97123235669669,13.949656624219207
2021-06-28,13.949656624219207,64.7662628981606,14.946060668806293,7.97123235669669,12.953252579632121
2021-06-29,8.967636401283777,66.75907098733478,11.956848535045035,13.949656624219207,8.967636401283777
2021-06-30,10.960444490457949,73.73389929944437,10.960444490457949,9.964040445870863,7.97123235669669
2021-07-01,6.9748283121096035,70.74468716568312,10.960444490457949,8.967636401283777,10.960444490457949
2021-07-02,24.910101114677154,77.71951547779273,11.956848535045035,8.967636401283777,15.94246471339338
2021-07-03,15.94246471339338,94.65838423577318,12.953252579632121,11.956848535045035,12.953252579632121
2021-07-04,0.0,74.73030334403147,13.949656624219207,11.956848535045035,11.956848535045035
2021-07-05,21.920888980915898,69.74828312109604,14.946060668806293,0.0,11.956848535045035
2021-07-06,11.956848535045035,78.7159195223798,11.956848535045035,12.953252579632121,9.964040445870863
2021-07-07,10.960444490457949,65.76266694274769,8.967636401283777,13.949656624219207,10.960444490457949
2021-07-08,10.960444490457949,71.74109121027021,10.960444490457949,8.967636401283777,13.949656624219207
2021-07-09,13.949656624219207,67.75547503192186,0.0,8.967636401283777,8.967636401283777
2021-07-10,14.946060668806293,92.66557614659902,14.946060668806293,12.953252579632121,13.949656624219207
2021-07-11,11.956848535045035,75.72670738861855,7.97123235669669,13.949656624219207,13.949656624219207
2021-07-12,15.94246471339338,71.74109121027021,11.956848535045035,0.0,9.964040445870863
2021-07-13,12.953252579632121,73.73389929944437,9.964040445870863,8.967636401283777,9.964040445870863
2021-07-14,17.935272802567553,66.75907098733478,9.964040445870863,7.97123235669669,11.956848535045035
2021-07-15,12.953252579632121,77.71951547779273,7.97123235669669,10.960444490457949,12.953252579632121
2021-07-16,13.949656624219207,72.7374952548573,7.97123235669669,10.960444490457949,10.960444490457949
2021-07-17,11.956848535045035,70.74468716568312,12.953252579632121,0.0,11.956848535045035
2021-07-18,13.949656624219207,76.72311143320563,0.0,8.967636401283777,9.964040445870863
2021-07-19,10.960444490457949,72.7374952548573,8.967636401283777,7.97123235669669,8.967636401283777
2021-07-20,10.960444490457949,71.74109121027021,13.949656624219207,12.953252579632121,9.964040445870863
2021-07-21,16.938868757980465,71.74109121027021,12.953252579632121,8.967636401283777,11.956848535045035
2021-07-22,0.0,81.70513165614106,0.0,9.964040445870863,13.949656624219207
2021-07-23,12.953252579632121,76.72311143320563,10.960444490457949,12.953252579632121,0.0
2021-07-24,0.0,85.69074783448941,13.949656624219207,0.0,13.949656624219207
2021-07-25,14.946060668806293,83.69793974531524,15.94246471339338,9.964040445870863,25.906505159264242
2021-07-26,10.960444490457949,79.7123235669669,13.949656624219207,16.938868757980465,11.956848535045035
2021-07-27,12.953252579632121,62.77345480898643,8.967636401283777,11.956848535045035,9.964040445870863
2021-07-28,7.97123235669669,73.73389929944437,12.953252579632121,0.0,15.94246471339338
2021-07-29,12.953252579632121,69.74828312109604,10.960444490457949,8.967636401283777,11.956848535045035
2021-07-30,9.964040445870863,73.73389929944437,8.967636401283777,6.9748283121096035,7.97123235669669
2021-07-31,13.949656624219207,74.73030334403147,7.97123235669669,10.960444490457949,0.0
2021-08-01,11.956848535045035,84.69434378990233,12.953252579632121,0.0,10.960444490457949
2021-08-02,12.953252579632121,70.74468716568312,15.94246471339338,7.97123235669669,10.960444490457949
2021-08-03,12.953252579632121,67.75547503192186,0.0,8.967636401283777,9.964040445870863
2021-08-04,18.931676847154637,69.74828312109604,7.97123235669669,0.0,10.960444490457949
2021-08-05,13.949656624219207,63.76985885357352,8.967636401283777,7.97123235669669,0.0
2021-08-06,15.94246471339338,74.73030334403147,11.956848535045035,8.967636401283777,7.97123235669669
2021-08-07,13.949656624219207,84.69434378990233,8.967636401283777,8.967636401283777,12.953252579632121
2021-08-08,10.960444490457949,88.67995996825067,15.94246471339338,0.0,0.0
2021-08-09,14.946060668806293,76.72311143320563,8.967636401283777,0.0,12.953252579632121
2021-08-10,12.953252579632121,66.75907098733478,0.0,10.960444490457949,0.0
2021-08-11,7.97123235669669,78.7159195223798,8.967636401283777,8.967636401283777,6.9748283121096035
2021-08-12,8.967636401283777,77.71951547779273,11.956848535045035,7.97123235669669,8.967636401283777
2021-08-13,12.953252579632121,56.795030541463916,0.0,9.964040445870863,8.967636401283777
2021-08-14,16.938868757980465,65.76266694274769,10.960444490457949,9.964040445870863,9.964040445870863
2021-08-15,10.960444490457949,90.67276805742485,0.0,12.953252579632121,12.953252579632121
2021-08-16,9.964040445870863,66.75907098733478,9.964040445870863,0.0,11.956848535045035
2021-08-17,8.967636401283777,70.74468716568312,6.9748283121096035,6.9748283121096035,0.0
2021-08-18,7.97123235669669,75.72670738861855,9.964040445870863,0.0,13.949656624219207
2021-08-19,15.94246471339338,78.7159195223798,0.0,0.0,10.960444490457949
2021-08-20,8.967636401283777,83.69793974531524,9.964040445870863,10.960444490457949,10.960444490457949
2021-08-21,15.94246471339338,90.67276805742485,7.97123235669669,7.97123235669669,12.953252579632121
2021-08-22,10.960444490457949,79.7123235669669,15.94246471339338,0.0,15.94246471339338
2021-08-23,12.953252579632121,69.74828312109604,0.0,10.960444490457949,8.967636401283777
2021-08-24,0.0,70.74468716568312,7.97123235669669,0.0,12.953252579632121
2021-08-25,0.0,81.70513165614106,10.960444490457949,0.0,13.949656624219207
2021-08-26,8.967636401283777,78.7159195223798,7.97123235669669,0.0,11.956848535045035
2021-08-27,7.97123235669669,71.74109121027021,8.967636401283777,9.964040445870863,10.960444490457949
2021-08-28,9.964040445870863,84.69434378990233,10.960444490457949,9.964040445870863,11.956848535045035
2021-08-29,13.949656624219207,99.64040445870862,12.953252579632121,13.949656624219207,15.94246471339338
2021-08-30,12.953252579632121,63.76985885357352,12.953252579632121,8.967636401283777,9.964040445870863
2021-08-31,7.97123235669669,64.7662628981606,7.97123235669669,0.0,7.97123235669669
2021-09-01,9.964040445870863,50.816606273941396,8.967636401283777,8.967636401283777,8.967636401283777
2021-09-02,7.97123235669669,62.77345480898643,12.953252579632121,9.964040445870863,7.97123235669669
2021-09-03,11.956848535045035,74.73030334403147,8.967636401283777,13.949656624219207,16.938868757980465
2021-09-04,0.0,72.7374952548573,0.0,11.956848535045035,10.960444490457949
2021-09-05,10.960444490457949,64.7662628981606,13.949656624219207,11.956848535045035,8.967636401283777
2021-09-06,12.953252579632121,75.72670738861855,0.0,9.964040445870863,11.956848535045035
2021-09-07,15.94246471339338,55.79862649687683,7.97123235669669,0.0,10.960444490457949
2021-09-08,13.949656624219207,67.75547503192186,7.97123235669669,0.0,0.0
2021-09-09,0.0,61.77705076439934,7.97123235669669,10.960444490457949,0.0
2021-09-10,10.960444490457949,64.7662628981606,8.967636401283777,10.960444490457949,13.949656624219207
2021-09-11,8.30336703822572,77.22131345549919,0.0,14.115723964983722,22.41909100320944
2021-09-12,9.13370374204829,81.37299697461204,9.964040445870863,10.794377149693434,17.43707078027401
2021-09-13,10.794377149693434,66.42693630580575,11.624713853516006,7.473030334403147,9.964040445870863
2021-09-14,7.473030334403147,76.3909767516766,13.28538726116115,8.30336703822572,11.624713853516006
2021-09-15,7.473030334403147,69.74828312109604,9.964040445870863,9.964040445870863,0.0
2021-09-16,7.473030334403147,58.12356926758003,9.964040445870863,8.30336703822572,10.794377149693434
2021-09-17,0.0,63.93592619433803,8.30336703822572,9.13370374204829,19.09774418791915
2021-09-18,0.0,70.5786198249186,9.13370374204829,10.794377149693434,19.09774418791915
2021-09-19,10.794377149693434,73.06962993638632,11.624713853516006,10.794377149693434,12.455050557338577
2021-09-20,7.473030334403147,66.42693630580575,0.0,0.0,16.60673407645144
2021-09-21,0.0,57.293232563757456,11.624713853516006,14.946060668806293,9.964040445870863
2021-09-22,9.13370374204829,58.9539059714026,10.794377149693434,13.28538726116115,11.624713853516006
2021-09-23,9.13370374204829,62.27525278669289,11.624713853516006,0.0,7.473030334403147
2021-09-24,0.0,64.7662628981606,9.13370374204829,10.794377149693434,9.964040445870863
2021-09-25,0.0,75.56064004785404,10.794377149693434,9.964040445870863,0.0
2021-09-26,8.30336703822572,68.91794641727347,11.624713853516006,12.455050557338577,11.624713853516006
2021-09-27,11.624713853516006,64.7662628981606,0.0,12.455050557338577,12.455050557338577
2021-09-28,9.964040445870863,63.10558949051546,8.30336703822572,0.0,7.473030334403147
2021-09-29,10.794377149693434,68.08760971345089,14.115723964983722,9.964040445870863,0.0
2021-09-30,9.13370374204829,73.8999666402089,14.115723964983722,0.0,10.794377149693434
2021-10-01,14.946060668806293,58.9539059714026,0.0,9.964040445870863,0.0
2021-10-02,9.964040445870863,82.20333367843462,13.28538726116115,9.13370374204829,10.794377149693434
2021-10-03,12.455050557338577,72.23929323256375,11.624713853516006,9.13370374204829,15.776397372628866
2021-10-04,8.30336703822572,55.632559156112315,6.642693630580575,9.13370374204829,10.794377149693434
2021-10-05,7.473030334403147,64.7662628981606,11.624713853516006,12.455050557338577,9.964040445870863
2021-10-06,8.30336703822572,66.42693630580575,10.794377149693434,9.13370374204829,14.946060668806293
2021-10-07,9.13370374204829,67.25727300962832,8.30336703822572,8.30336703822572,14.946060668806293
2021-10-08,0.0,68.08760971345089,9.964040445870863,8.30336703822572,9.964040445870863
2021-10-09,9.13370374204829,77.22131345549919,8.30336703822572,12.455050557338577,12.455050557338577
2021-10-10,12.455050557338577,66.42693630580575,16.60673407645144,13.28538726116115,19.928080891741725
2021-10-11,9.964040445870863,73.8999666402089,9.964040445870863,10.794377149693434,0.0
2021-10-12,9.964040445870863,73.8999666402089,8.30336703822572,12.455050557338577,12.455050557338577
2021-10-13,0.0,72.23929323256375,10.794377149693434,10.794377149693434,8.30336703822572
2021-10-14,9.13370374204829,73.8999666402089,8.30336703822572,13.28538726116115,8.30336703822572
2021-10-15,12.455050557338577,72.23929323256375,7.473030334403147,13.28538726116115,0.0
2021-10-16,11.624713853516006,77.22131345549919,11.624713853516006,17.43707078027401,15.776397372628866
2021-10-17,9.964040445870863,83.03367038225718,13.28538726116115,14.946060668806293,15.776397372628866
2021-10-18,10.794377149693434,72.23929323256375,9.13370374204829,0.0,11.624713853516006
2021-10-19,0.0,70.5786198249186,14.946060668806293,10.794377149693434,13.28538726116115
2021-10-20,9.13370374204829,72.23929323256375,7.473030334403147,9.964040445870863,13.28538726116115
2021-10-21,9.13370374204829,63.10558949051546,11.624713853516006,11.624713853516006,14.115723964983722
2021-10-22,8.30336703822572,51.48087563699946,0.0,12.455050557338577,7.473030334403147
2021-10-23,14.115723964983722,67.25727300962832,0.0,15.776397372628866,12.455050557338577
2021-10-24,8.30336703822572,68.91794641727347,11.624713853516006,9.13370374204829,13.28538726116115
2021-10-25,10.794377149693434,64.7662628981606,8.30336703822572,15.776397372628866,15.776397372628866
2021-10-26,8.30336703822572,74.73030334403147,0.0,19.928080891741725,11.624713853516006
2021-10-27,0.0,74.73030334403147,10.794377149693434,14.115723964983722,12.455050557338577
2021-10-28,0.0,69.74828312109604,8.30336703822572,9.964040445870863,10.794377149693434
2021-10-29,0.0,58.9539059714026,9.13370374204829,13.28538726116115,0.0
2021-10-30,12.455050557338577,64.7662628981606,14.946060668806293,10.794377149693434,15.776397372628866
2021-10-31,0.0,69.74828312109604,9.13370374204829,18.26740748409658,14.946060668806293
2021-11-01,9.964040445870863,47.3291921178866,10.794377149693434,9.964040445870863,12.455050557338577
2021-11-02,7.473030334403147,63.10558949051546,10.794377149693434,10.794377149693434,13.28538726116115
2021-11-03,7.473030334403147,65.59659960198317,9.13370374204829,9.13370374204829,12.455050557338577
2021-11-04,7.473030334403147,55.632559156112315,12.455050557338577,9.13370374204829,14.115723964983722
2021-11-05,0.0,63.10558949051546,16.60673407645144,8.30336703822572,0.0
2021-11-06,9.13370374204829,83.03367038225718,14.115723964983722,0.0,12.455050557338577
2021-11-07,11.624713853516006,63.93592619433803,14.115723964983722,12.455050557338577,17.43707078027401
2021-11-08,12.455050557338577,58.12356926758003,11.624713853516006,8.30336703822572,9.964040445870863
2021-11-09,12.455050557338577,70.5786198249186,11.624713853516006,8.30336703822572,10.794377149693434
2021-11-10,9.13370374204829,64.7662628981606,0.0,0.0,12.455050557338577
2021-11-11,0.0,68.08760971345089,11.624713853516006,8.30336703822572,10.794377149693434
2021-11-12,0.0,66.42693630580575,0.0,0.0,10.794377149693434
2021-11-13,16.60673407645144,70.5786198249186,10.794377149693434,9.13370374204829,14.115723964983722
2021-11-14,8.30336703822572,82.20333367843462,9.13370374204829,9.13370374204829,0.0
2021-11-15,8.30336703822572,54.80222245228974,0.0,9.13370374204829,13.28538726116115
2021-11-16,12.455050557338577,72.23929323256375,9.964040445870863,8.30336703822572,0.0
2021-11-17,13.28538726116115,60.61457937904775,11.624713853516006,0.0,10.794377149693434
2021-11-18,9.13370374204829,54.80222245228974,14.115723964983722,10.794377149693434,9.13370374204829
2021-11-19,9.964040445870863,65.59659960198317,9.964040445870863,0.0,10.794377149693434
2021-11-20,9.964040445870863,73.06962993638632,11.624713853516006,8.30336703822572,10.794377149693434
2021-11-21,9.13370374204829,69.74828312109604,10.794377149693434,0.0,8.30336703822572
2021-11-22,13.28538726116115,70.5786198249186,10.794377149693434,9.13370374204829,14.946060668806293
2021-11-23,9.964040445870863,68.08760971345089,11.624713853516006,12.455050557338577,12.455050557338577
2021-11-24,10.794377149693434,68.08760971345089,12.455050557338577,13.28538726116115,8.30336703822572
2021-11-25,0.0,55.632559156112315,11.624713853516006,0.0,14.946060668806293
2021-11-26,9.964040445870863,63.10558949051546,15.776397372628866,8.30336703822572,10.794377149693434
2021-11-27,8.30336703822572,68.08760971345089,14.946060668806293,14.115723964983722,9.964040445870863
2021-11-28,14.946060668806293,67.25727300962832,18.26740748409658,11.624713853516006,18.26740748409658
2021-11-29,10.794377149693434,70.5786198249186,9.964040445870863,9.13370374204829,16.60673407645144
2021-11-30,14.115723964983722,72.23929323256375,16.60673407645144,7.473030334403147,14.946060668806293
2021-12-01,13.28538726116115,78.05165015932175,12.455050557338577,8.30336703822572,12.455050557338577
2021-12-02,11.411229352145604,61.20568470696278,16.59815178493906,8.29907589246953,8.29907589246953
2021-12-03,9.336460379028221,64.31783816663885,8.29907589246953,10.373844865586912,14.523382811821676
2021-12-04,10.373844865586912,72.61691405910838,16.59815178493906,12.448613838704293,11.411229352145604
2021-12-05,12.448613838704293,73.65429854566707,18.672920758056442,18.672920758056442,10.373844865586912
2021-12-06,11.411229352145604,70.542145085991,12.448613838704293,8.29907589246953,10.373844865586912
2021-12-07,13.485998325262985,63.280453680080164,11.411229352145604,0.0,9.336460379028221
2021-12-08,9.336460379028221,66.39260713975624,14.523382811821676,8.29907589246953,0.0
2021-12-09,8.29907589246953,57.05614676072802,8.29907589246953,9.336460379028221,12.448613838704293
2021-12-10,8.29907589246953,62.24306919352147,11.411229352145604,8.29907589246953,7.261691405910838
2021-12-11,8.29907589246953,82.9907589246953,0.0,9.336460379028221,10.373844865586912
2021-12-12,0.0,85.06552789781267,13.485998325262985,11.411229352145604,18.672920758056442
2021-12-13,12.448613838704293,67.42999162631493,11.411229352145604,9.336460379028221,0.0
2021-12-14,0.0,57.05614676072802,13.485998325262985,9.336460379028221,11.411229352145604
2021-12-15,8.29907589246953,62.24306919352147,8.29907589246953,9.336460379028221,10.373844865586912
2021-12-16,0.0,57.05614676072802,8.29907589246953,0.0,8.29907589246953
2021-12-17,8.29907589246953,67.42999162631493,17.63553627149775,11.411229352145604,10.373844865586912
2021-12-18,14.523382811821676,75.72906751878446,0.0,19.71030524461513,9.336460379028221
2021-12-19,10.373844865586912,65.35522265319754,9.336460379028221,10.373844865586912,15.560767298380368
2021-12-20,9.336460379028221,74.69168303222577,14.523382811821676,0.0,11.411229352145604
2021-12-21,11.411229352145604,62.24306919352147,10.373844865586912,12.448613838704293,9.336460379028221
2021-12-22,11.411229352145604,66.39260713975624,12.448613838704293,8.29907589246953,9.336460379028221
2021-12-23,0.0,68.46737611287362,15.560767298380368,10.373844865586912,18.672920758056442
2021-12-24,10.373844865586912,80.91598995157791,9.336460379028221,0.0,0.0
2021-12-25,0.0,44.60753292202372,0.0,13.485998325262985,0.0
2021-12-26,12.448613838704293,85.06552789781267,11.411229352145604,14.523382811821676,16.59815178493906
2021-12-27,10.373844865586912,87.14029687093006,8.29907589246953,0.0,17.63553627149775
2021-12-28,8.29907589246953,74.69168303222577,13.485998325262985,9.336460379028221,14.523382811821676
2021-12-29,0.0,73.65429854566707,15.560767298380368,7.261691405910838,12.448613838704293
2021-12-30,13.485998325262985,70.542145085991,11.411229352145604,13.485998325262985,17.63553627149775
2021-12-31,12.448613838704293,76.76645200534315,8.29907589246953,12.448613838704293,0.0
2022-01-01,12.448613838704293,68.46737611287362,9.336460379028221,11.411229352145604,12.448613838704293
2022-01-02,10.373844865586912,79.87860546501922,11.411229352145604,15.560767298380368,16.59815178493906
2022-01-03,9.336460379028221,77.80383649190183,11.411229352145604,0.0,8.29907589246953
2022-01-04,0.0,75.72906751878446,0.0,0.0,19.71030524461513
2022-01-05,10.373844865586912,84.02814341125399,21.785074217732515,0.0,12.448613838704293
2022-01-06,0.0,61.20568470696278,13.485998325262985,0.0,16.59815178493906
2022-01-07,0.0,80.91598995157791,13.485998325262985,0.0,11.411229352145604
2022-01-08,13.485998325262985,100.62629519619304,16.59815178493906,0.0,15.560767298380368
2022-01-09,14.523382811821676,80.91598995157791,14.523382811821676,0.0,14.523382811821676
2022-01-10,17.63553627149775,67.42999162631493,18.672920758056442,0.0,8.29907589246953
2022-01-11,11.411229352145604,77.80383649190183,10.373844865586912,15.560767298380368,8.29907589246953
2022-01-12,8.29907589246953,75.72906751878446,0.0,0.0,0.0
2022-01-13,11.411229352145604,81.9533744381366,10.373844865586912,0.0,12.448613838704293
2022-01-14,0.0,101.66367968275173,12.448613838704293,9.336460379028221,13.485998325262985
2022-01-15,12.448613838704293,94.4019882768409,16.59815178493906,11.411229352145604,21.785074217732515
2022-01-16,0.0,77.80383649190183,11.411229352145604,0.0,13.485998325262985
2022-01-17,9.336460379028221,71.57952957254969,11.411229352145604,16.59815178493906,0.0
2022-01-18,9.336460379028221,67.42999162631493,0.0,0.0,14.523382811821676
2022-01-19,14.523382811821676,84.02814341125399,9.336460379028221,10.373844865586912,13.485998325262985
2022-01-20,0.0,77.80383649190183,10.373844865586912,11.411229352145604,12.448613838704293
2022-01-21,9.336460379028221,80.91598995157791,12.448613838704293,8.29907589246953,9.336460379028221
2022-01-22,15.560767298380368,79.87860546501922,8.29907589246953,11.411229352145604,0.0
2022-01-23,9.336460379028221,85.06552789781267,14.523382811821676,9.336460379028221,10.373844865586912
2022-01-24,0.0,80.91598995157791,10.373844865586912,11.411229352145604,13.485998325262985
2022-01-25,9.336460379028221,69.50476059943232,9.336460379028221,14.523382811821676,21.785074217732515
2022-01-26,0.0,91.28983481716483,10.373844865586912,15.560767298380368,21.785074217732515
2022-01-27,12.448613838704293,71.57952957254969,12.448613838704293,9.336460379028221,16.59815178493906
2022-01-28,8.29907589246953,80.91598995157791,14.523382811821676,0.0,10.373844865586912
2022-01-29,0.0,81.9533744381366,10.373844865586912,14.523382811821676,13.485998325262985
2022-01-30,8.29907589246953,89.21506584404744,12.448613838704293,9.336460379028221,11.411229352145604
2022-01-31,10.373844865586912,67.42999162631493,9.336460379028221,0.0,13.485998325262985
2022-02-01,15.560767298380368,80.91598995157791,8.29907589246953,8.29907589246953,13.485998325262985
2022-02-02,8.29907589246953,68.46737611287362,9.336460379028221,9.336460379028221,14.523382811821676
2022-02-03,10.373844865586912,67.42999162631493,11.411229352145604,8.29907589246953,9.336460379028221
2022-02-04,0.0,89.21506584404744,11.411229352145604,11.411229352145604,9.336460379028221
2022-02-05,9.336460379028221,87.14029687093006,8.29907589246953,0.0,18.672920758056442
2022-02-06,12.448613838704293,88.17768135748875,15.560767298380368,12.448613838704293,17.63553627149775
2022-02-07,11.411229352145604,84.02814341125399,14.523382811821676,16.59815178493906,13.485998325262985
2022-02-08,12.448613838704293,76.76645200534315,8.29907589246953,8.29907589246953,12.448613838704293
2022-02-09,0.0,88.17768135748875,11.411229352145604,9.336460379028221,10.373844865586912
2022-02-10,0.0,69.50476059943232,10.373844865586912,0.0,16.59815178493906
2022-02-11,9.336460379028221,78.84122097846053,0.0,9.336460379028221,8.29907589246953
2022-02-12,0.0,103.73844865586912,0.0,0.0,16.59815178493906
2022-02-13,13.485998325262985,93.3646037902822,11.411229352145604,0.0,20.747689731173825
2022-02-14,8.29907589246953,68.46737611287362,7.261691405910838,9.336460379028221,15.560767298380368
2022-02-15,7.261691405910838,75.72906751878446,9.336460379028221,8.29907589246953,12.448613838704293
2022-02-16,6.224306919352147,88.17768135748875,7.261691405910838,7.261691405910838,12.448613838704293
2022-02-17,7.261691405910838,80.91598995157791,7.261691405910838,12.448613838704293,15.560767298380368
2022-02-18,13.485998325262985,85.06552789781267,8.29907589246953,7.261691405910838,14.523382811821676
2022-02-19,10.373844865586912,102.70106416931043,13.485998325262985,17.63553627149775,7.261691405910838
2022-02-20,7.261691405910838,100.62629519619304,14.523382811821676,7.261691405910838,16.59815178493906
2022-02-21,12.448613838704293,78.84122097846053,11.411229352145604,6.224306919352147,11.411229352145604
2022-02-22,6.238615670890888,81.10200372158154,0.0,11.43746206329996,6.238615670890888
2022-02-23,8.318154227854517,71.7440802152452,8.318154227854517,12.477231341781776,13.517000620263591
2022-02-24,10.397692784818148,71.7440802152452,7.278384949372702,7.278384949372702,10.397692784818148
2022-02-25,8.318154227854517,72.78384949372703,16.636308455709035,6.238615670890888,15.59653917722722
2022-02-26,14.556769898745404,77.9826958861361,9.357923506336332,16.636308455709035,12.477231341781776
2022-02-27,8.318154227854517,80.06223444309973,14.556769898745404,8.318154227854517,14.556769898745404
2022-02-28,11.43746206329996,75.90315732917247,10.397692784818148,11.43746206329996,14.556769898745404
2022-03-01,7.278384949372702,84.221311557027,7.278384949372702,9.357923506336332,10.397692784818148
2022-03-02,13.517000620263591,72.78384949372703,6.238615670890888,9.357923506336332,15.59653917722722
2022-03-03,10.397692784818148,73.82361877220885,7.278384949372702,0.0,18.715847012672665
2022-03-04,0.0,76.94292660765429,9.357923506336332,8.318154227854517,14.556769898745404
2022-03-05,12.477231341781776,95.65877362032695,10.397692784818148,18.715847012672665,14.556769898745404
2022-03-06,12.477231341781776,82.14177300006335,15.59653917722722,8.318154227854517,12.477231341781776
2022-03-07,9.357923506336332,70.70431093676339,12.477231341781776,0.0,10.397692784818148
2022-03-08,11.43746206329996,74.86338805069066,11.43746206329996,8.318154227854517,12.477231341781776
2022-03-09,11.43746206329996,80.06223444309973,9.357923506336332,8.318154227854517,10.397692784818148
2022-03-10,11.43746206329996,70.70431093676339,0.0,13.517000620263591,12.477231341781776
2022-03-11,9.357923506336332,82.14177300006335,10.397692784818148,8.318154227854517,11.43746206329996
2022-03-12,10.397692784818148,103.97692784818146,8.318154227854517,13.517000620263591,11.43746206329996
2022-03-13,9.357923506336332,98.7780814557724,10.397692784818148,9.357923506336332,13.517000620263591
2022-03-14,14.556769898745404,72.78384949372703,7.278384949372702,14.556769898745404,14.556769898745404
2022-03-15,14.556769898745404,84.221311557027,9.357923506336332,12.477231341781776,12.477231341781776
2022-03-16,11.43746206329996,77.9826958861361,11.43746206329996,8.318154227854517,7.278384949372702
2022-03-17,7.278384949372702,73.82361877220885,9.357923506336332,7.278384949372702,10.397692784818148
2022-03-18,9.357923506336332,82.14177300006335,9.357923506336332,9.357923506336332,15.59653917722722
2022-03-19,8.318154227854517,77.9826958861361,10.397692784818148,10.397692784818148,13.517000620263591
2022-03-20,11.43746206329996,86.30085011399062,9.357923506336332,8.318154227854517,16.636308455709035
2022-03-21,16.636308455709035,82.14177300006335,9.357923506336332,0.0,11.43746206329996
2022-03-22,8.318154227854517,72.78384949372703,10.397692784818148,9.357923506336332,11.43746206329996
2022-03-23,11.43746206329996,72.78384949372703,7.278384949372702,9.357923506336332,11.43746206329996
2022-03-24,11.43746206329996,63.42592598739069,8.318154227854517,8.318154227854517,9.357923506336332
2022-03-25,11.43746206329996,66.54523382283614,8.318154227854517,7.278384949372702,9.357923506336332
2022-03-26,11.43746206329996,83.18154227854518,9.357923506336332,6.238615670890888,16.636308455709035
2022-03-27,11.43746206329996,80.06223444309973,12.477231341781776,12.477231341781776,14.556769898745404
2022-03-28,7.278384949372702,68.62477237979977,9.357923506336332,5.198846392409074,7.278384949372702
2022-03-29,6.238615670890888,81.10200372158154,7.278384949372702,5.198846392409074,11.43746206329996
2022-03-30,0.0,80.06223444309973,7.278384949372702,8.318154227854517,11.43746206329996
2022-03-31,8.318154227854517,70.70431093676339,9.357923506336332,8.318154227854517,9.357923506336332
2022-04-01,8.318154227854517,69.66454165828158,13.517000620263591,9.357923506336332,9.357923506336332
2022-04-02,10.397692784818148,92.5394657848815,7.278384949372702,9.357923506336332,14.556769898745404
2022-04-03,6.238615670890888,80.06223444309973,9.357923506336332,9.357923506336332,12.477231341781776
2022-04-04,9.357923506336332,71.7440802152452,8.318154227854517,12.477231341781776,9.357923506336332
2022-04-05,12.477231341781776,62.38615670890888,8.318154227854517,0.0,6.238615670890888
2022-04-06,12.477231341781776,80.06223444309973,6.238615670890888,0.0,13.517000620263591
2022-04-07,11.43746206329996,69.66454165828158,9.357923506336332,9.357923506336332,7.278384949372702
2022-04-08,12.477231341781776,69.66454165828158,6.238615670890888,7.278384949372702,7.278384949372702
2022-04-09,10.397692784818148,90.45992722791787,10.397692784818148,9.357923506336332,14.556769898745404
2022-04-10,11.43746206329996,79.02246516461791,12.477231341781776,14.556769898745404,14.556769898745404
2022-04-11,13.517000620263591,75.90315732917247,9.357923506336332,7.278384949372702,9.357923506336332
2022-04-12,11.43746206329996,70.70431093676339,7.278384949372702,8.318154227854517,13.517000620263591
2022-04-13,9.357923506336332,73.82361877220885,0.0,0.0,7.278384949372702
2022-04-14,11.43746206329996,83.18154227854518,10.397692784818148,8.318154227854517,7.278384949372702
2022-04-15,13.517000620263591,80.06223444309973,9.357923506336332,6.238615670890888,16.636308455709035
2022-04-16,10.397692784818148,83.18154227854518,9.357923506336332,10.397692784818148,9.357923506336332
2022-04-17,10.397692784818148,87.34061939247243,11.43746206329996,15.59653917722722,10.397692784818148
2022-04-18,12.477231341781776,79.02246516461791,11.43746206329996,8.318154227854517,7.278384949372702
2022-04-19,13.517000620263591,72.78384949372703,6.238615670890888,12.477231341781776,8.318154227854517
2022-04-20,8.318154227854517,73.82361877220885,7.278384949372702,7.278384949372702,6.238615670890888
2022-04-21,6.238615670890888,81.10200372158154,6.238615670890888,5.198846392409074,12.477231341781776
2022-04-22,14.556769898745404,73.82361877220885,0.0,9.357923506336332,8.318154227854517
2022-04-23,10.397692784818148,75.90315732917247,0.0,10.397692784818148,14.556769898745404
2022-04-24,14.556769898745404,90.45992722791787,13.517000620263591,8.318154227854517,19.755616291154478
2022-04-25,7.278384949372702,68.62477237979977,9.357923506336332,12.477231341781776,11.43746206329996
2022-04-26,8.318154227854517,68.62477237979977,0.0,8.318154227854517,9.357923506336332
2022-04-27,7.278384949372702,70.70431093676339,0.0,6.238615670890888,13.517000620263591
2022-04-28,0.0,71.7440802152452,11.43746206329996,7.278384949372702,11.43746206329996
2022-04-29,10.397692784818148,66.54523382283614,10.397692784818148,7.278384949372702,10.397692784818148
2022-04-30,11.43746206329996,81.10200372158154,14.556769898745404,10.397692784818148,10.397692784818148
2022-05-01,16.636308455709035,99.81785073425421,15.59653917722722,10.397692784818148,12.477231341781776
2022-05-02,10.397692784818148,65.50546454435433,7.278384949372702,5.198846392409074,10.397692784818148
2022-05-03,12.477231341781776,66.54523382283614,7.278384949372702,7.278384949372702,13.517000620263591
2022-05-04,10.397692784818148,65.50546454435433,7.278384949372702,5.198846392409074,11.43746206329996
2022-05-05,6.238615670890888,73.82361877220885,8.318154227854517,6.238615670890888,7.278384949372702
2022-05-06,10.397692784818148,58.22707959498162,8.318154227854517,6.238615670890888,7.278384949372702
2022-05-07,6.238615670890888,75.90315732917247,10.397692784818148,10.397692784818148,8.318154227854517
2022-05-08,10.397692784818148,82.14177300006335,8.318154227854517,9.357923506336332,8.318154227854517
2022-05-09,11.43746206329996,68.62477237979977,12.477231341781776,12.477231341781776,12.477231341781776
2022-05-10,9.357923506336332,67.58500310131795,7.278384949372702,6.238615670890888,14.556769898745404
2022-05-11,8.318154227854517,67.58500310131795,10.397692784818148,9.357923506336332,12.477231341781776
2022-05-12,12.477231341781776,72.78384949372703,9.357923506336332,0.0,6.238615670890888
2022-05-13,10.397692784818148,73.82361877220885,13.517000620263591,7.278384949372702,9.357923506336332
2022-05-14,0.0,68.62477237979977,17.676077734190848,11.43746206329996,15.59653917722722
2022-05-15,11.882252254650515,101.53924653974076,12.96245700507329,0.0,12.96245700507329
2022-05-16,16.203071256341612,68.05289927663476,7.561433252959419,6.481228502536645,12.96245700507329
2022-05-17,6.481228502536645,65.89248977578922,6.481228502536645,8.641638003382193,12.96245700507329
2022-05-18,11.882252254650515,59.41126127325258,8.641638003382193,8.641638003382193,8.641638003382193
2022-05-19,8.641638003382193,72.37371827832587,7.561433252959419,7.561433252959419,9.721842753804967
2022-05-20,8.641638003382193,72.37371827832587,8.641638003382193,8.641638003382193,6.481228502536645
2022-05-21,0.0,91.8174037859358,8.641638003382193,9.721842753804967,15.122866505918838
2022-05-22,8.641638003382193,87.4965847842447,12.96245700507329,9.721842753804967,0.0
2022-05-23,8.641638003382193,74.53412777917141,0.0,7.561433252959419,0.0
2022-05-24,10.80204750422774,70.21330877748032,7.561433252959419,10.80204750422774,10.80204750422774
2022-05-25,11.882252254650515,69.13310402705754,11.882252254650515,8.641638003382193,11.882252254650515
2022-05-26,11.882252254650515,73.45392302874863,9.721842753804967,7.561433252959419,15.122866505918838
2022-05-27,14.042661755496063,74.53412777917141,12.96245700507329,6.481228502536645,9.721842753804967
2022-05-28,8.641638003382193,70.21330877748032,8.641638003382193,8.641638003382193,19.443685507609935
2022-05-29,8.641638003382193,91.8174037859358,8.641638003382193,9.721842753804967,8.641638003382193
2022-05-30,14.042661755496063,83.17576578255361,0.0,9.721842753804967,11.882252254650515
2022-05-31,8.641638003382193,77.77474203043974,8.641638003382193,10.80204750422774,9.721842753804967
2022-06-01,9.721842753804967,56.17064702198425,9.721842753804967,8.641638003382193,12.96245700507329
2022-06-02,6.481228502536645,65.89248977578922,10.80204750422774,8.641638003382193,6.481228502536645
2022-06-03,0.0,69.13310402705754,0.0,6.481228502536645,8.641638003382193
2022-06-04,17.283276006764385,89.65699428509025,8.641638003382193,15.122866505918838,14.042661755496063
2022-06-05,11.882252254650515,88.57678953466747,12.96245700507329,10.80204750422774,17.283276006764385
2022-06-06,10.80204750422774,86.41638003382192,14.042661755496063,6.481228502536645,6.481228502536645
2022-06-07,9.721842753804967,79.93515153128529,9.721842753804967,7.561433252959419,14.042661755496063
2022-06-08,16.203071256341612,68.05289927663476,7.561433252959419,14.042661755496063,11.882252254650515
2022-06-09,14.042661755496063,79.93515153128529,10.80204750422774,7.561433252959419,10.80204750422774
2022-06-10,10.80204750422774,69.13310402705754,8.641638003382193,11.882252254650515,9.721842753804967
2022-06-11,0.0,88.57678953466747,8.641638003382193,11.882252254650515,14.042661755496063
2022-06-12,14.042661755496063,78.8549467808625,7.561433252959419,8.641638003382193,10.80204750422774
2022-06-13,12.96245700507329,79.93515153128529,9.721842753804967,12.96245700507329,6.481228502536645
2022-06-14,10.80204750422774,84.25597053297638,9.721842753804967,0.0,14.042661755496063
2022-06-15,14.042661755496063,73.45392302874863,12.96245700507329,8.641638003382193,0.0
2022-06-16,11.882252254650515,70.21330877748032,9.721842753804967,12.96245700507329,11.882252254650515
2022-06-17,15.122866505918838,76.69453728001696,0.0,9.721842753804967,10.80204750422774
2022-06-18,0.0,83.17576578255361,9.721842753804967,9.721842753804967,11.882252254650515
2022-06-19,16.203071256341612,82.09556103213083,0.0,12.96245700507329,15.122866505918838
2022-06-20,23.76450450930103,90.73719903551303,10.80204750422774,11.882252254650515,14.042661755496063
2022-06-21,10.80204750422774,89.65699428509025,7.561433252959419,0.0,17.283276006764385
2022-06-22,12.96245700507329,87.4965847842447,11.882252254650515,9.721842753804967,15.122866505918838
2022-06-23,19.443685507609935,81.01535628170805,9.721842753804967,0.0,10.80204750422774
2022-06-24,15.122866505918838,81.01535628170805,12.96245700507329,7.561433252959419,11.882252254650515
2022-06-25,18.36348075718716,88.57678953466747,21.60409500845548,10.80204750422774,12.96245700507329
2022-06-26,8.641638003382193,93.97781328678134,0.0,9.721842753804967,15.122866505918838
2022-06-27,10.80204750422774,74.53412777917141,8.641638003382193,8.641638003382193,9.721842753804967
2022-06-28,12.96245700507329,85.33617528339916,9.721842753804967,11.882252254650515,12.96245700507329
2022-06-29,7.561433252959419,82.09556103213083,8.641638003382193,8.641638003382193,14.042661755496063
2022-06-30,11.882252254650515,101.53924653974076,7.561433252959419,12.96245700507329,14.042661755496063
2022-07-01,9.721842753804967,85.33617528339916,12.96245700507329,0.0,14.042661755496063
2022-07-02,11.882252254650515,78.8549467808625,11.882252254650515,9.721842753804967,15.122866505918838
2022-07-03,10.80204750422774,100.459041789318,16.203071256341612,14.042661755496063,15.122866505918838
2022-07-04,11.882252254650515,92.89760853635858,0.0,8.641638003382193,19.443685507609935
2022-07-05,15.122866505918838,74.53412777917141,9.721842753804967,8.641638003382193,10.80204750422774
2022-07-06,15.122866505918838,83.17576578255361,7.561433252959419,14.042661755496063,6.481228502536645
2022-07-07,9.721842753804967,78.8549467808625,8.641638003382193,7.561433252959419,12.96245700507329
2022-07-08,10.80204750422774,93.97781328678134,10.80204750422774,8.641638003382193,7.561433252959419
2022-07-09,16.203071256341612,90.73719903551303,12.96245700507329,7.561433252959419,12.96245700507329
2022-07-10,15.122866505918838,105.86006554143187,15.122866505918838,9.721842753804967,11.882252254650515
2022-07-11,9.721842753804967,95.05801803720412,9.721842753804967,11.882252254650515,8.641638003382193
2022-07-12,11.882252254650515,88.57678953466747,8.641638003382193,9.721842753804967,10.80204750422774
2022-07-13,9.721842753804967,89.65699428509025,8.641638003382193,12.96245700507329,7.561433252959419
2022-07-14,17.283276006764385,92.89760853635858,9.721842753804967,9.721842753804967,9.721842753804967
2022-07-15,8.641638003382193,76.69453728001696,9.721842753804967,8.641638003382193,10.80204750422774
2022-07-16,11.882252254650515,97.21842753804967,11.882252254650515,12.96245700507329,15.122866505918838
2022-07-17,16.203071256341612,108.02047504227741,12.96245700507329,9.721842753804967,9.721842753804967
2022-07-18,10.80204750422774,85.33617528339916,0.0,12.96245700507329,9.721842753804967
2022-07-19,7.561433252959419,84.25597053297638,17.283276006764385,6.481228502536645,12.96245700507329
2022-07-20,0.0,79.93515153128529,12.96245700507329,7.561433252959419,9.721842753804967
2022-07-21,9.721842753804967,88.57678953466747,14.042661755496063,6.481228502536645,10.80204750422774
2022-07-22,14.042661755496063,85.33617528339916,11.882252254650515,7.561433252959419,14.042661755496063
2022-07-23,11.882252254650515,92.89760853635858,14.042661755496063,12.96245700507329,16.203071256341612
2022-07-24,10.80204750422774,89.65699428509025,11.882252254650515,0.0,11.882252254650515
2022-07-25,11.882252254650515,87.4965847842447,0.0,6.481228502536645,11.882252254650515
2022-07-26,16.203071256341612,82.09556103213083,11.882252254650515,11.882252254650515,19.443685507609935
2022-07-27,10.80204750422774,85.33617528339916,10.80204750422774,7.561433252959419,10.80204750422774
2022-07-28,0.0,79.93515153128529,16.203071256341612,7.561433252959419,11.882252254650515
2022-07-29,10.80204750422774,92.89760853635858,8.641638003382193,10.80204750422774,17.283276006764385
2022-07-30,19.443685507609935,97.21842753804967,0.0,11.882252254650515,11.882252254650515
2022-07-31,11.882252254650515,95.05801803720412,9.721842753804967,18.36348075718716,14.042661755496063
2022-08-01,10.80204750422774,90.73719903551303,14.042661755496063,14.042661755496063,8.641638003382193
2022-08-02,11.882252254650515,87.4965847842447,9.721842753804967,9.721842753804967,6.481228502536645
2022-08-03,6.481228502536645,83.17576578255361,12.96245700507329,12.96245700507329,12.96245700507329
2022-08-04,15.122866505918838,83.17576578255361,10.80204750422774,0.0,16.203071256341612
2022-08-05,12.15836876304735,96.25375270745819,7.092381778444287,0.0,15.197960953809188
2022-08-06,16.2111583507298,95.24055531053757,12.15836876304735,13.171566159967963,11.145171366126737
2022-08-07,13.171566159967963,86.12177873825206,13.171566159967963,14.184763556888575,14.184763556888575
2022-08-08,10.131973969206125,85.10858134133144,14.184763556888575,10.131973969206125,16.2111583507298
2022-08-09,7.092381778444287,93.21416051669635,11.145171366126737,14.184763556888575,12.15836876304735
2022-08-10,11.145171366126737,68.89742299060165,7.092381778444287,9.118776572285512,6.079184381523675
2022-08-11,9.118776572285512,83.08218654749022,14.184763556888575,10.131973969206125,10.131973969206125
2022-08-12,16.2111583507298,83.08218654749022,11.145171366126737,9.118776572285512,14.184763556888575
2022-08-13,10.131973969206125,86.12177873825206,0.0,8.1055791753649,14.184763556888575
2022-08-14,10.131973969206125,89.1613709290139,10.131973969206125,11.145171366126737,11.145171366126737
2022-08-15,12.15836876304735,92.20096311977574,8.1055791753649,8.1055791753649,11.145171366126737
2022-08-16,7.092381778444287,85.10858134133144,9.118776572285512,10.131973969206125,13.171566159967963
2022-08-17,6.079184381523675,84.09538394441084,8.1055791753649,8.1055791753649,11.145171366126737
2022-08-18,0.0,73.96340997520471,10.131973969206125,9.118776572285512,15.197960953809188
2022-08-19,14.184763556888575,78.01619956288717,17.224355747650414,10.131973969206125,8.1055791753649
2022-08-20,22.290342732253475,92.20096311977574,16.2111583507298,0.0,21.27714533533286
2022-08-21,12.15836876304735,101.31973969206125,17.224355747650414,16.2111583507298,12.15836876304735
2022-08-22,10.131973969206125,78.01619956288717,12.15836876304735,8.1055791753649,13.171566159967963
2022-08-23,7.092381778444287,80.04259435672839,12.15836876304735,12.15836876304735,12.15836876304735
2022-08-24,8.1055791753649,73.96340997520471,6.079184381523675,7.092381778444287,10.131973969206125
2022-08-25,14.184763556888575,77.00300216596655,7.092381778444287,0.0,11.145171366126737
2022-08-26,0.0,78.01619956288717,17.224355747650414,8.1055791753649,7.092381778444287
2022-08-27,11.145171366126737,99.29334489822003,0.0,10.131973969206125,11.145171366126737
2022-08-28,9.118776572285512,94.22735791361696,11.145171366126737,9.118776572285512,15.197960953809188
2022-08-29,8.1055791753649,71.93701518136349,11.145171366126737,13.171566159967963,8.1055791753649
2022-08-30,16.2111583507298,86.12177873825206,6.079184381523675,10.131973969206125,13.171566159967963
2022-08-31,13.171566159967963,87.13497613517268,8.1055791753649,8.1055791753649,11.145171366126737
2022-09-01,0.0,69.91062038752226,9.118776572285512,7.092381778444287,14.184763556888575
2022-09-02,9.118776572285512,83.08218654749022,12.15836876304735,8.1055791753649,10.131973969206125
2022-09-03,11.145171366126737,83.08218654749022,15.197960953809188,10.131973969206125,8.1055791753649
2022-09-04,0.0,85.10858134133144,9.118776572285512,13.171566159967963,15.197960953809188
2022-09-05,17.224355747650414,100.30654229514064,15.197960953809188,14.184763556888575,13.171566159967963
2022-09-06,10.131973969206125,63.83143600599859,8.1055791753649,7.092381778444287,0.0
2022-09-07,11.145171366126737,78.01619956288717,7.092381778444287,0.0,0.0
2022-09-08,9.118776572285512,66.87102819676042,12.15836876304735,8.1055791753649,9.118776572285512
2022-09-09,7.092381778444287,72.9502125782841,12.15836876304735,10.131973969206125,10.131973969206125
2022-09-10,8.1055791753649,80.04259435672839,12.15836876304735,9.118776572285512,9.118776572285512
2022-09-11,11.145171366126737,75.98980476904593,9.118776572285512,7.092381778444287,12.15836876304735
2022-09-12,9.118776572285512,70.92381778444287,11.145171366126737,10.131973969206125,6.079184381523675
2022-09-13,7.092381778444287,68.89742299060165,0.0,8.1055791753649,10.131973969206125
2022-09-14,0.0,65.85783079983982,7.092381778444287,13.171566159967963,9.118776572285512
2022-09-15,0.0,78.01619956288717,10.131973969206125,7.092381778444287,0.0
2022-09-16,7.092381778444287,65.85783079983982,7.092381778444287,7.092381778444287,8.1055791753649
2022-09-17,0.0,79.02939695980777,0.0,12.15836876304735,10.131973969206125
2022-09-18,9.118776572285512,89.1613709290139,12.15836876304735,13.171566159967963,10.131973969206125
2022-09-19,8.1055791753649,71.93701518136349,8.1055791753649,7.092381778444287,13.171566159967963
2022-09-20,0.0,74.97660737212533,8.1055791753649,8.1055791753649,10.131973969206125
2022-09-21,9.118776572285512,70.92381778444287,10.131973969206125,8.1055791753649,8.1055791753649
2022-09-22,7.092381778444287,61.80504121215736,8.1055791753649,8.1055791753649,6.079184381523675
2022-09-23,7.092381778444287,68.89742299060165,14.184763556888575,8.1055791753649,7.092381778444287
2022-09-24,11.145171366126737,74.97660737212533,7.092381778444287,13.171566159967963,18.237553144571024
2022-09-25,0.0,81.055791753649,12.15836876304735,13.171566159967963,0.0
2022-09-26,7.092381778444287,69.91062038752226,9.118776572285512,10.131973969206125,11.145171366126737
2022-09-27,7.092381778444287,67.88422559368104,7.092381778444287,0.0,7.092381778444287
2022-09-28,6.079184381523675,65.85783079983982,12.15836876304735,0.0,8.1055791753649
2022-09-29,11.145171366126737,71.93701518136349,0.0,0.0,13.171566159967963
2022-09-30,10.131973969206125,67.88422559368104,8.1055791753649,9.118776572285512,9.118776572285512
2022-10-01,9.118776572285512,74.97660737212533,9.118776572285512,9.118776572285512,11.145171366126737
2022-10-02,9.118776572285512,85.10858134133144,14.184763556888575,10.131973969206125,11.145171366126737
2022-10-03,8.1055791753649,65.85783079983982,11.145171366126737,6.079184381523675,12.15836876304735
2022-10-04,10.131973969206125,82.0689891505696,7.092381778444287,8.1055791753649,9.118776572285512
2022-10-05,8.1055791753649,63.83143600599859,11.145171366126737,0.0,0.0
2022-10-06,0.0,68.89742299060165,15.197960953809188,7.092381778444287,12.15836876304735
2022-10-07,11.145171366126737,60.79184381523675,16.2111583507298,7.092381778444287,9.118776572285512
2022-10-08,10.131973969206125,84.09538394441084,10.131973969206125,12.15836876304735,16.2111583507298
2022-10-09,12.15836876304735,69.91062038752226,9.118776572285512,7.092381778444287,9.118776572285512
2022-10-10,7.092381778444287,67.88422559368104,12.15836876304735,10.131973969206125,10.131973969206125
2022-10-11,9.118776572285512,67.88422559368104,13.171566159967963,7.092381778444287,10.131973969206125
2022-10-12,7.092381778444287,77.00300216596655,12.15836876304735,7.092381778444287,7.092381778444287
2022-10-13,9.118776572285512,63.83143600599859,10.131973969206125,10.131973969206125,7.092381778444287
2022-10-14,7.092381778444287,62.81823860907797,10.131973969206125,7.092381778444287,6.079184381523675
2022-10-15,11.145171366126737,87.13497613517268,0.0,12.15836876304735,12.15836876304735
2022-10-16,11.145171366126737,74.97660737212533,10.131973969206125,0.0,11.145171366126737
2022-10-17,8.1055791753649,66.87102819676042,13.171566159967963,0.0,10.131973969206125
2022-10-18,10.131973969206125,69.91062038752226,11.145171366126737,0.0,8.1055791753649
2022-10-19,10.131973969206125,67.88422559368104,9.118776572285512,0.0,11.145171366126737
2022-10-20,10.131973969206125,70.92381778444287,13.171566159967963,9.118776572285512,8.1055791753649
2022-10-21,8.1055791753649,69.91062038752226,8.1055791753649,10.131973969206125,7.092381778444287
2022-10-22,8.1055791753649,73.96340997520471,13.171566159967963,19.250750541491637,11.145171366126737
2022-10-23,8.1055791753649,72.9502125782841,7.092381778444287,10.131973969206125,12.15836876304735
2022-10-24,9.118776572285512,65.85783079983982,13.171566159967963,10.131973969206125,11.145171366126737
2022-10-25,15.197960953809188,65.85783079983982,11.145171366126737,9.118776572285512,8.1055791753649
2022-10-26,10.468450923821644,67.56909232648515,10.468450923821644,6.66174149697741,9.516773567110585
2022-10-27,11.420128280532701,74.23083382346256,9.516773567110585,13.32348299395482,13.32348299395482
2022-10-28,12.37180563724376,63.76238289964092,12.37180563724376,12.37180563724376,9.516773567110585
2022-10-29,12.37180563724376,78.98922060701786,14.275160350665876,11.420128280532701,11.420128280532701
2022-10-30,10.468450923821644,78.0375432503068,11.420128280532701,19.98522449093223,14.275160350665876
2022-10-31,8.565096210399526,60.90735082950774,10.468450923821644,12.37180563724376,10.468450923821644
2022-11-01,7.613418853688468,62.81070554292986,13.32348299395482,5.710064140266351,10.468450923821644
2022-11-02,5.710064140266351,69.47244703990727,11.420128280532701,9.516773567110585,0.0
2022-11-03,0.0,74.23083382346256,8.565096210399526,0.0,9.516773567110585
2022-11-04,8.565096210399526,78.0375432503068,8.565096210399526,8.565096210399526,15.226837707376935
2022-11-05,7.613418853688468,80.89257532043997,0.0,13.32348299395482,8.565096210399526
2022-11-06,0.0,82.79593003386209,0.0,7.613418853688468,16.178515064087993
2022-11-07,5.710064140266351,67.56909232648515,11.420128280532701,0.0,9.516773567110585
2022-11-08,6.66174149697741,57.100641402663506,14.275160350665876,11.420128280532701,7.613418853688468
2022-11-09,7.613418853688468,55.19728668924139,10.468450923821644,11.420128280532701,13.32348299395482
2022-11-10,8.565096210399526,53.29393197581928,11.420128280532701,0.0,11.420128280532701
2022-11-11,0.0,73.2791564667515,12.37180563724376,7.613418853688468,11.420128280532701
2022-11-12,7.613418853688468,73.2791564667515,12.37180563724376,17.13019242079905,14.275160350665876
2022-11-13,13.32348299395482,79.94089796372891,16.178515064087993,12.37180563724376,17.13019242079905
2022-11-14,7.613418853688468,57.100641402663506,15.226837707376935,9.516773567110585,7.613418853688468
2022-11-15,7.613418853688468,66.61741496977409,15.226837707376935,9.516773567110585,8.565096210399526
2022-11-16,8.565096210399526,69.47244703990727,14.275160350665876,0.0,11.420128280532701
2022-11-17,9.516773567110585,64.71406025635197,9.516773567110585,6.66174149697741,7.613418853688468
2022-11-18,9.516773567110585,71.37580175332938,13.32348299395482,12.37180563724376,11.420128280532701
2022-11-19,11.420128280532701,79.94089796372891,18.08186977751011,15.226837707376935,11.420128280532701
2022-11-20,0.0,86.60263946070631,14.275160350665876,10.468450923821644,0.0
2022-11-21,13.32348299395482,60.90735082950774,12.37180563724376,6.66174149697741,10.468450923821644
2022-11-22,9.516773567110585,68.5207696831962,13.32348299395482,6.66174149697741,18.08186977751011
2022-11-23,14.275160350665876,67.56909232648515,11.420128280532701,13.32348299395482,12.37180563724376
2022-11-24,9.516773567110585,59.003996116085624,10.468450923821644,9.516773567110585,11.420128280532701
2022-11-25,8.565096210399526,62.81070554292986,20.936901847643288,7.613418853688468,18.08186977751011
2022-11-26,8.565096210399526,68.5207696831962,13.32348299395482,11.420128280532701,9.516773567110585
2022-11-27,7.613418853688468,75.18251118017362,13.32348299395482,16.178515064087993,16.178515064087993
2022-11-28,8.565096210399526,66.61741496977409,10.468450923821644,8.565096210399526,13.32348299395482
2022-11-29,7.613418853688468,62.81070554292986,7.613418853688468,8.565096210399526,8.565096210399526
2022-11-30,5.710064140266351,71.37580175332938,11.420128280532701,8.565096210399526,6.66174149697741
2022-12-01,8.565096210399526,64.71406025635197,10.468450923821644,6.66174149697741,6.66174149697741
2022-12-02,8.565096210399526,65.66573761306303,8.565096210399526,9.516773567110585,11.420128280532701
2022-12-03,9.516773567110585,72.32747911004044,15.226837707376935,11.420128280532701,17.13019242079905
2022-12-04,12.37180563724376,71.37580175332938,12.37180563724376,14.275160350665876,8.565096210399526
2022-12-05,10.468450923821644,59.003996116085624,13.32348299395482,8.565096210399526,8.565096210399526
2022-12-06,12.37180563724376,63.76238289964092,10.468450923821644,0.0,8.565096210399526
2022-12-07,0.0,59.95567347279668,14.275160350665876,11.420128280532701,12.37180563724376
2022-12-08,6.66174149697741,62.81070554292986,13.32348299395482,7.613418853688468,6.66174149697741
2022-12-09,0.0,58.052318759374565,10.468450923821644,9.516773567110585,9.516773567110585
2022-12-10,8.565096210399526,87.55431681741737,15.226837707376935,14.275160350665876,8.565096210399526
2022-12-11,0.0,76.13418853688468,16.178515064087993,19.03354713422117,13.32348299395482
2022-12-12,10.468450923821644,67.56909232648515,19.03354713422117,9.516773567110585,13.32348299395482
2022-12-13,10.468450923821644,61.8590281862188,14.275160350665876,6.66174149697741,8.565096210399526
2022-12-14,8.565096210399526,65.66573761306303,9.516773567110585,8.565096210399526,7.613418853688468
2022-12-15,9.516773567110585,57.100641402663506,11.420128280532701,0.0,5.710064140266351
2022-12-16,6.66174149697741,59.003996116085624,13.32348299395482,10.468450923821644,14.275160350665876
2022-12-17,12.37180563724376,84.69928474728421,16.178515064087993,19.03354713422117,12.37180563724376
2022-12-18,8.565096210399526,67.56909232648515,23.79193391777646,16.178515064087993,9.516773567110585
2022-12-19,8.565096210399526,66.61741496977409,13.32348299395482,10.468450923821644,6.66174149697741
2022-12-20,10.468450923821644,76.13418853688468,19.98522449093223,11.420128280532701,10.468450923821644
2022-12-21,11.420128280532701,75.18251118017362,17.13019242079905,12.37180563724376,7.613418853688468
2022-12-22,7.613418853688468,69.47244703990727,18.08186977751011,12.37180563724376,12.37180563724376
2022-12-23,12.37180563724376,64.71406025635197,10.468450923821644,14.275160350665876,0.0
2022-12-24,11.420128280532701,58.052318759374565,9.516773567110585,8.565096210399526,0.0
2022-12-25,8.565096210399526,50.4388999056861,13.32348299395482,9.516773567110585,0.0
2022-12-26,12.37180563724376,74.23083382346256,12.37180563724376,12.37180563724376,0.0
2022-12-27,7.613418853688468,78.98922060701786,19.98522449093223,9.516773567110585,10.468450923821644
2022-12-28,7.613418853688468,92.31270360097267,8.565096210399526,9.516773567110585,9.516773567110585
2022-12-29,8.565096210399526,88.50599417412843,12.37180563724376,7.613418853688468,11.420128280532701
2022-12-30,0.0,77.08586589359574,11.420128280532701,10.468450923821644,19.03354713422117
2022-12-31,10.468450923821644,71.37580175332938,12.37180563724376,9.516773567110585,9.516773567110585
2023-01-01,11.420128280532701,74.23083382346256,10.468450923821644,8.565096210399526,15.226837707376935
2023-01-02,11.420128280532701,85.65096210399525,10.468450923821644,0.0,11.420128280532701
2023-01-03,6.66174149697741,74.23083382346256,8.565096210399526,7.613418853688468,9.516773567110585
2023-01-04,9.516773567110585,72.32747911004044,12.37180563724376,9.516773567110585,7.613418853688468
2023-01-05,8.565096210399526,74.23083382346256,14.275160350665876,8.565096210399526,13.32348299395482
2023-01-06,12.37180563724376,68.5207696831962,12.37180563724376,14.275160350665876,11.420128280532701
2023-01-07,12.37180563724376,91.36102624426161,14.275160350665876,14.275160350665876,17.13019242079905
2023-01-08,7.613418853688468,95.16773567110585,12.37180563724376,0.0,12.37180563724376
2023-01-09,12.37180563724376,78.98922060701786,9.516773567110585,7.613418853688468,12.37180563724376
2023-01-10,11.420128280532701,75.18251118017362,10.468450923821644,9.516773567110585,12.37180563724376
2023-01-11,9.516773567110585,74.23083382346256,11.420128280532701,0.0,11.420128280532701
2023-01-12,11.420128280532701,77.08586589359574,12.37180563724376,8.565096210399526,10.468450923821644
2023-01-13,11.420128280532701,78.98922060701786,5.710064140266351,6.66174149697741,13.32348299395482
2023-01-14,15.226837707376935,89.45767153083949,17.13019242079905,8.565096210399526,14.275160350665876
2023-01-15,7.613418853688468,85.65096210399525,12.37180563724376,10.468450923821644,16.178515064087993
2023-01-16,9.284852194466714,82.53201950637079,13.411453169785254,10.316502438296348,14.443103413614889
2023-01-17,8.253201950637079,69.12056633658554,8.253201950637079,7.221551706807444,10.316502438296348
2023-01-18,10.316502438296348,76.34211804339299,9.284852194466714,9.284852194466714,9.284852194466714
2023-01-19,8.253201950637079,76.34211804339299,14.443103413614889,10.316502438296348,14.443103413614889
2023-01-20,10.316502438296348,76.34211804339299,9.284852194466714,11.348152682125983,0.0
2023-01-21,10.316502438296348,87.69027072551897,13.411453169785254,9.284852194466714,18.569704388933427
2023-01-22,10.316502438296348,86.65862048168933,14.443103413614889,11.348152682125983,18.569704388933427
2023-01-23,9.284852194466714,70.15221658041517,12.37980292595562,10.316502438296348,6.18990146297781
2023-01-24,12.37980292595562,80.46871901871152,9.284852194466714,8.253201950637079,10.316502438296348
2023-01-25,7.221551706807444,79.43706877488188,11.348152682125983,11.348152682125983,6.18990146297781
2023-01-26,11.348152682125983,69.12056633658554,14.443103413614889,0.0,10.316502438296348
2023-01-27,0.0,76.34211804339299,12.37980292595562,11.348152682125983,12.37980292595562
2023-01-28,12.37980292595562,92.84852194466714,14.443103413614889,12.37980292595562,14.443103413614889
2023-01-29,13.411453169785254,96.97512291998568,14.443103413614889,11.348152682125983,12.37980292595562
2023-01-30,7.221551706807444,74.27881755573371,16.506403901274158,13.411453169785254,12.37980292595562
2023-01-31,10.316502438296348,70.15221658041517,8.253201950637079,9.284852194466714,10.316502438296348
2023-02-01,7.221551706807444,82.53201950637079,10.316502438296348,8.253201950637079,7.221551706807444
2023-02-02,8.253201950637079,76.34211804339299,9.284852194466714,10.316502438296348,11.348152682125983
2023-02-03,9.284852194466714,77.37376828722262,10.316502438296348,10.316502438296348,13.411453169785254
2023-02-04,14.443103413614889,89.75357121317823,12.37980292595562,11.348152682125983,7.221551706807444
2023-02-05,12.37980292595562,98.00677316381531,13.411453169785254,9.284852194466714,11.348152682125983
2023-02-06,8.253201950637079,70.15221658041517,10.316502438296348,12.37980292595562,8.253201950637079
2023-02-07,7.221551706807444,69.12056633658554,9.284852194466714,8.253201950637079,6.18990146297781
2023-02-08,15.474753657444523,70.15221658041517,9.284852194466714,9.284852194466714,10.316502438296348
2023-02-09,9.284852194466714,75.31046779956334,9.284852194466714,9.284852194466714,16.506403901274158
2023-02-10,10.316502438296348,73.24716731190408,7.221551706807444,7.221551706807444,10.316502438296348
2023-02-11,22.696305364251966,85.6269702378597,13.411453169785254,8.253201950637079,11.348152682125983
2023-02-12,10.316502438296348,76.34211804339299,10.316502438296348,7.221551706807444,10.316502438296348
2023-02-13,6.18990146297781,66.02561560509663,13.411453169785254,7.221551706807444,12.37980292595562
2023-02-14,10.316502438296348,60.867364385948456,10.316502438296348,6.18990146297781,9.284852194466714
2023-02-15,11.348152682125983,76.34211804339299,8.253201950637079,9.284852194466714,12.37980292595562
2023-02-16,10.316502438296348,72.21551706807445,11.348152682125983,6.18990146297781,13.411453169785254
2023-02-17,8.253201950637079,62.930664873607725,9.284852194466714,11.348152682125983,12.37980292595562
2023-02-18,15.474753657444523,94.9118224323264,15.474753657444523,7.221551706807444,17.538054145103793
2023-02-19,0.0,90.78522145700786,11.348152682125983,9.284852194466714,11.348152682125983
2023-02-20,8.253201950637079,85.6269702378597,9.284852194466714,7.221551706807444,10.316502438296348
2023-02-21,6.18990146297781,75.31046779956334,13.411453169785254,10.316502438296348,8.253201950637079
2023-02-22,0.0,64.993965361267,0.0,8.253201950637079,0.0
2023-02-23,15.474753657444523,70.15221658041517,0.0,6.18990146297781,22.696305364251966
2023-02-24,8.253201950637079,78.40541853105225,11.348152682125983,6.18990146297781,11.348152682125983
2023-02-25,15.474753657444523,73.24716731190408,13.411453169785254,0.0,12.37980292595562
2023-02-26,9.284852194466714,85.6269702378597,10.316502438296348,7.221551706807444,16.506403901274158
2023-02-27,10.316502438296348,75.31046779956334,11.348152682125983,6.18990146297781,12.37980292595562
2023-02-28,9.284852194466714,75.31046779956334,8.253201950637079,0.0,13.411453169785254
2023-03-01,9.284852194466714,69.12056633658554,6.18990146297781,10.316502438296348,14.443103413614889
2023-03-02,13.411453169785254,70.15221658041517,16.506403901274158,9.284852194466714,11.348152682125983
2023-03-03,13.411453169785254,76.34211804339299,6.18990146297781,9.284852194466714,7.221551706807444
2023-03-04,12.37980292595562,84.59531999403006,10.316502438296348,0.0,14.443103413614889
2023-03-05,10.316502438296348,93.88017218849677,16.506403901274158,11.348152682125983,16.506403901274158
2023-03-06,14.443103413614889,76.34211804339299,12.37980292595562,7.221551706807444,10.316502438296348
2023-03-07,11.348152682125983,73.24716731190408,9.284852194466714,10.316502438296348,10.316502438296348
2023-03-08,6.18990146297781,68.08891609275591,12.37980292595562,7.221551706807444,12.37980292595562
2023-03-09,9.284852194466714,82.53201950637079,15.474753657444523,8.253201950637079,7.221551706807444
2023-03-10,12.37980292595562,81.50036926254116,15.474753657444523,0.0,14.443103413614889
2023-03-11,10.316502438296348,87.69027072551897,15.474753657444523,8.253201950637079,12.37980292595562
2023-03-12,13.411453169785254,82.53201950637079,13.411453169785254,10.316502438296348,11.348152682125983
2023-03-13,10.316502438296348,72.21551706807445,8.253201950637079,0.0,6.18990146297781
2023-03-14,12.37980292595562,75.31046779956334,7.221551706807444,12.37980292595562,7.221551706807444
2023-03-15,10.316502438296348,74.27881755573371,13.411453169785254,11.348152682125983,15.474753657444523
2023-03-16,9.284852194466714,66.02561560509663,15.474753657444523,7.221551706807444,9.284852194466714
2023-03-17,7.221551706807444,68.08891609275591,9.284852194466714,9.284852194466714,7.221551706807444
2023-03-18,12.37980292595562,75.31046779956334,13.411453169785254,11.348152682125983,12.37980292595562
2023-03-19,14.443103413614889,103.1650243829635,10.316502438296348,10.316502438296348,15.474753657444523
2023-03-20,9.284852194466714,73.24716731190408,18.569704388933427,0.0,10.316502438296348
2023-03-21,8.253201950637079,74.27881755573371,16.506403901274158,10.316502438296348,9.284852194466714
2023-03-22,10.316502438296348,69.12056633658554,13.411453169785254,7.221551706807444,10.316502438296348
2023-03-23,8.253201950637079,68.08891609275591,17.538054145103793,7.221551706807444,9.284852194466714
2023-03-24,6.18990146297781,79.43706877488188,0.0,11.348152682125983,6.18990146297781
2023-03-25,10.316502438296348,84.59531999403006,13.411453169785254,9.284852194466714,15.474753657444523
2023-03-26,11.348152682125983,87.69027072551897,16.506403901274158,11.348152682125983,16.506403901274158
2023-03-27,14.443103413614889,72.21551706807445,16.506403901274158,9.284852194466714,10.316502438296348
2023-03-28,9.284852194466714,69.12056633658554,10.316502438296348,9.284852194466714,10.316502438296348
2023-03-29,9.284852194466714,74.27881755573371,9.284852194466714,11.348152682125983,13.411453169785254
2023-03-30,13.411453169785254,68.08891609275591,7.221551706807444,8.253201950637079,8.253201950637079
2023-03-31,10.316502438296348,68.08891609275591,11.348152682125983,14.443103413614889,11.348152682125983
2023-04-01,12.37980292595562,83.56366975020043,11.348152682125983,7.221551706807444,8.253201950637079
2023-04-02,11.348152682125983,75.31046779956334,15.474753657444523,15.474753657444523,12.37980292595562
2023-04-03,10.316502438296348,69.12056633658554,7.221551706807444,10.316502438296348,7.221551706807444
2023-04-04,9.284852194466714,59.835714142118825,0.0,10.316502438296348,6.18990146297781
2023-04-05,10.316502438296348,63.96231511743736,10.316502438296348,8.253201950637079,7.221551706807444
2023-04-06,0.0,75.31046779956334,7.221551706807444,9.284852194466714,9.284852194466714
2023-04-07,13.411453169785254,81.50036926254116,10.316502438296348,12.37980292595562,12.37980292595562
2023-04-08,11.691091362080341,77.58633358471499,11.691091362080341,11.691091362080341,13.816744337004039
2023-04-09,13.816744337004039,82.90046602202423,11.691091362080341,9.565438387156643,24.44500921162253
2023-04-10,9.565438387156643,76.52350709725314,0.0,8.502611899694793,12.75391784954219
2023-04-11,0.0,75.4606806097913,9.565438387156643,7.439785412232944,11.691091362080341
2023-04-12,10.628264874618491,76.52350709725314,10.628264874618491,0.0,8.502611899694793
2023-04-13,8.502611899694793,69.0837216850202,6.376958924771095,10.628264874618491,11.691091362080341
2023-04-14,8.502611899694793,74.39785412232943,11.691091362080341,8.502611899694793,11.691091362080341
2023-04-15,14.879570824465889,90.34025143425718,14.879570824465889,13.816744337004039,0.0
2023-04-16,7.439785412232944,88.21459845933347,0.0,0.0,17.005223799389587
2023-04-17,11.691091362080341,89.27742494679534,9.565438387156643,6.376958924771095,6.376958924771095
2023-04-18,7.439785412232944,68.02089519755835,10.628264874618491,10.628264874618491,9.565438387156643
2023-04-19,10.628264874618491,79.71198655963869,10.628264874618491,0.0,8.502611899694793
2023-04-20,9.565438387156643,72.27220114740574,8.502611899694793,7.439785412232944,7.439785412232944
2023-04-21,6.376958924771095,81.83763953456238,10.628264874618491,0.0,13.816744337004039
2023-04-22,10.628264874618491,83.96329250948608,0.0,8.502611899694793,7.439785412232944
2023-04-23,10.628264874618491,93.52873089664273,8.502611899694793,24.44500921162253,10.628264874618491
2023-04-24,8.502611899694793,73.33502763486759,9.565438387156643,10.628264874618491,9.565438387156643
2023-04-25,8.502611899694793,70.14654817248204,10.628264874618491,0.0,12.75391784954219
2023-04-26,12.75391784954219,60.5811097853254,11.691091362080341,6.376958924771095,6.376958924771095
2023-04-27,9.565438387156643,74.39785412232943,12.75391784954219,6.376958924771095,7.439785412232944
2023-04-28,9.565438387156643,75.4606806097913,8.502611899694793,6.376958924771095,9.565438387156643
2023-04-29,10.628264874618491,78.64916007217684,9.565438387156643,7.439785412232944,14.879570824465889
2023-04-30,7.439785412232944,75.4606806097913,8.502611899694793,8.502611899694793,18.068050286851435
2023-05-01,9.565438387156643,66.9580687100965,0.0,7.439785412232944,9.565438387156643
2023-05-02,6.376958924771095,76.52350709725314,8.502611899694793,10.628264874618491,10.628264874618491
2023-05-03,9.565438387156643,70.14654817248204,7.439785412232944,7.439785412232944,11.691091362080341
2023-05-04,0.0,62.7067627602491,9.565438387156643,6.376958924771095,9.565438387156643
2023-05-05,7.439785412232944,64.8324157351728,6.376958924771095,7.439785412232944,9.565438387156643
2023-05-06,7.439785412232944,75.4606806097913,13.816744337004039,8.502611899694793,12.75391784954219
2023-05-07,9.565438387156643,77.58633358471499,9.565438387156643,9.565438387156643,13.816744337004039
2023-05-08,11.691091362080341,80.77481304710054,9.565438387156643,6.376958924771095,10.628264874618491
2023-05-09,11.691091362080341,65.89524222263465,10.628264874618491,6.376958924771095,12.75391784954219
2023-05-10,9.565438387156643,66.9580687100965,8.502611899694793,6.376958924771095,9.565438387156643
2023-05-11,10.628264874618491,68.02089519755835,8.502611899694793,0.0,13.816744337004039
2023-05-12,13.816744337004039,63.76958924771095,11.691091362080341,10.628264874618491,10.628264874618491
2023-05-13,8.502611899694793,90.34025143425718,0.0,12.75391784954219,10.628264874618491
2023-05-14,10.628264874618491,86.08894548440978,0.0,10.628264874618491,14.879570824465889
2023-05-15,0.0,69.0837216850202,8.502611899694793,8.502611899694793,10.628264874618491
2023-05-16,9.565438387156643,75.4606806097913,11.691091362080341,11.691091362080341,6.376958924771095
2023-05-17,9.565438387156643,74.39785412232943,9.565438387156643,0.0,11.691091362080341
2023-05-18,9.565438387156643,68.02089519755835,6.376958924771095,7.439785412232944,9.565438387156643
2023-05-19,9.565438387156643,74.39785412232943,0.0,11.691091362080341,9.565438387156643
2023-05-20,8.502611899694793,87.15177197187163,11.691091362080341,10.628264874618491,11.691091362080341
2023-05-21,11.691091362080341,73.33502763486759,10.628264874618491,11.691091362080341,15.942397311927737
2023-05-22,13.816744337004039,74.39785412232943,9.565438387156643,7.439785412232944,9.565438387156643
2023-05-23,10.628264874618491,72.27220114740574,7.439785412232944,7.439785412232944,11.691091362080341
2023-05-24,8.502611899694793,78.64916007217684,8.502611899694793,9.565438387156643,14.879570824465889
2023-05-25,10.628264874618491,69.0837216850202,10.628264874618491,6.376958924771095,10.628264874618491
2023-05-26,7.439785412232944,80.77481304710054,17.005223799389587,9.565438387156643,12.75391784954219
2023-05-27,9.565438387156643,93.52873089664273,17.005223799389587,12.75391784954219,13.816744337004039
2023-05-28,10.628264874618491,99.90568982141382,13.816744337004039,9.565438387156643,0.0
2023-05-29,9.565438387156643,93.52873089664273,9.565438387156643,12.75391784954219,15.942397311927737
2023-05-30,10.628264874618491,72.27220114740574,0.0,9.565438387156643,10.628264874618491
2023-05-31,8.502611899694793,74.39785412232943,17.005223799389587,7.439785412232944,12.75391784954219
2023-06-01,8.502611899694793,69.0837216850202,8.502611899694793,10.628264874618491,11.691091362080341
2023-06-02,11.691091362080341,74.39785412232943,14.879570824465889,10.628264874618491,8.502611899694793
2023-06-03,13.816744337004039,94.59155738410458,11.691091362080341,11.691091362080341,14.879570824465889
2023-06-04,9.565438387156643,86.08894548440978,13.816744337004039,10.628264874618491,0.0
2023-06-05,6.376958924771095,80.77481304710054,10.628264874618491,11.691091362080341,10.628264874618491
2023-06-06,9.565438387156643,75.4606806097913,6.376958924771095,12.75391784954219,11.691091362080341
2023-06-07,9.565438387156643,62.7067627602491,7.439785412232944,14.879570824465889,13.816744337004039
2023-06-08,9.565438387156643,79.71198655963869,0.0,7.439785412232944,7.439785412232944
2023-06-09,8.502611899694793,78.64916007217684,12.75391784954219,0.0,9.565438387156643
2023-06-10,9.565438387156643,76.52350709725314,0.0,12.75391784954219,0.0
2023-06-11,10.628264874618491,92.46590440918088,13.816744337004039,13.816744337004039,14.879570824465889
2023-06-12,12.75391784954219,72.27220114740574,11.691091362080341,10.628264874618491,9.565438387156643
2023-06-13,9.565438387156643,75.4606806097913,10.628264874618491,7.439785412232944,17.005223799389587
2023-06-14,7.439785412232944,77.58633358471499,6.376958924771095,7.439785412232944,7.439785412232944
2023-06-15,12.75391784954219,77.58633358471499,0.0,18.068050286851435,12.75391784954219
2023-06-16,11.691091362080341,92.46590440918088,6.376958924771095,10.628264874618491,11.691091362080341
2023-06-17,9.565438387156643,93.52873089664273,0.0,10.628264874618491,8.502611899694793
2023-06-18,0.0,79.71198655963869,9.565438387156643,10.628264874618491,13.816744337004039
2023-06-19,10.628264874618491,82.90046602202423,6.376958924771095,9.565438387156643,18.068050286851435
2023-06-20,13.816744337004039,71.20937465994389,11.691091362080341,14.879570824465889,8.502611899694793
2023-06-21,6.376958924771095,86.08894548440978,13.816744337004039,7.439785412232944,13.816744337004039
2023-06-22,12.75391784954219,83.96329250948608,10.628264874618491,7.439785412232944,7.439785412232944
2023-06-23,9.565438387156643,82.90046602202423,0.0,10.628264874618491,9.565438387156643
2023-06-24,14.879570824465889,106.28264874618492,10.628264874618491,12.75391784954219,9.565438387156643
2023-06-25,10.628264874618491,83.96329250948608,17.005223799389587,9.565438387156643,17.005223799389587
2023-06-26,8.502611899694793,91.40307792171903,9.565438387156643,8.502611899694793,13.816744337004039
2023-06-27,11.691091362080341,79.71198655963869,12.75391784954219,10.628264874618491,10.628264874618491
2023-06-28,8.502611899694793,78.64916007217684,12.75391784954219,8.502611899694793,7.439785412232944
2023-06-29,13.784196058236066,76.3432397071536,13.784196058236066,7.422259415973266,10.603227737104666
2023-06-30,9.5429049633942,81.64485357570592,9.5429049633942,8.482582189683733,14.844518831946532
2023-07-01,11.663550510815131,90.12743576538966,15.904841605656998,13.784196058236066,10.603227737104666
2023-07-02,12.723873284525599,102.85130904991526,13.784196058236066,14.844518831946532,20.146132700498864
2023-07-03,8.482582189683733,77.40356248086405,8.482582189683733,0.0,8.482582189683733
2023-07-04,9.5429049633942,78.46388525457452,9.5429049633942,9.5429049633942,9.5429049633942
2023-07-05,8.482582189683733,75.28291693344313,0.0,10.603227737104666,7.422259415973266
2023-07-06,11.663550510815131,85.8861446705478,10.603227737104666,11.663550510815131,0.0
2023-07-07,8.482582189683733,74.22259415973267,12.723873284525599,9.5429049633942,10.603227737104666
2023-07-08,8.482582189683733,82.70517634941639,11.663550510815131,11.663550510815131,12.723873284525599
2023-07-09,12.723873284525599,92.2480813128106,15.904841605656998,8.482582189683733,8.482582189683733
2023-07-10,10.603227737104666,82.70517634941639,10.603227737104666,7.422259415973266,15.904841605656998
2023-07-11,10.603227737104666,80.58453080199546,10.603227737104666,7.422259415973266,8.482582189683733
2023-07-12,9.5429049633942,79.52420802828499,7.422259415973266,13.784196058236066,16.965164379367465
2023-07-13,10.603227737104666,71.04162583860126,13.784196058236066,15.904841605656998,13.784196058236066
2023-07-14,11.663550510815131,84.82582189683733,13.784196058236066,8.482582189683733,12.723873284525599
2023-07-15,9.5429049633942,90.12743576538966,14.844518831946532,10.603227737104666,0.0
2023-07-16,19.0858099267884,95.42904963394199,10.603227737104666,0.0,15.904841605656998
2023-07-17,8.482582189683733,85.8861446705478,11.663550510815131,7.422259415973266,15.904841605656998
2023-07-18,13.784196058236066,80.58453080199546,10.603227737104666,7.422259415973266,10.603227737104666
2023-07-19,11.663550510815131,73.1622713860222,0.0,0.0,8.482582189683733
2023-07-20,10.603227737104666,86.94646744425826,11.663550510815131,10.603227737104666,13.784196058236066
2023-07-21,0.0,77.40356248086405,7.422259415973266,11.663550510815131,8.482582189683733
2023-07-22,13.784196058236066,103.91163182362573,11.663550510815131,12.723873284525599,13.784196058236066
2023-07-23,8.482582189683733,91.18775853910013,13.784196058236066,8.482582189683733,10.603227737104666
2023-07-24,9.5429049633942,71.04162583860126,10.603227737104666,0.0,7.422259415973266
2023-07-25,8.482582189683733,68.92098029118033,0.0,9.5429049633942,8.482582189683733
2023-07-26,8.482582189683733,76.3432397071536,15.904841605656998,9.5429049633942,11.663550510815131
2023-07-27,8.482582189683733,83.76549912312686,10.603227737104666,0.0,11.663550510815131
2023-07-28,8.482582189683733,77.40356248086405,10.603227737104666,13.784196058236066,10.603227737104666
2023-07-29,12.723873284525599,96.48937240765245,7.422259415973266,14.844518831946532,11.663550510815131
2023-07-30,11.663550510815131,86.94646744425826,13.784196058236066,0.0,10.603227737104666
2023-07-31,7.422259415973266,69.9813030648908,10.603227737104666,11.663550510815131,9.5429049633942
2023-08-01,10.603227737104666,73.1622713860222,0.0,10.603227737104666,9.5429049633942
2023-08-02,8.482582189683733,73.1622713860222,7.422259415973266,0.0,19.0858099267884
2023-08-03,9.5429049633942,77.40356248086405,9.5429049633942,0.0,10.603227737104666
2023-08-04,9.5429049633942,78.46388525457452,9.5429049633942,7.422259415973266,9.5429049633942
2023-08-05,8.482582189683733,83.76549912312686,0.0,0.0,13.784196058236066
2023-08-06,0.0,85.8861446705478,18.025487153077933,11.663550510815131,12.723873284525599
2023-08-07,11.663550510815131,79.52420802828499,10.603227737104666,8.482582189683733,13.784196058236066
2023-08-08,8.482582189683733,77.40356248086405,7.422259415973266,8.482582189683733,7.422259415973266
2023-08-09,10.603227737104666,83.76549912312686,8.482582189683733,7.422259415973266,14.844518831946532
2023-08-10,9.5429049633942,80.58453080199546,11.663550510815131,0.0,9.5429049633942
2023-08-11,11.663550510815131,68.92098029118033,15.904841605656998,0.0,11.663550510815131
2023-08-12,15.904841605656998,83.76549912312686,12.723873284525599,13.784196058236066,9.5429049633942
2023-08-13,11.663550510815131,93.30840408652105,14.844518831946532,8.482582189683733,14.844518831946532
2023-08-14,12.723873284525599,72.10194861231173,9.5429049633942,8.482582189683733,16.965164379367465
2023-08-15,7.422259415973266,63.61936642262799,9.5429049633942,10.603227737104666,8.482582189683733
2023-08-16,10.603227737104666,77.40356248086405,10.603227737104666,8.482582189683733,7.422259415973266
2023-08-17,7.422259415973266,74.22259415973267,14.844518831946532,11.663550510815131,14.844518831946532
2023-08-18,0.0,71.04162583860126,7.422259415973266,0.0,9.5429049633942
2023-08-19,7.422259415973266,86.94646744425826,12.723873284525599,7.422259415973266,13.784196058236066
2023-08-20,13.784196058236066,80.58453080199546,16.965164379367465,12.723873284525599,10.603227737104666
2023-08-21,13.784196058236066,67.86065751746986,12.723873284525599,11.663550510815131,13.784196058236066
2023-08-22,0.0,72.10194861231173,0.0,8.482582189683733,8.482582189683733
2023-08-23,8.482582189683733,61.49872087520706,9.5429049633942,0.0,8.482582189683733
2023-08-24,0.0,86.94646744425826,8.482582189683733,0.0,0.0
2023-08-25,7.422259415973266,58.31775255407566,9.5429049633942,10.603227737104666,7.422259415973266
2023-08-26,0.0,83.76549912312686,11.663550510815131,11.663550510815131,13.784196058236066
2023-08-27,12.723873284525599,88.00679021796873,10.603227737104666,10.603227737104666,12.723873284525599
2023-08-28,6.361936642262799,67.86065751746986,7.422259415973266,0.0,11.663550510815131
2023-08-29,9.5429049633942,66.8003347437594,7.422259415973266,11.663550510815131,8.482582189683733
2023-08-30,10.603227737104666,64.67968919633846,10.603227737104666,7.422259415973266,8.482582189683733
2023-08-31,6.361936642262799,63.61936642262799,8.482582189683733,7.422259415973266,9.5429049633942
2023-09-01,8.482582189683733,72.10194861231173,10.603227737104666,8.482582189683733,10.603227737104666
2023-09-02,0.0,90.12743576538966,15.904841605656998,9.5429049633942,14.844518831946532
2023-09-03,14.844518831946532,80.58453080199546,8.482582189683733,9.5429049633942,12.723873284525599
2023-09-04,18.025487153077933,76.3432397071536,8.482582189683733,12.723873284525599,11.663550510815131
2023-09-05,0.0,61.49872087520706,13.784196058236066,0.0,6.361936642262799
2023-09-06,7.422259415973266,71.04162583860126,9.5429049633942,0.0,9.5429049633942
2023-09-07,0.0,65.74001197004893,12.723873284525599,0.0,7.422259415973266
2023-09-08,0.0,69.9813030648908,8.482582189683733,9.5429049633942,6.361936642262799
2023-09-09,9.5429049633942,80.58453080199546,14.844518831946532,7.422259415973266,0.0
2023-09-10,10.603227737104666,81.64485357570592,13.784196058236066,10.603227737104666,13.784196058236066
2023-09-11,11.663550510815131,72.10194861231173,7.422259415973266,9.5429049633942,10.603227737104666
2023-09-12,7.422259415973266,66.8003347437594,8.482582189683733,7.422259415973266,14.844518831946532
2023-09-13,9.5429049633942,71.04162583860126,11.663550510815131,7.422259415973266,8.482582189683733
2023-09-14,9.5429049633942,59.37807532778613,0.0,8.482582189683733,9.5429049633942
2023-09-15,7.422259415973266,74.22259415973267,8.482582189683733,0.0,8.482582189683733
2023-09-16,7.422259415973266,80.58453080199546,9.5429049633942,0.0,10.603227737104666
2023-09-17,15.904841605656998,73.1622713860222,10.603227737104666,10.603227737104666,10.603227737104666
2023-09-18,6.361936642262799,69.9813030648908,10.603227737104666,7.422259415973266,7.422259415973266
2023-09-19,7.748883881926566,67.5259881139315,9.962850705334155,7.748883881926566,7.748883881926566
2023-09-20,12.176817528741747,64.20503787882012,13.283800940445541,13.283800940445541,0.0
2023-09-21,8.85586729363036,65.31202129052392,7.748883881926566,9.962850705334155,12.176817528741747
2023-09-22,7.748883881926566,60.88408764370873,9.962850705334155,8.85586729363036,7.748883881926566
2023-09-23,11.069834117037951,85.23772270119223,15.497767763853131,9.962850705334155,9.962850705334155
2023-09-24,0.0,81.91677246608084,8.85586729363036,11.069834117037951,12.176817528741747
2023-09-25,6.641900470222771,66.41900470222771,9.962850705334155,8.85586729363036,11.069834117037951
2023-09-26,0.0,71.95392176074668,0.0,12.176817528741747,13.283800940445541
2023-09-27,0.0,58.67012082030114,0.0,8.85586729363036,0.0
2023-09-28,15.497767763853131,69.73995493733909,9.962850705334155,0.0,11.069834117037951
2023-09-29,7.748883881926566,70.84693834904289,0.0,13.283800940445541,9.962850705334155
2023-09-30,8.85586729363036,83.02375587778464,9.962850705334155,15.497767763853131,14.390784352149335
2023-10-01,0.0,79.70280564267324,14.390784352149335,8.85586729363036,13.283800940445541
2023-10-02,7.748883881926566,70.84693834904289,0.0,9.962850705334155,0.0
2023-10-03,0.0,64.20503787882012,8.85586729363036,8.85586729363036,0.0
2023-10-04,7.748883881926566,69.73995493733909,6.641900470222771,0.0,8.85586729363036
2023-10-05,0.0,65.31202129052392,7.748883881926566,9.962850705334155,11.069834117037951
2023-10-06,6.641900470222771,83.02375587778464,9.962850705334155,6.641900470222771,9.962850705334155
2023-10-07,0.0,84.13073928948843,9.962850705334155,0.0,12.176817528741747
2023-10-08,7.748883881926566,75.27487199585806,9.962850705334155,13.283800940445541,16.604751175556927
2023-10-09,9.962850705334155,68.6329715256353,13.283800940445541,0.0,12.176817528741747
2023-10-10,0.0,66.41900470222771,0.0,7.748883881926566,11.069834117037951
2023-10-11,11.069834117037951,68.6329715256353,0.0,8.85586729363036,7.748883881926566
2023-10-12,9.962850705334155,66.41900470222771,0.0,8.85586729363036,7.748883881926566
2023-10-13,7.748883881926566,63.09805446711632,7.748883881926566,6.641900470222771,12.176817528741747
2023-10-14,0.0,74.16788858415427,11.069834117037951,12.176817528741747,9.962850705334155
2023-10-15,11.069834117037951,81.91677246608084,13.283800940445541,9.962850705334155,15.497767763853131
2023-10-16,9.962850705334155,63.09805446711632,12.176817528741747,8.85586729363036,7.748883881926566
2023-10-17,0.0,64.20503787882012,11.069834117037951,8.85586729363036,11.069834117037951
2023-10-18,0.0,64.20503787882012,11.069834117037951,0.0,9.962850705334155
2023-10-19,8.85586729363036,52.02822035007837,6.641900470222771,6.641900470222771,9.962850705334155
2023-10-20,0.0,58.67012082030114,11.069834117037951,9.962850705334155,0.0
2023-10-21,11.069834117037951,85.23772270119223,9.962850705334155,8.85586729363036,0.0
2023-10-22,8.85586729363036,83.02375587778464,12.176817528741747,0.0,12.176817528741747
2023-10-23,8.85586729363036,69.73995493733909,15.497767763853131,9.962850705334155,0.0
2023-10-24,8.85586729363036,59.77710423200494,13.283800940445541,8.85586729363036,14.390784352149335
2023-10-25,7.748883881926566,69.73995493733909,6.641900470222771,9.962850705334155,9.962850705334155
2023-10-26,6.641900470222771,64.20503787882012,6.641900470222771,12.176817528741747,8.85586729363036
2023-10-27,6.641900470222771,64.20503787882012,9.962850705334155,8.85586729363036,6.641900470222771
2023-10-28,0.0,75.27487199585806,9.962850705334155,11.069834117037951,7.748883881926566
2023-10-29,11.069834117037951,74.16788858415427,11.069834117037951,0.0,15.497767763853131
2023-10-30,9.962850705334155,67.5259881139315,11.069834117037951,6.641900470222771,18.818717998964516
2023-10-31,8.85586729363036,61.991071055412526,0.0,8.85586729363036,7.748883881926566
2023-11-01,8.85586729363036,74.16788858415427,12.176817528741747,9.962850705334155,13.283800940445541
2023-11-02,7.748883881926566,67.5259881139315,8.85586729363036,7.748883881926566,11.069834117037951
2023-11-03,6.641900470222771,65.31202129052392,12.176817528741747,11.069834117037951,9.962850705334155
2023-11-04,11.069834117037951,80.80978905437705,17.71173458726072,11.069834117037951,14.390784352149335
2023-11-05,0.0,75.27487199585806,11.069834117037951,11.069834117037951,14.390784352149335
2023-11-06,13.283800940445541,66.41900470222771,8.85586729363036,9.962850705334155,7.748883881926566
2023-11-07,7.748883881926566,74.16788858415427,7.748883881926566,0.0,8.85586729363036
2023-11-08,0.0,64.20503787882012,11.069834117037951,8.85586729363036,8.85586729363036
2023-11-09,7.748883881926566,63.09805446711632,6.641900470222771,9.962850705334155,0.0
2023-11-10,0.0,100.73549046504536,8.85586729363036,0.0,8.85586729363036
2023-11-11,0.0,106.27040752356433,7.748883881926566,9.962850705334155,13.283800940445541
2023-11-12,0.0,110.6983411703795,16.604751175556927,11.069834117037951,13.283800940445541
2023-11-13,0.0,79.70280564267324,11.069834117037951,0.0,12.176817528741747
2023-11-14,7.748883881926566,79.70280564267324,7.748883881926566,9.962850705334155,7.748883881926566
2023-11-15,0.0,66.41900470222771,9.962850705334155,8.85586729363036,13.283800940445541
2023-11-16,8.85586729363036,60.88408764370873,9.962850705334155,0.0,6.641900470222771
2023-11-17,7.748883881926566,73.06090517245048,7.748883881926566,13.283800940445541,9.962850705334155
2023-11-18,11.069834117037951,80.80978905437705,19.92570141066831,8.85586729363036,12.176817528741747
2023-11-19,13.283800940445541,88.55867293630361,11.069834117037951,0.0,14.390784352149335
2023-11-20,6.641900470222771,58.67012082030114,14.390784352149335,8.85586729363036,7.748883881926566
2023-11-21,7.748883881926566,73.06090517245048,8.85586729363036,8.85586729363036,12.176817528741747
2023-11-22,0.0,73.06090517245048,14.390784352149335,9.962850705334155,8.85586729363036
2023-11-23,7.748883881926566,63.09805446711632,0.0,0.0,8.85586729363036
2023-11-24,12.176817528741747,84.13073928948843,23.246651645779696,7.748883881926566,13.283800940445541
2023-11-25,11.069834117037951,70.84693834904289,27.674585292594877,14.390784352149335,12.176817528741747
2023-11-26,7.748883881926566,85.23772270119223,21.032684822372108,15.497767763853131,11.069834117037951
2023-11-27,8.85586729363036,76.38185540756186,19.92570141066831,9.962850705334155,13.283800940445541
2023-11-28,6.641900470222771,67.5259881139315,14.390784352149335,9.962850705334155,9.962850705334155
2023-11-29,8.85586729363036,71.95392176074668,17.71173458726072,7.748883881926566,9.962850705334155
2023-11-30,0.0,68.6329715256353,12.176817528741747,8.85586729363036,9.962850705334155
2023-12-01,0.0,60.88408764370873,11.069834117037951,8.85586729363036,0.0
2023-12-02,7.748883881926566,88.55867293630361,0.0,11.069834117037951,9.962850705334155
2023-12-03,9.962850705334155,77.48883881926565,14.390784352149335,8.85586729363036,13.283800940445541
2023-12-04,8.85586729363036,60.88408764370873,9.962850705334155,0.0,12.176817528741747
2023-12-05,0.0,68.6329715256353,9.962850705334155,6.641900470222771,15.497767763853131
2023-12-06,7.748883881926566,65.31202129052392,13.283800940445541,8.85586729363036,11.069834117037951
2023-12-07,0.0,68.6329715256353,13.283800940445541,9.962850705334155,9.962850705334155
2023-12-08,7.748883881926566,66.41900470222771,15.497767763853131,13.283800940445541,12.176817528741747
2023-12-09,8.85586729363036,91.87962317141499,18.818717998964516,9.962850705334155,15.497767763853131
2023-12-10,0.0,81.71053994006478,16.127080251328575,9.676248150797145,11.826525517640954
2023-12-11,0.0,68.80887573900192,7.525970783953335,6.45083210053143,8.60110946737524
2023-12-12,8.60110946737524,72.03429178926764,10.75138683421905,12.90166420106286,11.826525517640954
2023-12-13,8.60110946737524,70.95915310584573,13.976802884484766,12.90166420106286,9.676248150797145
2023-12-14,7.525970783953335,80.63540125664288,18.277357618172385,0.0,12.90166420106286
2023-12-15,0.0,62.35804363847049,11.826525517640954,0.0,12.90166420106286
2023-12-16,8.60110946737524,81.71053994006478,16.127080251328575,10.75138683421905,16.127080251328575
2023-12-17,10.75138683421905,92.46192677428382,16.127080251328575,13.976802884484766,12.90166420106286
2023-12-18,12.90166420106286,73.10943047268954,12.90166420106286,9.676248150797145,9.676248150797145
2023-12-19,0.0,67.73373705558001,11.826525517640954,9.676248150797145,0.0
2023-12-20,8.60110946737524,77.40998520637716,17.20221893475048,10.75138683421905,11.826525517640954
2023-12-21,8.60110946737524,72.03429178926764,0.0,16.127080251328575,11.826525517640954
2023-12-22,11.826525517640954,86.0110946737524,13.976802884484766,13.976802884484766,11.826525517640954
2023-12-23,10.75138683421905,93.53706545770574,16.127080251328575,9.676248150797145,19.35249630159429
2023-12-24,13.976802884484766,89.23651072401812,12.90166420106286,25.80332840212572,0.0
2023-12-25,0.0,58.05748890478287,13.976802884484766,10.75138683421905,13.976802884484766
2023-12-26,11.826525517640954,83.86081730690859,20.427634985016194,0.0,8.60110946737524
2023-12-27,13.976802884484766,79.56026257322097,12.90166420106286,12.90166420106286,16.127080251328575
2023-12-28,12.90166420106286,83.86081730690859,9.676248150797145,11.826525517640954,9.676248150797145
2023-12-29,9.676248150797145,82.78567862348669,12.90166420106286,8.60110946737524,9.676248150797145
2023-12-30,11.826525517640954,101.06303624165906,13.976802884484766,10.75138683421905,13.976802884484766
2023-12-31,11.826525517640954,66.65859837215811,20.427634985016194,0.0,12.90166420106286
2024-01-01,0.0,86.0110946737524,11.826525517640954,7.525970783953335,9.676248150797145
2024-01-02,7.525970783953335,74.18456915611145,16.127080251328575,8.60110946737524,13.976802884484766
2024-01-03,8.60110946737524,91.38678809086193,11.826525517640954,10.75138683421905,13.976802884484766
2024-01-04,9.676248150797145,88.1613720405962,9.676248150797145,6.45083210053143,9.676248150797145
2024-01-05,0.0,88.1613720405962,7.525970783953335,0.0,10.75138683421905
2024-01-06,8.60110946737524,89.23651072401812,11.826525517640954,8.60110946737524,8.60110946737524
2024-01-07,0.0,97.83762019139336,12.90166420106286,10.75138683421905,18.277357618172385
2024-01-08,11.826525517640954,86.0110946737524,8.60110946737524,0.0,0.0
2024-01-09,0.0,75.25970783953335,12.90166420106286,7.525970783953335,8.60110946737524
2024-01-10,0.0,75.25970783953335,0.0,8.60110946737524,0.0
2024-01-11,0.0,86.0110946737524,7.525970783953335,7.525970783953335,18.277357618172385
2024-01-12,8.60110946737524,74.18456915611145,6.45083210053143,6.45083210053143,9.676248150797145
2024-01-13,8.60110946737524,104.28845229192478,18.277357618172385,10.75138683421905,7.525970783953335
2024-01-14,9.676248150797145,94.61220414112763,17.20221893475048,13.976802884484766,9.676248150797145
2024-01-15,10.75138683421905,92.46192677428382,18.277357618172385,8.60110946737524,16.127080251328575
2024-01-16,8.60110946737524,72.03429178926764,8.60110946737524,0.0,9.676248150797145
2024-01-17,0.0,79.56026257322097,12.90166420106286,6.45083210053143,9.676248150797145
2024-01-18,0.0,83.86081730690859,6.45083210053143,7.525970783953335,9.676248150797145
2024-01-19,11.826525517640954,79.56026257322097,9.676248150797145,0.0,9.676248150797145
2024-01-20,12.90166420106286,107.5138683421905,10.75138683421905,11.826525517640954,10.75138683421905
2024-01-21,7.525970783953335,92.46192677428382,0.0,7.525970783953335,16.127080251328575
2024-01-22,0.0,81.71053994006478,9.676248150797145,7.525970783953335,7.525970783953335
2024-01-23,7.525970783953335,82.78567862348669,10.75138683421905,0.0,0.0
2024-01-24,0.0,78.48512388979907,10.75138683421905,7.525970783953335,10.75138683421905
2024-01-25,0.0,70.95915310584573,11.826525517640954,7.525970783953335,6.45083210053143
2024-01-26,10.75138683421905,82.78567862348669,16.127080251328575,7.525970783953335,11.826525517640954
2024-01-27,0.0,88.1613720405962,10.75138683421905,15.05194156790667,11.826525517640954
2024-01-28,10.75138683421905,83.86081730690859,13.976802884484766,7.525970783953335,11.826525517640954
2024-01-29,8.60110946737524,72.03429178926764,9.676248150797145,0.0,10.75138683421905
2024-01-30,10.75138683421905,77.40998520637716,8.60110946737524,7.525970783953335,9.676248150797145
2024-01-31,0.0,75.25970783953335,7.525970783953335,6.45083210053143,8.60110946737524
2024-02-01,7.525970783953335,75.25970783953335,0.0,9.676248150797145,0.0
2024-02-02,9.676248150797145,66.65859837215811,7.525970783953335,0.0,12.90166420106286
2024-02-03,0.0,96.76248150797144,15.05194156790667,0.0,19.35249630159429
2024-02-04,0.0,101.06303624165906,16.127080251328575,10.75138683421905,10.75138683421905
2024-02-05,7.525970783953335,75.25970783953335,11.826525517640954,10.75138683421905,9.676248150797145
2024-02-06,8.60110946737524,67.73373705558001,7.525970783953335,6.45083210053143,10.75138683421905
2024-02-07,0.0,69.88401442242383,0.0,9.676248150797145,7.525970783953335
2024-02-08,9.676248150797145,69.88401442242383,7.525970783953335,8.60110946737524,7.525970783953335
2024-02-09,0.0,73.10943047268954,9.676248150797145,7.525970783953335,0.0
2024-02-10,0.0,105.3635909753467,12.90166420106286,8.60110946737524,12.90166420106286
2024-02-11,8.60110946737524,70.95915310584573,8.60110946737524,9.676248150797145,0.0
2024-02-12,0.0,62.35804363847049,10.75138683421905,9.676248150797145,6.45083210053143
2024-02-13,0.0,73.10943047268954,17.20221893475048,10.75138683421905,0.0
2024-02-14,8.60110946737524,67.73373705558001,8.60110946737524,8.60110946737524,7.525970783953335
2024-02-15,10.75138683421905,68.80887573900192,10.75138683421905,0.0,11.826525517640954
2024-02-16,6.45083210053143,80.63540125664288,0.0,7.525970783953335,0.0
2024-02-17,8.60110946737524,94.61220414112763,13.976802884484766,9.676248150797145,11.826525517640954
2024-02-18,0.0,93.53706545770574,8.60110946737524,9.676248150797145,15.05194156790667
2024-02-19,15.05194156790667,78.48512388979907,12.90166420106286,10.75138683421905,12.90166420106286
2024-02-20,7.525970783953335,70.95915310584573,7.525970783953335,0.0,10.75138683421905
2024-02-21,8.60110946737524,77.40998520637716,6.45083210053143,8.60110946737524,9.676248150797145
2024-02-22,10.75138683421905,78.48512388979907,12.90166420106286,10.75138683421905,9.676248150797145
2024-02-23,0.0,64.5083210053143,10.75138683421905,9.676248150797145,15.05194156790667
2024-02-24,10.75138683421905,88.1613720405962,0.0,16.127080251328575,10.75138683421905
2024-02-25,8.60110946737524,91.38678809086193,10.75138683421905,0.0,11.826525517640954
2024-02-26,8.60110946737524,75.25970783953335,12.90166420106286,9.676248150797145,16.127080251328575
2024-02-27,9.676248150797145,68.80887573900192,10.75138683421905,8.60110946737524,9.676248150797145
2024-02-28,6.45083210053143,68.80887573900192,8.60110946737524,8.60110946737524,8.60110946737524
2024-02-29,7.525970783953335,66.65859837215811,0.0,0.0,7.525970783953335
2024-03-01,7.123512453260643,73.27041380496662,7.123512453260643,9.158801725620828,11.19409099798101
2024-03-02,0.0,101.76446361800919,15.264669542701379,14.247024906521286,11.19409099798101
2024-03-03,10.17644636180092,95.65859580092864,11.19409099798101,15.264669542701379,15.264669542701379
2024-03-04,7.123512453260643,71.23512453260643,8.141157089440735,0.0,13.229380270341196
2024-03-05,0.0,71.23512453260643,10.17644636180092,7.123512453260643,8.141157089440735
2024-03-06,0.0,80.39392625822727,9.158801725620828,7.123512453260643,0.0
2024-03-07,0.0,70.21747989642634,0.0,8.141157089440735,13.229380270341196
2024-03-08,10.17644636180092,67.16454598788607,9.158801725620828,9.158801725620828,8.141157089440735
2024-03-09,8.141157089440735,72.25276916878653,13.229380270341196,0.0,13.229380270341196
2024-03-10,0.0,74.28805844114672,9.158801725620828,10.17644636180092,15.264669542701379
2024-03-11,9.158801725620828,73.27041380496662,7.123512453260643,0.0,8.141157089440735
2024-03-12,10.17644636180092,63.0939674431657,10.17644636180092,8.141157089440735,7.123512453260643
2024-03-13,12.211735634161103,78.35863698586708,8.141157089440735,7.123512453260643,11.19409099798101
2024-03-14,14.247024906521286,69.19983526024625,9.158801725620828,0.0,15.264669542701379
2024-03-15,8.141157089440735,65.12925671552588,7.123512453260643,9.158801725620828,7.123512453260643
2024-03-16,0.0,75.3057030773268,12.211735634161103,9.158801725620828,18.317603451241656
2024-03-17,11.19409099798101,88.53508334766799,11.19409099798101,12.211735634161103,9.158801725620828
2024-03-18,9.158801725620828,69.19983526024625,10.17644636180092,0.0,0.0
2024-03-19,0.0,72.25276916878653,11.19409099798101,9.158801725620828,0.0
2024-03-20,7.123512453260643,71.23512453260643,0.0,0.0,14.247024906521286
2024-03-21,0.0,69.19983526024625,8.141157089440735,8.141157089440735,0.0
2024-03-22,7.123512453260643,69.19983526024625,0.0,11.19409099798101,9.158801725620828
2024-03-23,0.0,86.49979407530782,10.17644636180092,0.0,0.0
2024-03-24,14.247024906521286,70.21747989642634,12.211735634161103,15.264669542701379,18.317603451241656
2024-03-25,9.158801725620828,81.41157089440736,9.158801725620828,9.158801725620828,12.211735634161103
2024-03-26,10.17644636180092,70.21747989642634,0.0,0.0,10.17644636180092
2024-03-27,13.229380270341196,72.25276916878653,0.0,7.123512453260643,9.158801725620828
2024-03-28,8.141157089440735,67.16454598788607,7.123512453260643,11.19409099798101,0.0
2024-03-29,10.17644636180092,71.23512453260643,9.158801725620828,8.141157089440735,18.317603451241656
2024-03-30,8.141157089440735,79.37628162204717,0.0,12.211735634161103,15.264669542701379
2024-03-31,0.0,70.21747989642634,0.0,14.247024906521286,16.28231417888147
2024-04-01,8.141157089440735,72.25276916878653,12.211735634161103,14.247024906521286,12.211735634161103
2024-04-02,13.229380270341196,85.48214943912772,0.0,10.17644636180092,11.19409099798101
2024-04-03,12.211735634161103,70.21747989642634,10.17644636180092,8.141157089440735,11.19409099798101
2024-04-04,8.141157089440735,50.882231809004594,14.247024906521286,0.0,10.17644636180092
2024-04-05,9.158801725620828,73.27041380496662,11.19409099798101,10.17644636180092,17.29995881506156
2024-04-06,10.17644636180092,73.27041380496662,12.211735634161103,9.158801725620828,10.17644636180092
2024-04-07,9.158801725620828,92.60566189238837,14.247024906521286,16.28231417888147,12.211735634161103
2024-04-08,0.0,58.00574426226524,7.123512453260643,0.0,0.0
2024-04-09,8.141157089440735,74.28805844114672,11.19409099798101,7.123512453260643,7.123512453260643
2024-04-10,0.0,67.16454598788607,14.247024906521286,8.141157089440735,9.158801725620828
2024-04-11,8.141157089440735,66.14690135170598,0.0,0.0,8.141157089440735
2024-04-12,0.0,62.07632280698561,7.123512453260643,10.17644636180092,10.17644636180092
2024-04-13,10.17644636180092,72.25276916878653,9.158801725620828,11.19409099798101,12.211735634161103
2024-04-14,0.0,80.39392625822727,11.19409099798101,9.158801725620828,13.229380270341196
2024-04-15,9.158801725620828,60.04103353462543,0.0,10.17644636180092,7.123512453260643
2024-04-16,9.158801725620828,68.18219062406617,13.229380270341196,7.123512453260643,11.19409099798101
2024-04-17,8.141157089440735,72.25276916878653,10.17644636180092,0.0,0.0
2024-04-18,8.141157089440735,64.11161207934579,9.158801725620828,11.19409099798101,10.17644636180092
2024-04-19,11.19409099798101,67.16454598788607,0.0,12.211735634161103,12.211735634161103
2024-04-20,13.229380270341196,95.65859580092864,15.264669542701379,0.0,17.29995881506156
2024-04-21,10.17644636180092,87.51743871148791,12.211735634161103,0.0,0.0
2024-04-22,9.158801725620828,73.27041380496662,11.19409099798101,8.141157089440735,14.247024906521286
2024-04-23,0.0,64.11161207934579,8.141157089440735,0.0,7.123512453260643
2024-04-24,11.19409099798101,59.02338889844533,14.247024906521286,13.229380270341196,11.19409099798101
2024-04-25,11.19409099798101,76.32334771350689,0.0,9.158801725620828,7.123512453260643
2024-04-26,10.17644636180092,67.16454598788607,9.158801725620828,0.0,16.28231417888147
2024-04-27,15.264669542701379,95.65859580092864,10.17644636180092,0.0,13.229380270341196
2024-04-28,10.17644636180092,96.67624043710873,10.17644636180092,13.229380270341196,13.229380270341196
2024-04-29,0.0,59.02338889844533,10.17644636180092,0.0,0.0
2024-04-30,9.158801725620828,82.42921553058744,8.141157089440735,0.0,10.17644636180092
2024-05-01,7.123512453260643,73.27041380496662,9.158801725620828,0.0,12.211735634161103
2024-05-02,7.123512453260643,63.0939674431657,8.141157089440735,8.141157089440735,8.141157089440735
2024-05-03,8.141157089440735,77.34099234968699,11.19409099798101,10.17644636180092,0.0
2024-05-04,10.17644636180092,95.65859580092864,14.247024906521286,12.211735634161103,10.17644636180092
2024-05-05,10.17644636180092,85.48214943912772,16.28231417888147,9.158801725620828,15.264669542701379
2024-05-06,8.141157089440735,77.34099234968699,9.158801725620828,0.0,10.17644636180092
2024-05-07,11.19409099798101,73.27041380496662,10.17644636180092,11.19409099798101,10.17644636180092
2024-05-08,8.141157089440735,72.25276916878653,8.141157089440735,7.123512453260643,12.211735634161103
2024-05-09,8.141157089440735,61.058678170805514,7.123512453260643,7.123512453260643,11.19409099798101
2024-05-10,0.0,72.25276916878653,8.141157089440735,0.0,18.317603451241656
2024-05-11,0.0,73.27041380496662,12.211735634161103,12.211735634161103,0.0
2024-05-12,0.0,77.34099234968699,0.0,11.19409099798101,17.29995881506156
2024-05-13,10.17644636180092,79.37628162204717,0.0,7.123512453260643,12.211735634161103
2024-05-14,0.0,66.14690135170598,7.123512453260643,10.17644636180092,8.141157089440735
2024-05-15,9.158801725620828,75.3057030773268,0.0,9.158801725620828,7.123512453260643
2024-05-16,9.158801725620828,67.16454598788607,8.141157089440735,7.123512453260643,8.141157089440735
2024-05-17,11.19409099798101,77.34099234968699,7.123512453260643,8.141157089440735,12.211735634161103
2024-05-18,11.19409099798101,89.55272798384809,13.229380270341196,9.158801725620828,12.211735634161103
2024-05-19,9.158801725620828,95.65859580092864,0.0,12.211735634161103,14.247024906521286
2024-05-20,7.123512453260643,67.16454598788607,10.17644636180092,0.0,9.158801725620828
2024-05-21,9.158801725620828,65.12925671552588,10.17644636180092,8.141157089440735,12.211735634161103
2024-05-22,0.0,58.51184560539224,12.538252629726909,10.448543858105756,11.493398243916332
2024-05-23,0.0,73.1398070067403,0.0,11.493398243916332,9.40368947229518
2024-05-24,16.71767017296921,65.82582630606626,10.448543858105756,9.40368947229518,17.762524558779788
2024-05-25,13.583107015537484,97.17145788038354,10.448543858105756,0.0,12.538252629726909
2024-05-26,0.0,96.12660349457296,11.493398243916332,11.493398243916332,16.71767017296921
2024-05-27,13.583107015537484,74.18466139255086,11.493398243916332,10.448543858105756,0.0
2024-05-28,13.583107015537484,78.36407893579317,7.31398070067403,0.0,8.358835086484605
2024-05-29,10.448543858105756,73.1398070067403,11.493398243916332,11.493398243916332,12.538252629726909
2024-05-30,0.0,71.05009823511915,0.0,9.40368947229518,11.493398243916332
2024-05-31,10.448543858105756,75.22951577836145,10.448543858105756,0.0,11.493398243916332
2024-06-01,0.0,87.76776840808836,10.448543858105756,0.0,0.0
2024-06-02,13.583107015537484,88.81262279389892,11.493398243916332,0.0,17.762524558779788
2024-06-03,8.358835086484605,74.18466139255086,15.672815787158635,0.0,17.762524558779788
2024-06-04,13.583107015537484,73.1398070067403,10.448543858105756,9.40368947229518,13.583107015537484
2024-06-05,8.358835086484605,100.30602103781527,8.358835086484605,0.0,10.448543858105756
2024-06-06,7.31398070067403,64.7809719202557,10.448543858105756,8.358835086484605,0.0
2024-06-07,12.538252629726909,78.36407893579317,0.0,13.583107015537484,13.583107015537484
2024-06-08,14.62796140134806,95.08174910876238,10.448543858105756,11.493398243916332,11.493398243916332
2024-06-09,0.0,88.81262279389892,13.583107015537484,12.538252629726909,12.538252629726909
2024-06-10,12.538252629726909,72.09495262092972,11.493398243916332,0.0,7.31398070067403
2024-06-11,13.583107015537484,84.63320525065663,11.493398243916332,7.31398070067403,9.40368947229518
2024-06-12,0.0,86.72291402227778,12.538252629726909,0.0,9.40368947229518
2024-06-13,10.448543858105756,74.18466139255086,9.40368947229518,0.0,7.31398070067403
2024-06-14,8.358835086484605,82.54349647903548,8.358835086484605,0.0,12.538252629726909
2024-06-15,14.62796140134806,88.81262279389892,13.583107015537484,0.0,11.493398243916332
2024-06-16,0.0,87.76776840808836,14.62796140134806,0.0,11.493398243916332
2024-06-17,8.358835086484605,75.22951577836145,0.0,0.0,0.0
2024-06-18,9.40368947229518,73.1398070067403,15.672815787158635,0.0,13.583107015537484
2024-06-19,8.358835086484605,71.05009823511915,11.493398243916332,9.40368947229518,10.448543858105756
2024-06-20,10.448543858105756,59.55669999120281,0.0,0.0,9.40368947229518
2024-06-21,9.40368947229518,70.00524384930857,13.583107015537484,0.0,16.71767017296921
2024-06-22,12.538252629726909,94.03689472295181,11.493398243916332,11.493398243916332,8.358835086484605
2024-06-23,10.448543858105756,74.18466139255086,0.0,20.897087716211512,11.493398243916332
2024-06-24,15.672815787158635,76.27437016417203,0.0,12.538252629726909,13.583107015537484
2024-06-25,0.0,83.58835086484605,13.583107015537484,0.0,12.538252629726909
2024-06-26,11.493398243916332,77.3192245499826,8.358835086484605,0.0,13.583107015537484
2024-06-27,8.358835086484605,86.72291402227778,10.448543858105756,14.62796140134806,13.583107015537484
2024-06-28,8.358835086484605,67.91553507768742,11.493398243916332,9.40368947229518,13.583107015537484
2024-06-29,9.40368947229518,96.12660349457296,10.448543858105756,0.0,11.493398243916332
2024-06-30,0.0,85.67805963646721,18.80737894459036,8.358835086484605,10.448543858105756
2024-07-01,10.448543858105756,80.45378770741432,14.62796140134806,12.538252629726909,8.358835086484605
2024-07-02,0.0,79.40893332160375,12.538252629726909,12.538252629726909,12.538252629726909
2024-07-03,10.448543858105756,77.3192245499826,10.448543858105756,11.493398243916332,12.538252629726909
2024-07-04,0.0,82.54349647903548,9.40368947229518,17.762524558779788,0.0
2024-07-05,8.358835086484605,84.63320525065663,14.62796140134806,9.40368947229518,8.358835086484605
2024-07-06,9.40368947229518,91.94718595133065,12.538252629726909,8.358835086484605,14.62796140134806
2024-07-07,16.71767017296921,83.58835086484605,0.0,13.583107015537484,19.85223333040094
2024-07-08,7.31398070067403,92.99204033714123,8.358835086484605,7.31398070067403,10.448543858105756
2024-07-09,9.40368947229518,85.67805963646721,8.358835086484605,12.538252629726909,9.40368947229518
2024-07-10,8.358835086484605,81.4986420932249,0.0,10.448543858105756,13.583107015537484
2024-07-11,11.493398243916332,83.58835086484605,14.62796140134806,0.0,0.0
2024-07-12,0.0,77.3192245499826,13.583107015537484,11.493398243916332,8.358835086484605
2024-07-13,11.493398243916332,86.72291402227778,12.538252629726909,0.0,8.358835086484605
2024-07-14,10.448543858105756,74.18466139255086,8.358835086484605,9.40368947229518,11.493398243916332
2024-07-15,10.448543858105756,74.18466139255086,11.493398243916332,9.40368947229518,12.538252629726909
2024-07-16,9.40368947229518,78.36407893579317,11.493398243916332,0.0,11.493398243916332
2024-07-17,12.538252629726909,73.1398070067403,11.493398243916332,0.0,8.358835086484605
2024-07-18,8.358835086484605,80.45378770741432,10.448543858105756,11.493398243916332,7.31398070067403
2024-07-19,13.583107015537484,79.40893332160375,9.40368947229518,10.448543858105756,0.0
2024-07-20,0.0,104.48543858105756,13.583107015537484,11.493398243916332,12.538252629726909
2024-07-21,0.0,103.44058419524698,9.40368947229518,11.493398243916332,0.0
2024-07-22,10.448543858105756,80.45378770741432,12.538252629726909,0.0,9.40368947229518
2024-07-23,9.40368947229518,100.30602103781527,0.0,0.0,11.493398243916332
2024-07-24,9.40368947229518,84.63320525065663,7.31398070067403,9.40368947229518,8.358835086484605
2024-07-25,0.0,84.63320525065663,9.40368947229518,0.0,8.358835086484605
2024-07-26,9.40368947229518,85.67805963646721,10.448543858105756,9.40368947229518,12.538252629726909
2024-07-27,24.03165087364324,78.36407893579317,9.40368947229518,14.62796140134806,12.538252629726909
2024-07-28,18.80737894459036,85.67805963646721,11.493398243916332,12.538252629726909,16.71767017296921
2024-07-29,7.31398070067403,84.63320525065663,10.448543858105756,0.0,9.40368947229518
2024-07-30,10.448543858105756,73.1398070067403,9.40368947229518,9.40368947229518,9.40368947229518
2024-07-31,0.0,77.3192245499826,9.40368947229518,11.493398243916332,12.538252629726909
2024-08-01,9.40368947229518,83.58835086484605,10.448543858105756,9.40368947229518,10.448543858105756
2024-08-02,9.40368947229518,79.40893332160375,7.31398070067403,8.358835086484605,8.358835086484605
2024-08-03,13.583107015537484,85.67805963646721,8.358835086484605,0.0,9.40368947229518
2024-08-04,10.448543858105756,83.58835086484605,15.672815787158635,11.493398243916332,11.493398243916332
2024-08-05,8.358835086484605,71.05009823511915,12.538252629726909,11.493398243916332,0.0
2024-08-06,9.40368947229518,78.36407893579317,7.31398070067403,7.31398070067403,9.40368947229518
2024-08-07,7.31398070067403,81.4986420932249,11.493398243916332,0.0,0.0
2024-08-08,7.31398070067403,72.09495262092972,0.0,8.358835086484605,7.31398070067403
2024-08-09,0.0,78.36407893579317,10.448543858105756,11.493398243916332,11.493398243916332
2024-08-10,8.358835086484605,95.08174910876238,13.583107015537484,10.448543858105756,17.762524558779788
2024-08-11,9.40368947229518,91.94718595133065,11.493398243916332,10.448543858105756,0.0
2024-08-12,8.681210890887137,68.48510813922074,13.504105830268879,7.7166319030107875,0.0
2024-08-13,7.7166319030107875,81.02463498161327,8.681210890887137,9.645789878763484,9.645789878763484
2024-08-14,7.7166319030107875,85.84752992099502,11.574947854516182,10.610368866639833,15.433263806021575
2024-08-15,8.681210890887137,70.41426611497343,7.7166319030107875,0.0,8.681210890887137
2024-08-16,7.7166319030107875,76.20174004223152,9.645789878763484,7.7166319030107875,0.0
2024-08-17,0.0,77.16631903010787,0.0,8.681210890887137,9.645789878763484
2024-08-18,9.645789878763484,96.45789878763485,7.7166319030107875,12.53952684239253,13.504105830268879
2024-08-19,9.645789878763484,74.27258206647883,0.0,12.53952684239253,8.681210890887137
2024-08-20,0.0,71.37884510284978,11.574947854516182,12.53952684239253,14.468684818145226
2024-08-21,0.0,74.27258206647883,7.7166319030107875,10.610368866639833,7.7166319030107875
2024-08-22,0.0,66.55595016346804,7.7166319030107875,9.645789878763484,10.610368866639833
2024-08-23,0.0,83.91837194524231,7.7166319030107875,14.468684818145226,13.504105830268879
2024-08-24,10.610368866639833,82.95379295736596,8.681210890887137,13.504105830268879,14.468684818145226
2024-08-25,10.610368866639833,81.98921396948961,18.32700076965062,12.53952684239253,16.397842793897922
2024-08-26,0.0,55.94558129682821,11.574947854516182,10.610368866639833,6.752052915134439
2024-08-27,0.0,67.52052915134439,8.681210890887137,0.0,14.468684818145226
2024-08-28,7.7166319030107875,67.52052915134439,13.504105830268879,6.752052915134439,13.504105830268879
2024-08-29,6.752052915134439,72.34342409072613,6.752052915134439,7.7166319030107875,8.681210890887137
2024-08-30,9.645789878763484,79.09547700586057,9.645789878763484,8.681210890887137,12.53952684239253
2024-08-31,10.610368866639833,85.84752992099502,13.504105830268879,11.574947854516182,13.504105830268879
2024-09-01,9.645789878763484,81.98921396948961,9.645789878763484,8.681210890887137,12.53952684239253
2024-09-02,0.0,90.67042486037676,9.645789878763484,11.574947854516182,0.0
2024-09-03,13.504105830268879,70.41426611497343,16.397842793897922,11.574947854516182,8.681210890887137
2024-09-04,8.681210890887137,70.41426611497343,8.681210890887137,7.7166319030107875,12.53952684239253
2024-09-05,9.645789878763484,71.37884510284978,12.53952684239253,0.0,8.681210890887137
2024-09-06,8.681210890887137,70.41426611497343,10.610368866639833,8.681210890887137,0.0
2024-09-07,0.0,77.16631903010787,13.504105830268879,12.53952684239253,10.610368866639833
2024-09-08,9.645789878763484,81.98921396948961,7.7166319030107875,13.504105830268879,11.574947854516182
2024-09-09,7.7166319030107875,67.52052915134439,0.0,8.681210890887137,10.610368866639833
2024-09-10,0.0,70.41426611497343,6.752052915134439,8.681210890887137,0.0
2024-09-11,9.645789878763484,57.874739272580904,0.0,11.574947854516182,8.681210890887137
2024-09-12,6.752052915134439,75.23716105435518,10.610368866639833,0.0,0.0
2024-09-13,0.0,71.37884510284978,14.468684818145226,0.0,20.25615874540332
2024-09-14,10.610368866639833,83.91837194524231,13.504105830268879,0.0,14.468684818145226
2024-09-15,0.0,83.91837194524231,8.681210890887137,8.681210890887137,7.7166319030107875
2024-09-16,0.0,63.662213199838995,10.610368866639833,7.7166319030107875,0.0
2024-09-17,7.7166319030107875,67.52052915134439,8.681210890887137,8.681210890887137,7.7166319030107875
2024-09-18,7.7166319030107875,67.52052915134439,0.0,0.0,6.752052915134439
2024-09-19,7.7166319030107875,65.59137117559169,8.681210890887137,8.681210890887137,9.645789878763484
2024-09-20,7.7166319030107875,69.44968712709709,10.610368866639833,8.681210890887137,12.53952684239253
2024-09-21,0.0,75.23716105435518,0.0,12.53952684239253,17.362421781774273
2024-09-22,0.0,85.84752992099502,12.53952684239253,12.53952684239253,12.53952684239253
2024-09-23,0.0,68.48510813922074,0.0,8.681210890887137,0.0
2024-09-24,12.53952684239253,70.41426611497343,9.645789878763484,6.752052915134439,6.752052915134439
2024-09-25,8.681210890887137,78.13089801798422,11.574947854516182,6.752052915134439,8.681210890887137
2024-09-26,7.7166319030107875,54.98100230895186,7.7166319030107875,9.645789878763484,9.645789878763484
2024-09-27,8.681210890887137,72.34342409072613,7.7166319030107875,0.0,0.0
2024-09-28,0.0,78.13089801798422,0.0,0.0,13.504105830268879
2024-09-29,10.610368866639833,73.30800307860248,15.433263806021575,13.504105830268879,0.0
2024-09-30,7.7166319030107875,61.7330552240863,7.7166319030107875,6.752052915134439,0.0
2024-10-01,0.0,70.41426611497343,7.7166319030107875,0.0,7.7166319030107875
2024-10-02,9.645789878763484,65.59137117559169,0.0,8.681210890887137,12.53952684239253
2024-10-03,6.752052915134439,63.662213199838995,10.610368866639833,0.0,9.645789878763484
2024-10-04,0.0,67.52052915134439,0.0,8.681210890887137,0.0
2024-10-05,8.681210890887137,69.44968712709709,9.645789878763484,0.0,13.504105830268879
2024-10-06,9.645789878763484,75.23716105435518,8.681210890887137,0.0,13.504105830268879
2024-10-07,6.752052915134439,71.37884510284978,8.681210890887137,7.7166319030107875,14.468684818145226
2024-10-08,0.0,70.41426611497343,7.7166319030107875,0.0,10.610368866639833
2024-10-09,0.0,57.874739272580904,10.610368866639833,7.7166319030107875,7.7166319030107875
2024-10-10,9.645789878763484,58.839318260457254,6.752052915134439,0.0,7.7166319030107875
2024-10-11,8.681210890887137,68.48510813922074,10.610368866639833,0.0,13.504105830268879
2024-10-12,0.0,81.98921396948961,11.574947854516182,0.0,21.220737733279666
2024-10-13,8.681210890887137,66.55595016346804,14.468684818145226,13.504105830268879,8.681210890887137
2024-10-14,8.681210890887137,66.55595016346804,0.0,0.0,9.645789878763484
2024-10-15,6.752052915134439,59.803897248333605,9.645789878763484,8.681210890887137,13.504105830268879
2024-10-16,8.681210890887137,69.44968712709709,7.7166319030107875,8.681210890887137,6.752052915134439
2024-10-17,9.645789878763484,63.662213199838995,10.610368866639833,10.610368866639833,7.7166319030107875
2024-10-18,0.0,68.48510813922074,7.7166319030107875,7.7166319030107875,10.610368866639833
2024-10-19,8.681210890887137,73.30800307860248,11.574947854516182,15.433263806021575,11.574947854516182
2024-10-20,11.574947854516182,69.44968712709709,12.53952684239253,15.433263806021575,12.53952684239253
2024-10-21,12.53952684239253,74.27258206647883,13.504105830268879,0.0,11.574947854516182
2024-10-22,6.752052915134439,67.52052915134439,0.0,13.504105830268879,9.645789878763484
2024-10-23,7.7166319030107875,72.34342409072613,12.53952684239253,9.645789878763484,7.7166319030107875
2024-10-24,8.681210890887137,60.76847623620995,7.7166319030107875,0.0,0.0
2024-10-25,12.53952684239253,76.20174004223152,11.574947854516182,9.645789878763484,14.468684818145226
2024-10-26,0.0,73.30800307860248,9.645789878763484,0.0,10.610368866639833
2024-10-27,0.0,77.16631903010787,8.681210890887137,10.610368866639833,12.53952684239253
2024-10-28,9.645789878763484,61.7330552240863,7.7166319030107875,9.645789878763484,9.645789878763484
2024-10-29,0.0,62.69763421196265,8.681210890887137,0.0,7.7166319030107875
2024-10-30,9.645789878763484,60.76847623620995,9.645789878763484,0.0,7.7166319030107875
2024-10-31,9.645789878763484,61.7330552240863,9.645789878763484,0.0,0.0
2024-11-01,0.0,60.76847623620995,8.681210890887137,7.7166319030107875,14.468684818145226
2024-11-02,10.958790934503911,92.5409012246997,0.0,12.176434371671013,18.264651557506518
2024-11-03,0.0,65.75274560702347,15.829364683172315,8.523504060169708,15.829364683172315
2024-11-04,8.523504060169708,65.75274560702347,0.0,0.0,8.523504060169708
2024-11-05,8.523504060169708,58.446884984020855,9.74114749733681,0.0,0.0
2024-11-06,0.0,38.96458998934724,6.088217185835506,0.0,9.74114749733681
2024-11-07,7.305860623002607,64.53510216985636,9.74114749733681,0.0,0.0
2024-11-08,8.523504060169708,73.05860623002607,8.523504060169708,0.0,9.74114749733681
2024-11-09,9.74114749733681,76.71153654152738,0.0,8.523504060169708,14.611721246005214
2024-11-10,0.0,70.62331935569188,13.394077808838114,10.958790934503911,14.611721246005214
2024-11-11,0.0,69.40567591852476,12.176434371671013,9.74114749733681,9.74114749733681
2024-11-12,8.523504060169708,60.88217185835506,9.74114749733681,0.0,10.958790934503911
2024-11-13,7.305860623002607,66.97038904419057,10.958790934503911,9.74114749733681,8.523504060169708
2024-11-14,8.523504060169708,56.01159810968666,0.0,7.305860623002607,10.958790934503911
2024-11-15,0.0,52.35866779818535,10.958790934503911,9.74114749733681,10.958790934503911
2024-11-16,8.523504060169708,79.14682341586158,15.829364683172315,9.74114749733681,9.74114749733681
2024-11-17,10.958790934503911,71.84096279285897,20.69993843184072,12.176434371671013,9.74114749733681
2024-11-18,7.305860623002607,70.62331935569188,19.48229499467362,9.74114749733681,7.305860623002607
2024-11-19,0.0,79.14682341586158,12.176434371671013,0.0,12.176434371671013
2024-11-20,12.176434371671013,70.62331935569188,8.523504060169708,8.523504060169708,0.0
2024-11-21,0.0,66.97038904419057,9.74114749733681,0.0,0.0
2024-11-22,0.0,71.84096279285897,12.176434371671013,10.958790934503911,8.523504060169708
2024-11-23,8.523504060169708,81.58211029019579,15.829364683172315,13.394077808838114,15.829364683172315
2024-11-24,10.958790934503911,87.67032747603129,15.829364683172315,0.0,15.829364683172315
2024-11-25,7.305860623002607,65.75274560702347,9.74114749733681,13.394077808838114,12.176434371671013
2024-11-26,8.523504060169708,65.75274560702347,7.305860623002607,8.523504060169708,9.74114749733681
2024-11-27,10.958790934503911,70.62331935569188,0.0,8.523504060169708,10.958790934503911
2024-11-28,14.611721246005214,60.88217185835506,13.394077808838114,17.047008120339417,0.0
2024-11-29,0.0,79.14682341586158,17.047008120339417,0.0,9.74114749733681
2024-11-30,9.74114749733681,70.62331935569188,20.69993843184072,8.523504060169708,15.829364683172315
2024-12-01,0.0,75.49389310436028,24.352868743342025,0.0,12.176434371671013
2024-12-02,7.305860623002607,59.66452842118796,17.047008120339417,0.0,10.958790934503911
2024-12-03,10.958790934503911,65.75274560702347,17.047008120339417,8.523504060169708,13.394077808838114
2024-12-04,7.305860623002607,63.31745873268926,10.958790934503911,10.958790934503911,8.523504060169708
2024-12-05,0.0,64.53510216985636,8.523504060169708,0.0,7.305860623002607
2024-12-06,8.523504060169708,70.62331935569188,10.958790934503911,10.958790934503911,10.958790934503911
2024-12-07,8.523504060169708,81.58211029019579,17.047008120339417,14.611721246005214,8.523504060169708
2024-12-08,0.0,77.92917997869448,15.829364683172315,8.523504060169708,0.0
2024-12-09,10.958790934503911,53.576311235352456,10.958790934503911,0.0,7.305860623002607
2024-12-10,8.523504060169708,57.22924154685376,9.74114749733681,9.74114749733681,10.958790934503911
2024-12-11,8.523504060169708,59.66452842118796,8.523504060169708,8.523504060169708,7.305860623002607
2024-12-12,0.0,63.31745873268926,19.48229499467362,8.523504060169708,13.394077808838114
2024-12-13,0.0,69.40567591852476,7.305860623002607,0.0,17.047008120339417
2024-12-14,10.958790934503911,66.97038904419057,13.394077808838114,12.176434371671013,9.74114749733681
2024-12-15,12.176434371671013,70.62331935569188,18.264651557506518,0.0,0.0
2024-12-16,0.0,64.53510216985636,10.958790934503911,12.176434371671013,14.611721246005214
2024-12-17,8.523504060169708,69.40567591852476,13.394077808838114,10.958790934503911,10.958790934503911
2024-12-18,9.74114749733681,64.53510216985636,7.305860623002607,13.394077808838114,8.523504060169708
2024-12-19,9.74114749733681,79.14682341586158,12.176434371671013,13.394077808838114,12.176434371671013
2024-12-20,0.0,71.84096279285897,10.958790934503911,18.264651557506518,0.0
2024-12-21,9.74114749733681,76.71153654152738,15.829364683172315,18.264651557506518,15.829364683172315
2024-12-22,0.0,84.01739716452998,0.0,21.917581869007822,0.0
2024-12-23,9.74114749733681,80.36446685302867,12.176434371671013,10.958790934503911,10.958790934503911
2024-12-24,0.0,63.31745873268926,9.74114749733681,14.611721246005214,0.0
2024-12-25,0.0,52.35866779818535,0.0,12.176434371671013,0.0
2024-12-26,8.523504060169708,91.3232577875326,18.264651557506518,10.958790934503911,10.958790934503911
2024-12-27,10.958790934503911,86.45268403886419,12.176434371671013,9.74114749733681,14.611721246005214
2024-12-28,0.0,81.58211029019579,14.611721246005214,13.394077808838114,9.74114749733681
2024-12-29,0.0,90.10561435036549,14.611721246005214,13.394077808838114,9.74114749733681
2024-12-30,15.829364683172315,79.14682341586158,9.74114749733681,13.394077808838114,8.523504060169708
2024-12-31,0.0,84.01739716452998,13.394077808838114,9.74114749733681,0.0
2025-01-01,9.74114749733681,79.14682341586158,0.0,15.829364683172315,8.523504060169708
2025-01-02,0.0,79.14682341586158,9.74114749733681,10.958790934503911,7.305860623002607
2025-01-03,14.611721246005214,84.01739716452998,18.264651557506518,8.523504060169708,8.523504060169708
2025-01-04,13.394077808838114,121.76434371671012,18.264651557506518,14.611721246005214,12.176434371671013
2025-01-05,0.0,92.5409012246997,17.047008120339417,8.523504060169708,0.0
2025-01-06,0.0,80.36446685302867,13.394077808838114,7.305860623002607,0.0
2025-01-07,10.958790934503911,79.14682341586158,12.176434371671013,0.0,13.394077808838114
2025-01-08,10.958790934503911,84.01739716452998,12.176434371671013,8.523504060169708,9.74114749733681
2025-01-09,0.0,80.36446685302867,0.0,0.0,8.523504060169708
2025-01-10,0.0,66.97038904419057,8.523504060169708,0.0,8.523504060169708
2025-01-11,0.0,79.14682341586158,15.829364683172315,8.523504060169708,10.958790934503911
2025-01-12,13.394077808838114,79.14682341586158,12.176434371671013,13.394077808838114,10.958790934503911
2025-01-13,7.305860623002607,75.49389310436028,10.958790934503911,12.176434371671013,9.74114749733681
2025-01-14,0.0,59.66452842118796,13.394077808838114,12.176434371671013,10.958790934503911
2025-01-15,8.523504060169708,65.75274560702347,10.958790934503911,6.088217185835506,0.0
2025-01-16,0.0,80.36446685302867,7.305860623002607,8.523504060169708,7.305860623002607
2025-01-17,9.74114749733681,68.18803248135767,0.0,0.0,0.0
2025-01-18,0.0,82.79975372736288,9.74114749733681,8.523504060169708,17.047008120339417
2025-01-19,0.0,81.58211029019579,13.394077808838114,13.394077808838114,12.176434371671013
2025-01-20,0.0,82.79975372736288,9.74114749733681,17.047008120339417,15.829364683172315
2025-01-21,7.305860623002607,70.62331935569188,8.523504060169708,9.74114749733681,0.0
2025-01-22,0.0,57.22924154685376,13.394077808838114,7.305860623002607,10.958790934503911
2025-01-23,7.7106708422191135,72.28753914580419,10.602172408051281,8.674504697496502,0.0
2025-01-24,0.0,69.39603757997202,8.674504697496502,0.0,0.0
2025-01-25,0.0,86.74504697496502,14.457507829160837,11.56600626332867,0.0
2025-01-26,11.56600626332867,83.85354540913286,13.493673973883448,10.602172408051281,8.674504697496502
2025-01-27,10.602172408051281,61.68536673775291,8.674504697496502,13.493673973883448,11.56600626332867
2025-01-28,7.7106708422191135,66.50453601413986,8.674504697496502,12.52984011860606,0.0
2025-01-29,0.0,65.54070215886246,9.638338552773892,7.7106708422191135,6.746836986941724
2025-01-30,7.7106708422191135,75.17904071163636,6.746836986941724,9.638338552773892,8.674504697496502
2025-01-31,6.746836986941724,73.25137300108157,11.56600626332867,10.602172408051281,9.638338552773892
2025-02-01,19.276677105547783,73.25137300108157,17.349009394993004,15.421341684438227,18.312843250270394
2025-02-02,0.0,67.46836986941724,8.674504697496502,10.602172408051281,7.7106708422191135
2025-02-03,0.0,55.90236360608857,7.7106708422191135,0.0,10.602172408051281
2025-02-04,7.7106708422191135,63.61303444830769,10.602172408051281,0.0,10.602172408051281
2025-02-05,8.674504697496502,59.75769902719813,0.0,0.0,8.674504697496502
2025-02-06,0.0,56.866197461365964,9.638338552773892,8.674504697496502,7.7106708422191135
2025-02-07,9.638338552773892,73.25137300108157,7.7106708422191135,11.56600626332867,10.602172408051281
2025-02-08,9.638338552773892,87.70888083024242,14.457507829160837,10.602172408051281,15.421341684438227
2025-02-09,0.0,69.39603757997202,0.0,10.602172408051281,11.56600626332867
2025-02-10,12.52984011860606,53.010862040256406,8.674504697496502,12.52984011860606,11.56600626332867
2025-02-11,8.674504697496502,56.866197461365964,0.0,7.7106708422191135,9.638338552773892
2025-02-12,12.52984011860606,65.54070215886246,9.638338552773892,10.602172408051281,9.638338552773892
2025-02-13,14.457507829160837,58.79386517192074,9.638338552773892,8.674504697496502,9.638338552773892
2025-02-14,7.7106708422191135,55.90236360608857,0.0,0.0,10.602172408051281
2025-02-15,14.457507829160837,84.81737926441025,15.421341684438227,0.0,10.602172408051281
2025-02-16,12.52984011860606,79.03437613274592,12.52984011860606,13.493673973883448,9.638338552773892
2025-02-17,10.602172408051281,66.50453601413986,9.638338552773892,10.602172408051281,8.674504697496502
2025-02-18,8.674504697496502,72.28753914580419,10.602172408051281,10.602172408051281,8.674504697496502
2025-02-19,0.0,63.61303444830769,7.7106708422191135,7.7106708422191135,10.602172408051281
2025-02-20,0.0,64.57686830358507,0.0,15.421341684438227,8.674504697496502
2025-02-21,0.0,70.35987143524942,10.602172408051281,11.56600626332867,12.52984011860606
2025-02-22,10.602172408051281,78.07054227746852,11.56600626332867,23.13201252665734,8.674504697496502
2025-02-23,10.602172408051281,75.17904071163636,0.0,0.0,12.52984011860606
2025-02-24,7.7106708422191135,76.14287456691375,8.674504697496502,6.746836986941724,13.493673973883448
2025-02-25,0.0,65.54070215886246,0.0,0.0,6.746836986941724
2025-02-26,7.7106708422191135,69.39603757997202,13.493673973883448,0.0,11.56600626332867
2025-02-27,12.52984011860606,79.9982099880233,9.638338552773892,7.7106708422191135,7.7106708422191135
2025-02-28,0.0,67.46836986941724,0.0,12.52984011860606,23.13201252665734
2025-03-01,9.638338552773892,68.43220372469463,10.602172408051281,9.638338552773892,0.0
2025-03-02,9.638338552773892,79.03437613274592,13.493673973883448,15.421341684438227,14.457507829160837
2025-03-03,8.674504697496502,54.938529750811185,0.0,8.674504697496502,12.52984011860606
2025-03-04,6.746836986941724,67.46836986941724,8.674504697496502,8.674504697496502,9.638338552773892
2025-03-05,0.0,64.57686830358507,7.7106708422191135,0.0,8.674504697496502
2025-03-06,8.674504697496502,67.46836986941724,7.7106708422191135,11.56600626332867,7.7106708422191135
2025-03-07,0.0,68.43220372469463,9.638338552773892,0.0,9.638338552773892
2025-03-08,17.349009394993004,78.07054227746852,0.0,18.312843250270394,11.56600626332867
2025-03-09,14.457507829160837,85.78121311968764,16.385175539715615,0.0,8.674504697496502
2025-03-10,0.0,65.54070215886246,8.674504697496502,8.674504697496502,0.0
2025-03-11,13.493673973883448,68.43220372469463,8.674504697496502,7.7106708422191135,7.7106708422191135
2025-03-12,10.602172408051281,68.43220372469463,8.674504697496502,11.56600626332867,12.52984011860606
2025-03-13,7.7106708422191135,55.90236360608857,0.0,0.0,0.0
2025-03-14,7.7106708422191135,65.54070215886246,0.0,0.0,9.638338552773892
2025-03-15,10.602172408051281,74.21520685635896,19.276677105547783,9.638338552773892,13.493673973883448
2025-03-16,12.52984011860606,76.14287456691375,11.56600626332867,12.52984011860606,13.493673973883448
2025-03-17,6.746836986941724,66.50453601413986,0.0,9.638338552773892,10.602172408051281
2025-03-18,7.7106708422191135,66.50453601413986,17.349009394993004,8.674504697496502,8.674504697496502
2025-03-19,8.674504697496502,63.61303444830769,8.674504697496502,12.52984011860606,10.602172408051281
2025-03-20,8.674504697496502,68.43220372469463,10.602172408051281,8.674504697496502,7.7106708422191135
2025-03-21,0.0,67.46836986941724,9.638338552773892,10.602172408051281,8.674504697496502
2025-03-22,0.0,79.03437613274592,11.56600626332867,12.52984011860606,14.457507829160837
2025-03-23,9.638338552773892,85.78121311968764,11.56600626332867,8.674504697496502,9.638338552773892
2025-03-24,0.0,66.50453601413986,8.674504697496502,6.746836986941724,7.7106708422191135
2025-03-25,0.0,75.17904071163636,7.7106708422191135,0.0,10.602172408051281
2025-03-26,0.0,56.866197461365964,7.7106708422191135,0.0,9.638338552773892
2025-03-27,7.7106708422191135,73.25137300108157,8.674504697496502,7.7106708422191135,10.602172408051281
2025-03-28,0.0,68.43220372469463,0.0,9.638338552773892,9.638338552773892
2025-03-29,0.0,73.25137300108157,0.0,16.385175539715615,17.349009394993004
2025-03-30,13.493673973883448,96.38338552773892,0.0,0.0,12.52984011860606
2025-03-31,11.56600626332867,72.28753914580419,0.0,0.0,8.674504697496502
2025-04-01,0.0,70.35987143524942,9.638338552773892,10.602172408051281,7.7106708422191135
2025-04-02,0.0,68.43220372469463,7.7106708422191135,7.7106708422191135,6.746836986941724
2025-04-03,0.0,65.54070215886246,0.0,9.638338552773892,7.7106708422191135
2025-04-04,11.56600626332867,53.010862040256406,9.638338552773892,9.638338552773892,8.674504697496502
2025-04-05,0.0,76.14287456691375,0.0,0.0,11.56600626332867
2025-04-06,0.0,70.35987143524942,0.0,0.0,15.421341684438227
2025-04-07,8.674504697496502,57.83003131664335,0.0,8.674504697496502,6.746836986941724
2025-04-08,0.0,64.57686830358507,0.0,0.0,7.7106708422191135
2025-04-09,6.746836986941724,61.68536673775291,12.52984011860606,8.674504697496502,9.638338552773892
2025-04-10,6.746836986941724,62.649200593030294,10.602172408051281,0.0,11.56600626332867
2025-04-11,0.0,60.72153288247552,8.674504697496502,9.638338552773892,13.493673973883448
2025-04-12,0.0,77.10670842219113,0.0,9.638338552773892,13.493673973883448
2025-04-13,10.602172408051281,86.74504697496502,8.674504697496502,9.638338552773892,10.602172408051281
2025-04-14,14.457507829160837,67.46836986941724,0.0,0.0,0.0
2025-04-15,10.216638865940325,66.40815262861211,10.216638865940325,10.216638865940325,12.259966639128391
2025-04-16,0.0,76.62479149455244,9.194974979346293,8.173311092752261,9.194974979346293
2025-04-17,13.281630525722424,64.36482485542406,8.173311092752261,0.0,19.41161384528662
2025-04-18,0.0,71.51647206158228,10.216638865940325,9.194974979346293,11.23830275253436
2025-04-19,11.23830275253436,83.77643870071067,12.259966639128391,11.23830275253436,16.346622185504522
2025-04-20,0.0,75.60312760795841,0.0,0.0,14.303294412316458
2025-04-21,8.173311092752261,68.45148040180018,7.151647206158229,8.173311092752261,10.216638865940325
2025-04-22,11.23830275253436,68.45148040180018,9.194974979346293,8.173311092752261,7.151647206158229
2025-04-23,8.173311092752261,66.40815262861211,7.151647206158229,8.173311092752261,14.303294412316458
2025-04-24,11.23830275253436,69.47314428839422,7.151647206158229,8.173311092752261,9.194974979346293
2025-04-25,0.0,66.40815262861211,7.151647206158229,8.173311092752261,7.151647206158229
2025-04-26,12.259966639128391,78.66811926774051,0.0,9.194974979346293,13.281630525722424
2025-04-27,10.216638865940325,86.84143036049278,12.259966639128391,0.0,0.0
2025-04-28,9.194974979346293,70.49480817498825,8.173311092752261,7.151647206158229,10.216638865940325
2025-04-29,8.173311092752261,64.36482485542406,11.23830275253436,0.0,6.129983319564196
2025-04-30,0.0,66.40815262861211,8.173311092752261,6.129983319564196,0.0
2025-05-01,8.173311092752261,74.58146372136439,7.151647206158229,11.23830275253436,10.216638865940325
2025-05-02,7.151647206158229,67.42981651520616,8.173311092752261,7.151647206158229,10.216638865940325
2025-05-03,11.23830275253436,89.90642202027487,10.216638865940325,15.32495829891049,14.303294412316458
2025-05-04,12.259966639128391,80.71144704092858,0.0,0.0,14.303294412316458
2025-05-05,0.0,69.47314428839422,7.151647206158229,12.259966639128391,12.259966639128391
2025-05-06,8.173311092752261,66.40815262861211,0.0,8.173311092752261,9.194974979346293
2025-05-07,0.0,73.55979983477035,7.151647206158229,12.259966639128391,10.216638865940325
2025-05-08,12.259966639128391,69.47314428839422,9.194974979346293,0.0,8.173311092752261
2025-05-09,9.194974979346293,73.55979983477035,0.0,7.151647206158229,0.0
2025-05-10,10.216638865940325,84.79810258730471,15.32495829891049,12.259966639128391,0.0
2025-05-11,11.23830275253436,81.7331109275226,0.0,10.216638865940325,9.194974979346293
2025-05-12,8.173311092752261,69.47314428839422,0.0,7.151647206158229,0.0
2025-05-13,8.173311092752261,61.29983319564196,13.281630525722424,8.173311092752261,12.259966639128391
2025-05-14,0.0,79.68978315433455,9.194974979346293,10.216638865940325,15.32495829891049
2025-05-15,8.173311092752261,79.68978315433455,7.151647206158229,0.0,0.0
2025-05-16,0.0,70.49480817498825,0.0,9.194974979346293,0.0
2025-05-17,0.0,86.84143036049278,0.0,11.23830275253436,13.281630525722424
2025-05-18,0.0,79.68978315433455,11.23830275253436,12.259966639128391,0.0
2025-05-19,8.173311092752261,80.71144704092858,13.281630525722424,9.194974979346293,8.173311092752261
2025-05-20,9.194974979346293,75.60312760795841,8.173311092752261,11.23830275253436,10.216638865940325
2025-05-21,0.0,72.53813594817632,0.0,9.194974979346293,14.303294412316458
2025-05-22,0.0,77.64645538114648,8.173311092752261,0.0,9.194974979346293
2025-05-23,9.194974979346293,75.60312760795841,10.216638865940325,0.0,0.0
2025-05-24,0.0,74.58146372136439,13.281630525722424,0.0,15.32495829891049
2025-05-25,11.23830275253436,83.77643870071067,12.259966639128391,0.0,12.259966639128391
2025-05-26,8.173311092752261,83.77643870071067,10.216638865940325,0.0,14.303294412316458
2025-05-27,9.194974979346293,90.9280859068689,10.216638865940325,8.173311092752261,15.32495829891049
2025-05-28,11.23830275253436,68.45148040180018,8.173311092752261,8.173311092752261,9.194974979346293
2025-05-29,9.194974979346293,70.49480817498825,0.0,8.173311092752261,13.281630525722424
2025-05-30,10.216638865940325,75.60312760795841,11.23830275253436,10.216638865940325,8.173311092752261
2025-05-31,17.368286072098556,91.94974979346294,0.0,0.0,12.259966639128391
2025-06-01,0.0,87.8630942470868,0.0,11.23830275253436,0.0
2025-06-02,0.0,74.58146372136439,12.259966639128391,0.0,12.259966639128391
2025-06-03,13.281630525722424,76.62479149455244,9.194974979346293,10.216638865940325,9.194974979346293
2025-06-04,0.0,67.42981651520616,0.0,0.0,12.259966639128391
2025-06-05,11.23830275253436,79.68978315433455,9.194974979346293,0.0,9.194974979346293
2025-06-06,10.216638865940325,69.47314428839422,10.216638865940325,10.216638865940325,9.194974979346293
2025-06-07,0.0,81.7331109275226,0.0,13.281630525722424,10.216638865940325
2025-06-08,11.23830275253436,92.97141368005697,11.23830275253436,9.194974979346293,11.23830275253436
2025-06-09,14.303294412316458,77.64645538114648,0.0,9.194974979346293,10.216638865940325
2025-06-10,12.259966639128391,66.40815262861211,7.151647206158229,0.0,13.281630525722424
2025-06-11,10.216638865940325,78.66811926774051,10.216638865940325,0.0,0.0
2025-06-12,0.0,66.40815262861211,9.194974979346293,7.151647206158229,11.23830275253436
2025-06-13,9.194974979346293,83.77643870071067,0.0,9.194974979346293,0.0
2025-06-14,8.173311092752261,85.81976647389874,14.303294412316458,10.216638865940325,9.194974979346293
2025-06-15,0.0,92.97141368005697,15.32495829891049,0.0,12.259966639128391
2025-06-16,11.23830275253436,76.62479149455244,8.173311092752261,0.0,11.23830275253436
2025-06-17,10.216638865940325,77.64645538114648,9.194974979346293,11.23830275253436,10.216638865940325
2025-06-18,8.173311092752261,81.7331109275226,7.151647206158229,8.173311092752261,8.173311092752261
2025-06-19,0.0,78.66811926774051,15.32495829891049,10.216638865940325,10.216638865940325
2025-06-20,10.216638865940325,80.71144704092858,9.194974979346293,8.173311092752261,12.259966639128391
2025-06-21,11.23830275253436,102.16638865940327,13.281630525722424,13.281630525722424,12.259966639128391
2025-06-22,11.23830275253436,83.77643870071067,11.23830275253436,0.0,15.32495829891049
2025-06-23,11.23830275253436,80.71144704092858,10.216638865940325,9.194974979346293,7.151647206158229
2025-06-24,11.23830275253436,71.51647206158228,16.346622185504522,0.0,0.0
2025-06-25,7.151647206158229,71.51647206158228,10.216638865940325,0.0,10.216638865940325
2025-06-26,11.23830275253436,75.60312760795841,11.23830275253436,7.151647206158229,12.259966639128391
2025-06-27,13.281630525722424,86.84143036049278,0.0,9.194974979346293,9.194974979346293
2025-06-28,11.23830275253436,89.90642202027487,12.259966639128391,0.0,9.194974979346293
2025-06-29,0.0,91.94974979346294,9.194974979346293,11.23830275253436,12.259966639128391
2025-06-30,14.303294412316458,73.55979983477035,12.259966639128391,8.173311092752261,11.23830275253436
2025-07-01,0.0,79.68978315433455,9.194974979346293,12.259966639128391,7.151647206158229
2025-07-02,9.194974979346293,76.62479149455244,0.0,0.0,12.259966639128391
2025-07-03,9.194974979346293,82.75477481411664,0.0,0.0,0.0
2025-07-04,10.216638865940325,77.64645538114648,13.281630525722424,11.23830275253436,10.216638865940325
2025-07-05,9.194974979346293,101.14472477280923,10.216638865940325,10.216638865940325,13.281630525722424
2025-07-06,12.793008666916585,89.55106066841608,14.925176778069348,10.66084055576382,15.991260833645729
2025-07-07,0.0,76.75805200149951,11.726924611340202,9.594756500187438,10.66084055576382
2025-07-08,0.0,78.89022011265227,8.528672444611056,0.0,0.0
2025-07-09,11.726924611340202,73.55979983477036,10.66084055576382,13.859092722492965,7.462588389034674
2025-07-10,8.528672444611056,83.15455633495779,12.793008666916585,0.0,0.0
2025-07-11,0.0,76.75805200149951,12.793008666916585,9.594756500187438,10.66084055576382
2025-07-12,14.925176778069348,106.60840555763819,8.528672444611056,0.0,10.66084055576382
2025-07-13,10.66084055576382,95.94756500187438,18.123428944798494,8.528672444611056,10.66084055576382
2025-07-14,8.528672444611056,92.74931283514523,9.594756500187438,10.66084055576382,8.528672444611056
2025-07-15,7.462588389034674,78.89022011265227,9.594756500187438,13.859092722492965,7.462588389034674
2025-07-16,7.462588389034674,92.74931283514523,8.528672444611056,9.594756500187438,12.793008666916585
2025-07-17,11.726924611340202,65.0311273901593,13.859092722492965,13.859092722492965,8.528672444611056
2025-07-18,10.66084055576382,89.55106066841608,10.66084055576382,9.594756500187438,12.793008666916585
2025-07-19,0.0,103.41015339090904,15.991260833645729,11.726924611340202,18.123428944798494
2025-07-20,0.0,86.35280850168694,11.726924611340202,11.726924611340202,15.991260833645729
2025-07-21,0.0,90.61714472399247,8.528672444611056,10.66084055576382,12.793008666916585
2025-07-22,0.0,83.15455633495779,9.594756500187438,0.0,9.594756500187438
2025-07-23,0.0,72.49371577919398,12.793008666916585,0.0,11.726924611340202
2025-07-24,17.05734488922211,65.0311273901593,10.66084055576382,7.462588389034674,10.66084055576382
2025-07-25,0.0,85.28672444611055,0.0,11.726924611340202,9.594756500187438
2025-07-26,0.0,94.881480946298,0.0,0.0,11.726924611340202
2025-07-27,0.0,86.35280850168694,9.594756500187438,8.528672444611056,8.528672444611056
2025-07-28,11.726924611340202,77.82413605707589,10.66084055576382,0.0,10.66084055576382
2025-07-29,8.528672444611056,68.22937955688845,0.0,9.594756500187438,8.528672444611056
2025-07-30,0.0,70.36154766804121,11.726924611340202,11.726924611340202,10.66084055576382
2025-07-31,0.0,79.95630416822864,0.0,8.528672444611056,12.793008666916585
2025-08-01,10.66084055576382,82.0884722793814,9.594756500187438,0.0,9.594756500187438
2025-08-02,0.0,93.81539689072162,18.123428944798494,14.925176778069348,9.594756500187438
2025-08-03,15.991260833645729,86.35280850168694,14.925176778069348,10.66084055576382,9.594756500187438
2025-08-04,0.0,83.15455633495779,0.0,10.66084055576382,0.0
2025-08-05,10.66084055576382,74.62588389034674,0.0,12.793008666916585,11.726924611340202
2025-08-06,0.0,77.82413605707589,8.528672444611056,8.528672444611056,0.0
2025-08-07,0.0,76.75805200149951,13.859092722492965,10.66084055576382,7.462588389034674
2025-08-08,8.528672444611056,87.41889255726332,8.528672444611056,9.594756500187438,10.66084055576382
2025-08-09,8.528672444611056,92.74931283514523,11.726924611340202,0.0,18.123428944798494
2025-08-10,11.726924611340202,88.4849766128397,18.123428944798494,10.66084055576382,13.859092722492965
2025-08-11,0.0,68.22937955688845,10.66084055576382,10.66084055576382,9.594756500187438
2025-08-12,7.462588389034674,75.69196794592312,13.859092722492965,9.594756500187438,0.0
2025-08-13,9.594756500187438,67.16329550131206,8.528672444611056,9.594756500187438,10.66084055576382
2025-08-14,8.528672444611056,83.15455633495779,7.462588389034674,0.0,0.0
2025-08-15,9.594756500187438,76.75805200149951,10.66084055576382,9.594756500187438,7.462588389034674
2025-08-16,8.528672444611056,98.07973311302715,13.859092722492965,8.528672444611056,13.859092722492965
2025-08-17,10.66084055576382,102.34406933533268,8.528672444611056,14.925176778069348,12.793008666916585
2025-08-18,7.462588389034674,81.02238822380502,9.594756500187438,11.726924611340202,11.726924611340202
2025-08-19,9.594756500187438,72.49371577919398,9.594756500187438,10.66084055576382,8.528672444611056
2025-08-20,7.462588389034674,77.82413605707589,10.66084055576382,9.594756500187438,9.594756500187438
2025-08-21,10.66084055576382,60.766791167853775,0.0,9.594756500187438,11.726924611340202
2025-08-22,10.66084055576382,70.36154766804121,9.594756500187438,13.859092722492965,18.123428944798494
2025-08-23,8.528672444611056,90.61714472399247,9.594756500187438,0.0,11.726924611340202
2025-08-24,11.726924611340202,86.35280850168694,8.528672444611056,14.925176778069348,0.0
2025-08-25,12.793008666916585,81.02238822380502,13.859092722492965,0.0,7.462588389034674
2025-08-26,9.594756500187438,77.82413605707589,10.66084055576382,15.991260833645729,7.462588389034674
2025-08-27,0.0,75.69196794592312,9.594756500187438,9.594756500187438,9.594756500187438
2025-08-28,10.66084055576382,73.55979983477036,11.726924611340202,7.462588389034674,8.528672444611056
2025-08-29,0.0,79.95630416822864,0.0,12.793008666916585,9.594756500187438
2025-08-30,0.0,82.0884722793814,9.594756500187438,0.0,12.793008666916585
2025-08-31,9.594756500187438,77.82413605707589,11.726924611340202,12.793008666916585,10.66084055576382
2025-09-01,8.528672444611056,78.89022011265227,15.991260833645729,11.726924611340202,15.991260833645729
2025-09-02,0.0,82.0884722793814,11.726924611340202,8.528672444611056,7.462588389034674
2025-09-03,7.462588389034674,71.4276317236176,0.0,7.462588389034674,11.726924611340202
2025-09-04,8.528672444611056,65.0311273901593,9.594756500187438,8.528672444611056,9.594756500187438
2025-09-05,8.528672444611056,71.4276317236176,7.462588389034674,0.0,10.66084055576382
2025-09-06,9.594756500187438,92.74931283514523,13.859092722492965,8.528672444611056,10.66084055576382
2025-09-07,0.0,85.28672444611055,10.66084055576382,8.528672444611056,11.726924611340202
2025-09-08,0.0,74.62588389034674,10.66084055576382,0.0,10.66084055576382
2025-09-09,0.0,66.09721144573568,0.0,9.594756500187438,9.594756500187438
2025-09-10,7.462588389034674,60.766791167853775,8.528672444611056,0.0,8.528672444611056
2025-09-11,8.528672444611056,56.502454945548244,0.0,7.462588389034674,0.0
2025-09-12,0.0,70.36154766804121,11.726924611340202,0.0,7.462588389034674
2025-09-13,0.0,90.61714472399247,0.0,0.0,8.528672444611056
2025-09-14,0.0,84.22064039053417,10.66084055576382,13.859092722492965,12.793008666916585
2025-09-15,0.0,71.4276317236176,7.462588389034674,9.594756500187438,10.66084055576382
2025-09-16,0.0,56.502454945548244,0.0,0.0,7.462588389034674
2025-09-17,9.594756500187438,82.0884722793814,0.0,7.462588389034674,0.0
2025-09-18,0.0,61.83287522343016,0.0,6.396504333458292,9.594756500187438
2025-09-19,8.528672444611056,71.4276317236176,13.859092722492965,12.793008666916585,12.793008666916585
2025-09-20,11.726924611340202,72.49371577919398,0.0,0.0,18.123428944798494
2025-09-21,8.528672444611056,88.4849766128397,14.925176778069348,9.594756500187438,0.0
2025-09-22,9.594756500187438,65.0311273901593,8.528672444611056,0.0,8.528672444611056
2025-09-23,8.528672444611056,83.15455633495779,8.528672444611056,0.0,0.0
2025-09-24,0.0,79.95630416822864,0.0,0.0,8.528672444611056
2025-09-25,0.0,55.43637088997186,9.594756500187438,8.528672444611056,11.726924611340202
2025-09-26,12.063215524159453,77.01899142347959,13.9190948355686,0.0,7.423517245636587
2025-09-27,9.279396557045734,84.44250866911618,0.0,10.207336212750308,11.13527586845488
2025-09-28,15.774974146977748,69.595474177843,0.0,0.0,11.13527586845488
2025-09-29,9.279396557045734,65.88371555502471,0.0,8.35145690134116,8.35145690134116
2025-09-30,0.0,66.81165521072928,14.847034491273174,0.0,0.0
2025-10-01,0.0,70.52341383354758,11.13527586845488,15.774974146977748,10.207336212750308
2025-10-02,9.279396557045734,77.94693107918417,0.0,7.423517245636587,0.0
2025-10-03,0.0,67.73959486643386,8.35145690134116,9.279396557045734,0.0
2025-10-04,0.0,87.2263276362299,9.279396557045734,11.13527586845488,16.70291380268232
2025-10-05,0.0,91.86602591475277,11.13527586845488,11.13527586845488,9.279396557045734
2025-10-06,9.279396557045734,81.65868970200246,7.423517245636587,7.423517245636587,12.991155179864027
2025-10-07,0.0,63.09989658791099,9.279396557045734,0.0,0.0
2025-10-08,0.0,58.460198309388126,0.0,8.35145690134116,14.847034491273174
2025-10-09,10.207336212750308,62.17195693220641,9.279396557045734,7.423517245636587,21.34261208120519
2025-10-10,0.0,77.01899142347959,0.0,8.35145690134116,11.13527586845488
2025-10-11,0.0,88.15426729193447,0.0,12.063215524159453,12.991155179864027
2025-10-12,16.70291380268232,86.29838798052532,13.9190948355686,10.207336212750308,0.0
2025-10-13,0.0,74.23517245636587,9.279396557045734,11.13527586845488,10.207336212750308
2025-10-14,0.0,57.53225865368355,0.0,7.423517245636587,15.774974146977748
2025-10-15,8.35145690134116,69.595474177843,7.423517245636587,12.991155179864027,12.063215524159453
2025-10-16,0.0,62.17195693220641,8.35145690134116,0.0,8.35145690134116
2025-10-17,8.35145690134116,66.81165521072928,8.35145690134116,8.35145690134116,8.35145690134116
2025-10-18,9.279396557045734,69.595474177843,12.991155179864027,0.0,12.991155179864027
2025-10-19,11.13527586845488,90.01014660334361,9.279396557045734,0.0,15.774974146977748
2025-10-20,0.0,74.23517245636587,12.991155179864027,9.279396557045734,11.13527586845488
2025-10-21,0.0,83.5145690134116,7.423517245636587,0.0,6.495577589932013
2025-10-22,9.279396557045734,64.95577589932013,0.0,0.0,10.207336212750308
2025-10-23,13.9190948355686,66.81165521072928,0.0,11.13527586845488,11.13527586845488
2025-10-24,7.423517245636587,77.01899142347959,0.0,8.35145690134116,9.279396557045734
2025-10-25,0.0,85.37044832482076,12.063215524159453,12.063215524159453,24.126431048318906
2025-10-26,0.0,74.23517245636587,12.063215524159453,10.207336212750308,10.207336212750308
2025-10-27,8.35145690134116,57.53225865368355,11.13527586845488,0.0,8.35145690134116
2025-10-28,6.495577589932013,63.09989658791099,8.35145690134116,0.0,6.495577589932013
2025-10-29,0.0,79.80281039059331,10.207336212750308,0.0,10.207336212750308
2025-10-30,6.495577589932013,66.81165521072928,7.423517245636587,11.13527586845488,9.279396557045734
2025-10-31,0.0,63.09989658791099,8.35145690134116,9.279396557045734,0.0
2025-11-01,9.279396557045734,76.09105176777501,10.207336212750308,10.207336212750308,10.207336212750308
2025-11-02,8.35145690134116,92.79396557045733,16.70291380268232,0.0,12.063215524159453
2025-11-03,8.35145690134116,62.17195693220641,7.423517245636587,0.0,0.0
2025-11-04,7.423517245636587,74.23517245636587,7.423517245636587,7.423517245636587,8.35145690134116
2025-11-05,7.423517245636587,61.24401727650184,12.063215524159453,0.0,7.423517245636587
2025-11-06,8.35145690134116,67.73959486643386,8.35145690134116,8.35145690134116,8.35145690134116
2025-11-07,0.0,61.24401727650184,15.774974146977748,12.063215524159453,8.35145690134116
2025-11-08,0.0,79.80281039059331,0.0,0.0,12.991155179864027
2025-11-09,13.9190948355686,92.79396557045733,13.9190948355686,10.207336212750308,14.847034491273174
2025-11-10,0.0,64.95577589932013,9.279396557045734,10.207336212750308,10.207336212750308
2025-11-11,8.35145690134116,71.45135348925216,18.55879311409147,9.279396557045734,11.13527586845488
2025-11-12,0.0,59.388137965092696,9.279396557045734,11.13527586845488,12.063215524159453
2025-11-13,7.423517245636587,68.66753452213842,11.13527586845488,9.279396557045734,9.279396557045734
2025-11-14,8.35145690134116,78.87487073488873,12.991155179864027,9.279396557045734,10.207336212750308
2025-11-15,0.0,64.95577589932013,11.13527586845488,8.35145690134116,0.0
2025-11-16,9.279396557045734,70.52341383354758,14.847034491273174,8.35145690134116,17.630853458386895
2025-11-17,10.207336212750308,63.09989658791099,7.423517245636587,8.35145690134116,8.35145690134116
2025-11-18,10.207336212750308,63.09989658791099,12.063215524159453,0.0,0.0
2025-11-19,12.063215524159453,74.23517245636587,8.35145690134116,11.13527586845488,0.0
2025-11-20,0.0,70.52341383354758,8.35145690134116,9.279396557045734,0.0
2025-11-21,0.0,59.388137965092696,16.70291380268232,8.35145690134116,0.0
2025-11-22,12.991155179864027,68.66753452213842,15.774974146977748,0.0,16.70291380268232
2025-11-23,11.13527586845488,76.09105176777501,10.207336212750308,0.0,11.13527586845488
2025-11-24,0.0,75.16311211207044,11.13527586845488,9.279396557045734,11.13527586845488
2025-11-25,0.0,67.73959486643386,15.774974146977748,8.35145690134116,13.9190948355686
2025-11-26,0.0,79.80281039059331,12.063215524159453,9.279396557045734,11.13527586845488
2025-11-27,0.0,69.595474177843,0.0,0.0,0.0
2025-11-28,0.0,77.01899142347959,9.279396557045734,0.0,13.9190948355686
2025-11-29,10.207336212750308,84.44250866911618,14.847034491273174,21.34261208120519,12.063215524159453
2025-11-30,11.13527586845488,85.37044832482076,15.774974146977748,12.991155179864027,16.70291380268232
2025-12-01,0.0,63.09989658791099,10.207336212750308,6.495577589932013,6.495577589932013
2025-12-02,16.70291380268232,65.88371555502471,8.35145690134116,0.0,8.35145690134116
2025-12-03,0.0,69.595474177843,11.13527586845488,7.423517245636587,11.13527586845488
2025-12-04,8.35145690134116,64.02783624361557,9.279396557045734,10.207336212750308,10.207336212750308
2025-12-05,8.35145690134116,61.24401727650184,12.991155179864027,0.0,12.063215524159453
2025-12-06,14.847034491273174,69.595474177843,18.55879311409147,17.630853458386895,8.35145690134116
2025-12-07,0.0,64.95577589932013,13.9190948355686,12.063215524159453,8.35145690134116
2025-12-08,15.774974146977748,67.73959486643386,8.35145690134116,10.207336212750308,9.279396557045734
2025-12-09,0.0,57.53225865368355,13.9190948355686,8.35145690134116,0.0
2025-12-10,0.0,63.09989658791099,10.207336212750308,9.279396557045734,9.279396557045734
2025-12-11,0.0,64.95577589932013,13.9190948355686,8.35145690134116,6.495577589932013
2025-12-12,7.423517245636587,70.52341383354758,8.35145690134116,11.13527586845488,0.0
2025-12-13,11.13527586845488,72.37929314495672,10.207336212750308,12.063215524159453,12.063215524159453
2025-12-14,0.0,71.45135348925216,11.13527586845488,0.0,10.207336212750308
2025-12-15,0.0,66.81165521072928,7.423517245636587,9.279396557045734,0.0
2025-12-16,8.35145690134116,69.595474177843,9.279396557045734,10.207336212750308,9.279396557045734
2025-12-17,0.0,70.23750810178996,11.09013285817736,12.014310596358808,9.241777381814467
2025-12-18,13.862666072721701,76.70675226906008,10.165955119995914,7.393421905451574,8.31759964363302
2025-12-19,0.0,73.0100413163343,9.241777381814467,0.0,7.393421905451574
2025-12-20,0.0,77.63093000724153,13.862666072721701,16.63519928726604,12.938488334540255
2025-12-21,9.241777381814467,69.31333036360851,9.241777381814467,15.711021549084595,12.014310596358808
2025-12-22,0.0,77.63093000724153,12.938488334540255,11.09013285817736,8.31759964363302
2025-12-23,12.014310596358808,73.0100413163343,13.862666072721701,11.09013285817736,10.165955119995914
2025-12-24,11.09013285817736,76.70675226906008,12.938488334540255,20.331910239991828,9.241777381814467
2025-12-25,0.0,58.223197505431145,12.938488334540255,0.0,15.711021549084595
2025-12-26,8.31759964363302,83.17599643633021,12.938488334540255,0.0,9.241777381814467
2025-12-27,11.09013285817736,86.872707389056,12.014310596358808,12.014310596358808,0.0
2025-12-28,0.0,85.94852965087455,9.241777381814467,11.09013285817736,16.63519928726604
2025-12-29,13.862666072721701,88.72106286541889,11.09013285817736,10.165955119995914,15.711021549084595
2025-12-30,0.0,85.0243519126931,9.241777381814467,0.0,9.241777381814467
2025-12-31,0.0,92.41777381814468,11.09013285817736,0.0,13.862666072721701
