date,kennel,food,bed,treats,collar,burglary_count,pet_product_interest,month
2021-01-01,7.391326331901299,64.05816154314459,12.318877219835498,8.212584813223666,6.5700678505789325,115,19.7102035517368,2021-01
2021-01-02,7.391326331901299,65.70067850578933,13.961394182480232,9.8551017758684,0.0,94,19.381700159207853,2021-01
2021-01-03,11.497618738513133,73.91326331901298,13.961394182480232,13.961394182480232,13.961394182480232,108,25.459012920993366,2021-01
2021-01-04,9.8551017758684,55.02431824859856,9.8551017758684,7.391326331901299,7.391326331901299,114,17.903434892827594,2021-01
2021-01-05,0.0,55.84557672992093,7.391326331901299,7.391326331901299,12.318877219835498,112,16.589421322711807,2021-01
2021-01-06,6.5700678505789325,46.8117334353749,9.033843294546033,7.391326331901299,8.212584813223666,82,15.603911145124965,2021-01
2021-01-07,5.748809369256566,55.02431824859856,9.033843294546033,0.0,7.391326331901299,99,15.43965944886049,2021-01
2021-01-08,6.5700678505789325,61.59438609917749,8.212584813223666,6.5700678505789325,9.8551017758684,85,18.560441677885485,2021-01
2021-01-09,9.8551017758684,67.34319546843406,7.391326331901299,0.0,10.676360257190765,84,19.053196766678905,2021-01
2021-01-10,10.676360257190765,58.30935217388803,13.961394182480232,9.033843294546033,12.318877219835498,75,20.85996542558811,2021-01
2021-01-11,5.748809369256566,59.951869136532764,9.8551017758684,7.391326331901299,6.5700678505789325,91,17.903434892827594,2021-01
2021-01-12,6.5700678505789325,49.27550887934199,9.8551017758684,7.391326331901299,9.033843294546033,98,16.42516962644733,2021-01
2021-01-13,9.033843294546033,82.12584813223665,11.497618738513133,0.0,11.497618738513133,71,22.83098578076179,2021-01
2021-01-14,7.391326331901299,63.236903061822225,12.318877219835498,5.748809369256566,7.391326331901299,110,19.217448462943377,2021-01
2021-01-15,7.391326331901299,64.05816154314459,0.0,9.8551017758684,9.8551017758684,125,18.23193828535654,2021-01
2021-01-16,10.676360257190765,76.37703876298009,7.391326331901299,11.497618738513133,11.497618738513133,109,23.487992565819685,2021-01
2021-01-17,9.8551017758684,76.37703876298009,8.212584813223666,9.033843294546033,13.140135701157865,90,23.323740869555213,2021-01
2021-01-18,5.748809369256566,59.13061065521039,7.391326331901299,6.5700678505789325,16.42516962644733,113,19.0531967666789,2021-01
2021-01-19,6.5700678505789325,57.488093692565656,6.5700678505789325,0.0,9.8551017758684,97,16.096666233918388,2021-01
2021-01-20,7.391326331901299,56.666835211243296,0.0,0.0,0.0,118,12.81163230862892,2021-01
2021-01-21,5.748809369256566,59.13061065521039,9.033843294546033,0.0,9.033843294546033,94,16.589421322711804,2021-01
2021-01-22,5.748809369256566,63.236903061822225,0.0,6.5700678505789325,8.212584813223666,120,16.75367301897628,2021-01
2021-01-23,0.0,64.05816154314459,8.212584813223666,0.0,9.8551017758684,97,16.425169626447335,2021-01
2021-01-24,0.0,59.951869136532764,10.676360257190765,12.318877219835498,14.782652663802597,101,19.545951855472325,2021-01
2021-01-25,0.0,56.666835211243296,8.212584813223666,10.676360257190765,6.5700678505789325,92,16.425169626447335,2021-01
2021-01-26,0.0,56.666835211243296,8.212584813223666,5.748809369256566,9.8551017758684,104,16.096666233918388,2021-01
2021-01-27,7.391326331901299,47.632991916697264,13.140135701157865,8.212584813223666,9.033843294546033,125,17.082176411505223,2021-01
2021-01-28,9.033843294546033,64.87942002446697,9.8551017758684,8.212584813223666,0.0,94,18.396189981621013,2021-01
2021-01-29,0.0,64.05816154314459,9.033843294546033,9.033843294546033,9.8551017758684,87,18.396189981621013,2021-01
2021-01-30,0.0,75.55578028165772,10.676360257190765,9.033843294546033,13.961394182480232,83,21.84547560317495,2021-01
2021-01-31,6.5700678505789325,75.55578028165772,15.603911145124966,7.391326331901299,10.676360257190765,91,23.159489173290737,2021-01
2021-02-01,9.8551017758684,55.02431824859856,9.033843294546033,0.0,9.8551017758684,119,16.75367301897628,2021-02
2021-02-02,8.212584813223666,59.13061065521039,6.5700678505789325,0.0,0.0,115,14.7826526638026,2021-02
2021-02-03,5.748809369256566,50.096767360664366,9.033843294546033,7.391326331901299,9.8551017758684,98,16.425169626447335,2021-02
2021-02-04,10.676360257190765,55.84557672992093,14.782652663802597,9.033843294546033,0.0,124,18.067686589092066,2021-02
2021-02-05,7.391326331901299,51.7392843233091,10.676360257190765,8.212584813223666,9.033843294546033,89,17.410679804034174,2021-02
2021-02-06,7.391326331901299,76.37703876298009,7.391326331901299,10.676360257190765,12.318877219835498,111,22.83098578076179,2021-02
2021-02-07,9.033843294546033,66.5219369871117,10.676360257190765,0.0,12.318877219835498,95,19.7102035517368,2021-02
2021-02-08,7.391326331901299,54.203059767276194,6.5700678505789325,0.0,9.8551017758684,103,15.603911145124965,2021-02
2021-02-09,0.0,50.096767360664366,8.212584813223666,8.212584813223666,8.212584813223666,101,14.946904360067075,2021-02
2021-02-10,10.676360257190765,49.27550887934199,9.033843294546033,13.961394182480232,9.8551017758684,110,18.560441677885485,2021-02
2021-02-11,9.033843294546033,47.632991916697264,6.5700678505789325,9.8551017758684,8.212584813223666,89,16.26091793018286,2021-02
2021-02-12,6.5700678505789325,62.415644580499865,7.391326331901299,9.033843294546033,0.0,138,17.082176411505223,2021-02
2021-02-13,6.5700678505789325,55.84557672992093,9.8551017758684,10.676360257190765,9.8551017758684,91,18.560441677885485,2021-02
2021-02-14,6.5700678505789325,51.7392843233091,9.033843294546033,0.0,8.212584813223666,102,15.111156056331547,2021-02
2021-02-15,12.318877219835498,68.9857124310788,9.8551017758684,7.391326331901299,11.497618738513133,104,22.009727299439426,2021-02
2021-02-16,0.0,49.27550887934199,8.212584813223666,9.033843294546033,10.676360257190765,113,15.43965944886049,2021-02
2021-02-17,6.5700678505789325,59.13061065521039,9.033843294546033,0.0,0.0,95,14.946904360067071,2021-02
2021-02-18,5.748809369256566,53.381801285953834,9.033843294546033,0.0,9.033843294546033,75,15.439659448860493,2021-02
2021-02-19,6.5700678505789325,57.488093692565656,13.140135701157865,9.8551017758684,0.0,102,17.41067980403417,2021-02
2021-02-20,9.8551017758684,69.80697091240116,13.140135701157865,9.033843294546033,12.318877219835498,102,22.83098578076179,2021-02
2021-02-21,11.497618738513133,70.62822939372353,9.8551017758684,9.8551017758684,9.8551017758684,85,22.338230691968374,2021-02
2021-02-22,9.033843294546033,55.02431824859856,12.318877219835498,7.391326331901299,5.748809369256566,128,17.90343489282759,2021-02
2021-02-23,9.033843294546033,58.30935217388803,10.676360257190765,0.0,0.0,105,15.603911145124965,2021-02
2021-02-24,7.391326331901299,60.773127617855124,0.0,8.212584813223666,6.5700678505789325,104,16.589421322711807,2021-02
2021-02-25,6.5700678505789325,47.632991916697264,9.033843294546033,9.033843294546033,10.676360257190765,98,16.589421322711807,2021-02
2021-02-26,11.497618738513133,61.59438609917749,8.212584813223666,7.391326331901299,9.033843294546033,92,19.545951855472325,2021-02
2021-02-27,12.318877219835498,58.30935217388803,10.676360257190765,8.212584813223666,16.42516962644733,125,21.18846881811706,2021-02
2021-02-28,12.318877219835498,67.34319546843406,9.8551017758684,9.033843294546033,18.067686589092066,93,23.323740869555213,2021-02
2021-03-01,11.497618738513133,49.27550887934199,8.212584813223666,7.391326331901299,12.318877219835498,127,17.73918319656312,2021-03
2021-03-02,6.5700678505789325,47.632991916697264,9.033843294546033,5.748809369256566,13.140135701157865,109,16.42516962644733,2021-03
2021-03-03,6.5700678505789325,47.632991916697264,7.391326331901299,8.212584813223666,10.676360257190765,96,16.096666233918384,2021-03
2021-03-04,0.0,56.666835211243296,10.676360257190765,0.0,14.782652663802597,106,16.42516962644733,2021-03
2021-03-05,8.212584813223666,54.203059767276194,0.0,0.0,10.676360257190765,117,14.618400967538125,2021-03
2021-03-06,0.0,74.73452180033536,14.782652663802597,0.0,13.961394182480232,106,20.695713729323636,2021-03
2021-03-07,0.0,66.5219369871117,12.318877219835498,0.0,10.676360257190765,86,17.903434892827594,2021-03
2021-03-08,10.676360257190765,64.87942002446697,6.5700678505789325,0.0,7.391326331901299,96,17.903434892827594,2021-03
2021-03-09,9.8551017758684,54.203059767276194,9.033843294546033,9.8551017758684,9.033843294546033,93,18.396189981621013,2021-03
2021-03-10,6.5700678505789325,53.381801285953834,0.0,5.748809369256566,5.748809369256566,85,14.289897575009178,2021-03
2021-03-11,7.391326331901299,54.203059767276194,9.8551017758684,6.5700678505789325,0.0,86,15.603911145124965,2021-03
2021-03-12,0.0,54.203059767276194,10.676360257190765,5.748809369256566,13.961394182480232,114,16.91792471524075,2021-03
2021-03-13,7.391326331901299,58.30935217388803,7.391326331901299,0.0,10.676360257190765,83,16.75367301897628,2021-03
2021-03-14,7.391326331901299,68.16445394975644,14.782652663802597,10.676360257190765,9.033843294546033,86,22.009727299439426,2021-03
2021-03-15,8.212584813223666,51.7392843233091,9.8551017758684,0.0,11.497618738513133,85,16.26091793018286,2021-03
2021-03-16,7.391326331901299,45.16921647273016,8.212584813223666,0.0,0.0,81,12.154625523571024,2021-03
2021-03-17,7.391326331901299,51.7392843233091,9.8551017758684,0.0,7.391326331901299,81,15.275407752596019,2021-03
2021-03-18,7.391326331901299,50.918025841986726,5.748809369256566,7.391326331901299,9.033843294546033,84,16.096666233918384,2021-03
2021-03-19,9.033843294546033,48.454250398019624,8.212584813223666,8.212584813223666,9.8551017758684,82,16.75367301897628,2021-03
2021-03-20,9.033843294546033,63.236903061822225,7.391326331901299,6.5700678505789325,9.033843294546033,89,19.053196766678905,2021-03
2021-03-21,9.8551017758684,64.05816154314459,11.497618738513133,8.212584813223666,13.961394182480232,95,21.516972210646006,2021-03
2021-03-22,9.033843294546033,55.02431824859856,9.033843294546033,5.748809369256566,15.603911145124966,82,18.88894507041443,2021-03
2021-03-23,9.033843294546033,63.236903061822225,7.391326331901299,10.676360257190765,12.318877219835498,70,20.531462033059164,2021-03
2021-03-24,7.391326331901299,59.951869136532764,5.748809369256566,7.391326331901299,10.676360257190765,91,18.231938285356538,2021-03
2021-03-25,10.676360257190765,64.87942002446697,5.748809369256566,0.0,9.8551017758684,96,18.23193828535654,2021-03
2021-03-26,0.0,45.99047495405253,10.676360257190765,0.0,6.5700678505789325,98,12.647380612364445,2021-03
2021-03-27,9.033843294546033,64.05816154314459,9.033843294546033,0.0,9.8551017758684,106,18.396189981621013,2021-03
2021-03-28,8.212584813223666,66.5219369871117,9.8551017758684,7.391326331901299,13.140135701157865,82,21.024217121852587,2021-03
2021-03-29,9.033843294546033,49.27550887934199,9.8551017758684,9.033843294546033,8.212584813223666,98,17.082176411505223,2021-03
2021-03-30,7.391326331901299,64.05816154314459,6.5700678505789325,0.0,8.212584813223666,83,17.2464281077697,2021-03
2021-03-31,6.614280958590904,64.4892393462613,9.094636318062493,0.0,9.094636318062493,79,17.858558588195443,2021-03
2021-04-01,5.787495838767041,57.04817326784655,0.0,0.0,6.614280958590904,100,13.8899900130409,2021-04
2021-04-02,6.614280958590904,68.62316494538064,8.26785119823863,6.614280958590904,13.228561917181809,87,20.669627995596578,2021-04
2021-04-03,11.574991677534083,68.62316494538064,0.0,9.094636318062493,13.228561917181809,67,20.504270971631804,2021-04
2021-04-04,0.0,52.914247668727235,7.441066078414766,0.0,17.362487516301123,71,15.543560252688625,2021-04
2021-04-05,9.094636318062493,64.4892393462613,0.0,0.0,9.094636318062493,80,16.53570239647726,2021-04
2021-04-06,6.614280958590904,52.087462548903375,7.441066078414766,0.0,8.26785119823863,96,14.882132156829536,2021-04
2021-04-07,7.441066078414766,51.26067742907951,5.787495838767041,0.0,13.228561917181809,79,15.543560252688625,2021-04
2021-04-08,9.094636318062493,57.874958387670404,0.0,0.0,9.094636318062493,86,15.21284620475908,2021-04
2021-04-09,0.0,62.00888398678973,0.0,9.094636318062493,9.921421437886355,84,16.204988348547715,2021-04
2021-04-10,9.921421437886355,61.18209886696587,11.574991677534083,11.574991677534083,9.094636318062493,94,20.669627995596578,2021-04
2021-04-11,12.401776797357945,67.79637982555677,0.0,0.0,9.921421437886355,84,18.023915612160213,2021-04
2021-04-12,13.228561917181809,50.43389230925565,0.0,5.787495838767041,9.921421437886355,98,15.874274300618168,2021-04
2021-04-13,6.614280958590904,47.95353694978405,9.094636318062493,0.0,5.787495838767041,70,13.889990013040897,2021-04
2021-04-14,8.26785119823863,57.874958387670404,0.0,9.921421437886355,10.748206557710219,82,17.362487516301123,2021-04
2021-04-15,5.787495838767041,58.70174350749428,6.614280958590904,0.0,7.441066078414766,96,15.708917276653398,2021-04
2021-04-16,7.441066078414766,54.56781790837495,8.26785119823863,7.441066078414766,0.0,102,15.543560252688621,2021-04
2021-04-17,9.921421437886355,62.83566910661359,10.748206557710219,0.0,10.748206557710219,96,18.850700731984077,2021-04
2021-04-18,7.441066078414766,62.83566910661359,13.228561917181809,13.228561917181809,14.055347037005673,72,22.15784121127953,2021-04
2021-04-19,12.401776797357945,57.874958387670404,0.0,11.574991677534083,11.574991677534083,94,18.685343708019303,2021-04
2021-04-20,8.26785119823863,61.18209886696587,9.094636318062493,8.26785119823863,15.708917276653397,92,20.504270971631804,2021-04
2021-04-21,7.441066078414766,58.70174350749428,6.614280958590904,8.26785119823863,10.748206557710219,91,18.354629660089763,2021-04
2021-04-22,9.094636318062493,55.394603028198816,11.574991677534083,8.26785119823863,7.441066078414766,79,18.35462966008976,2021-04
2021-04-23,0.0,48.78032206960791,8.26785119823863,8.26785119823863,8.26785119823863,78,14.71677513286476,2021-04
2021-04-24,10.748206557710219,64.4892393462613,8.26785119823863,0.0,9.921421437886355,77,18.6853437080193,2021-04
2021-04-25,7.441066078414766,62.83566910661359,9.094636318062493,6.614280958590904,13.228561917181809,75,19.842842875772714,2021-04
2021-04-26,11.574991677534083,58.70174350749428,0.0,8.26785119823863,11.574991677534083,110,18.023915612160216,2021-04
2021-04-27,0.0,48.78032206960791,0.0,9.094636318062493,7.441066078414766,100,13.063204893217033,2021-04
2021-04-28,7.441066078414766,61.18209886696587,6.614280958590904,0.0,14.882132156829533,100,18.023915612160216,2021-04
2021-04-29,0.0,51.26067742907951,9.094636318062493,6.614280958590904,12.401776797357945,101,15.874274300618168,2021-04
2021-04-30,8.26785119823863,62.83566910661359,7.441066078414766,0.0,7.441066078414766,109,17.19713049233635,2021-04
2021-05-01,6.614280958590904,57.874958387670404,9.094636318062493,9.921421437886355,7.441066078414766,109,18.189272636124986,2021-05
2021-05-02,7.441066078414766,66.14280958590903,8.26785119823863,8.26785119823863,12.401776797357945,88,20.5042709716318,2021-05
2021-05-03,8.26785119823863,54.56781790837495,0.0,0.0,8.26785119823863,96,14.220704060970442,2021-05
2021-05-04,9.921421437886355,56.22138814802269,5.787495838767041,5.787495838767041,9.094636318062493,95,17.362487516301126,2021-05
2021-05-05,7.441066078414766,50.43389230925565,5.787495838767041,7.441066078414766,5.787495838767041,83,15.378203228723853,2021-05
2021-05-06,0.0,62.83566910661359,7.441066078414766,7.441066078414766,11.574991677534083,104,17.858558588195443,2021-05
2021-05-07,6.614280958590904,49.60710718943178,9.094636318062493,8.26785119823863,8.26785119823863,103,16.37034537251249,2021-05
2021-05-08,11.574991677534083,55.394603028198816,10.748206557710219,6.614280958590904,14.882132156829533,111,19.84284287577271,2021-05
2021-05-09,9.094636318062493,62.00888398678973,8.26785119823863,0.0,11.574991677534083,82,18.18927263612499,2021-05
2021-05-10,8.26785119823863,51.26067742907951,9.921421437886355,7.441066078414766,12.401776797357945,113,17.85855858819544,2021-05
2021-05-11,0.0,53.74103278855109,0.0,11.574991677534083,5.787495838767041,97,14.220704060970442,2021-05
2021-05-12,8.26785119823863,54.56781790837495,9.094636318062493,9.921421437886355,8.26785119823863,99,18.023915612160213,2021-05
2021-05-13,8.26785119823863,50.43389230925565,9.921421437886355,6.614280958590904,7.441066078414766,105,16.535702396477262,2021-05
2021-05-14,9.094636318062493,56.22138814802269,5.787495838767041,8.26785119823863,9.094636318062493,106,17.69320156423067,2021-05
2021-05-15,9.921421437886355,69.44995006520449,8.26785119823863,0.0,10.748206557710219,105,19.677485851807937,2021-05
2021-05-16,13.228561917181809,67.79637982555677,9.094636318062493,9.094636318062493,9.094636318062493,98,21.661770139385215,2021-05
2021-05-17,9.921421437886355,55.394603028198816,9.921421437886355,9.094636318062493,8.26785119823863,102,18.51998668405453,2021-05
2021-05-18,9.094636318062493,52.914247668727235,0.0,5.787495838767041,9.094636318062493,89,15.378203228723853,2021-05
2021-05-19,8.26785119823863,52.914247668727235,9.094636318062493,0.0,7.441066078414766,88,15.543560252688625,2021-05
2021-05-20,9.921421437886355,52.914247668727235,9.094636318062493,6.614280958590904,0.0,89,15.7089172766534,2021-05
2021-05-21,13.228561917181809,57.04817326784655,8.26785119823863,6.614280958590904,8.26785119823863,116,18.685343708019307,2021-05
2021-05-22,16.53570239647726,60.35531374714199,9.921421437886355,9.094636318062493,6.614280958590904,116,20.504270971631804,2021-05
2021-05-23,7.441066078414766,71.93030542467609,7.441066078414766,9.094636318062493,11.574991677534083,102,21.49641311542044,2021-05
2021-05-24,9.921421437886355,57.874958387670404,8.26785119823863,0.0,0.0,142,15.212846204759078,2021-05
2021-05-25,10.748206557710219,55.394603028198816,8.26785119823863,6.614280958590904,7.441066078414766,118,17.69320156423067,2021-05
2021-05-26,7.441066078414766,56.22138814802269,9.094636318062493,0.0,10.748206557710219,96,16.701059420442032,2021-05
2021-05-27,11.574991677534083,57.874958387670404,9.094636318062493,0.0,8.26785119823863,96,17.362487516301123,2021-05
2021-05-28,0.0,46.29996671013633,8.26785119823863,10.748206557710219,16.53570239647726,115,16.37034537251249,2021-05
2021-05-29,8.26785119823863,62.00888398678973,0.0,8.26785119823863,0.0,96,15.708917276653398,2021-05
2021-05-30,12.401776797357945,62.00888398678973,12.401776797357945,8.26785119823863,11.574991677534083,91,21.331056091455668,2021-05
2021-05-31,7.441066078414766,57.874958387670404,9.921421437886355,0.0,18.189272636124986,96,18.6853437080193,2021-05
2021-06-01,13.228561917181809,56.22138814802269,0.0,0.0,13.228561917181809,125,16.535702396477262,2021-06
2021-06-02,8.26785119823863,57.874958387670404,8.26785119823863,8.26785119823863,10.748206557710219,86,18.685343708019303,2021-06
2021-06-03,10.748206557710219,60.35531374714199,7.441066078414766,9.094636318062493,9.921421437886355,87,19.512128827843163,2021-06
2021-06-04,6.614280958590904,55.394603028198816,8.26785119823863,11.574991677534083,0.0,101,16.370345372512485,2021-06
2021-06-05,7.441066078414766,70.27673518502834,6.614280958590904,9.921421437886355,12.401776797357945,97,21.33105609145566,2021-06
2021-06-06,9.921421437886355,62.83566910661359,0.0,0.0,10.748206557710219,91,16.701059420442032,2021-06
2021-06-07,13.228561917181809,53.74103278855109,8.26785119823863,8.26785119823863,12.401776797357945,124,19.18141477991362,2021-06
2021-06-08,10.748206557710219,52.087462548903375,0.0,10.748206557710219,9.921421437886355,106,16.701059420442032,2021-06
2021-06-09,9.921421437886355,57.874958387670404,11.574991677534083,9.921421437886355,9.094636318062493,104,19.677485851807937,2021-06
2021-06-10,6.614280958590904,58.70174350749428,8.26785119823863,0.0,0.0,103,14.716775132864763,2021-06
2021-06-11,8.26785119823863,55.394603028198816,8.26785119823863,7.441066078414766,11.574991677534083,104,18.189272636124986,2021-06
2021-06-12,15.708917276653397,82.67851198238631,0.0,9.921421437886355,9.094636318062493,111,23.480697402997713,2021-06
2021-06-13,15.708917276653397,76.89101614361927,0.0,8.26785119823863,8.26785119823863,101,21.827127163349985,2021-06
2021-06-14,14.055347037005673,61.18209886696587,10.748206557710219,9.094636318062493,12.401776797357945,104,21.49641311542044,2021-06
2021-06-15,9.921421437886355,66.14280958590903,0.0,6.614280958590904,11.574991677534083,109,18.850700731984077,2021-06
2021-06-16,8.26785119823863,57.874958387670404,8.26785119823863,0.0,9.094636318062493,85,16.701059420442032,2021-06
2021-06-17,11.574991677534083,60.35531374714199,8.26785119823863,0.0,9.921421437886355,121,18.023915612160213,2021-06
2021-06-18,9.921421437886355,54.56781790837495,8.26785119823863,0.0,0.0,118,14.551418108899986,2021-06
2021-06-19,12.401776797357945,62.83566910661359,13.228561917181809,0.0,17.362487516301123,112,21.16569906749089,2021-06
2021-06-20,7.441066078414766,59.52852862731813,7.441066078414766,0.0,9.921421437886355,98,16.866416444406802,2021-06
2021-06-21,13.911189631497919,62.19120070552011,7.364747451969487,0.0,9.001357996851594,120,18.49369915716782,2021-06
2021-06-22,13.092884359056864,59.73628488819694,9.819663269292649,9.001357996851594,9.819663269292649,91,20.293970756538137,2021-06
2021-06-23,0.0,67.10103234016643,12.27457908661581,7.364747451969487,6.546442179528432,97,18.657360211656034,2021-06
2021-06-24,9.001357996851594,54.008147981109566,0.0,7.364747451969487,8.183052724410542,107,15.711461230868238,2021-06
2021-06-25,12.27457908661581,68.73764288504854,7.364747451969487,6.546442179528432,13.911189631497919,126,21.766920246932038,2021-06
2021-06-26,10.637968541733702,70.37425342993066,8.183052724410542,9.001357996851594,12.27457908661581,99,22.094242355908463,2021-06
2021-06-27,9.001357996851594,73.64747451969485,9.819663269292649,6.546442179528432,11.456273814174757,105,22.094242355908456,2021-06
2021-06-28,11.456273814174757,53.18984270866851,12.27457908661581,6.546442179528432,10.637968541733702,122,18.821021266144243,2021-06
2021-06-29,7.364747451969487,54.826453253550625,9.819663269292649,11.456273814174757,7.364747451969487,108,18.1663770481914,2021-06
2021-06-30,9.001357996851594,60.554590160638,9.001357996851594,8.183052724410542,6.546442179528432,105,18.657360211656034,2021-06
2021-07-01,5.728136907087379,58.09967434331483,9.001357996851594,7.364747451969487,9.001357996851594,121,17.83905493921498,2021-07
2021-07-02,20.45763181102635,63.82781125040222,9.819663269292649,7.364747451969487,13.092884359056864,123,22.912547628349515,2021-07
2021-07-03,13.092884359056864,77.73900088190014,10.637968541733702,9.819663269292649,10.637968541733702,118,24.38549711874341,2021-07
2021-07-04,0.0,61.37289543307906,11.456273814174757,9.819663269292649,9.819663269292649,102,18.49369915716782,2021-07
2021-07-05,18.002715993703188,57.28136907087379,12.27457908661581,0.0,9.819663269292649,85,19.475665484097085,2021-07
2021-07-06,9.819663269292649,64.64611652284327,9.819663269292649,10.637968541733702,8.183052724410542,109,20.62129286551456,2021-07
2021-07-07,9.001357996851594,54.008147981109566,7.364747451969487,11.456273814174757,9.001357996851594,93,18.1663770481914,2021-07
2021-07-08,9.001357996851594,58.9179796157559,9.001357996851594,7.364747451969487,11.456273814174757,97,19.148343375120668,2021-07
2021-07-09,11.456273814174757,55.644758525991676,0.0,7.364747451969487,7.364747451969487,120,16.36610544882108,2021-07
2021-07-10,12.27457908661581,76.10239033701804,12.27457908661581,10.637968541733702,11.456273814174757,109,24.549158173231625,2021-07
2021-07-11,9.819663269292649,62.19120070552011,6.546442179528432,11.456273814174757,11.456273814174757,98,20.29397075653814,2021-07
2021-07-12,13.092884359056864,58.9179796157559,9.819663269292649,0.0,8.183052724410542,119,18.00271599370319,2021-07
2021-07-13,10.637968541733702,60.554590160638,8.183052724410542,7.364747451969487,8.183052724410542,115,18.984682320632455,2021-07
2021-07-14,14.729494903938974,54.826453253550625,8.183052724410542,6.546442179528432,9.819663269292649,110,18.821021266144243,2021-07
2021-07-15,10.637968541733702,63.82781125040222,6.546442179528432,9.001357996851594,10.637968541733702,94,20.130309702049928,2021-07
2021-07-16,11.456273814174757,59.73628488819694,6.546442179528432,9.001357996851594,9.001357996851594,107,19.148343375120664,2021-07
2021-07-17,9.819663269292649,58.09967434331483,10.637968541733702,0.0,9.819663269292649,104,17.675393884726766,2021-07
2021-07-18,11.456273814174757,63.009505977961155,0.0,7.364747451969487,8.183052724410542,102,18.00271599370319,2021-07
2021-07-19,9.001357996851594,59.73628488819694,7.364747451969487,6.546442179528432,7.364747451969487,116,18.002715993703188,2021-07
2021-07-20,9.001357996851594,58.9179796157559,11.456273814174757,10.637968541733702,8.183052724410542,121,19.6393265385853,2021-07
2021-07-21,13.911189631497919,58.9179796157559,10.637968541733702,7.364747451969487,9.819663269292649,121,20.13030970204993,2021-07
2021-07-22,0.0,67.10103234016643,0.0,8.183052724410542,11.456273814174757,101,17.348071775750345,2021-07
2021-07-23,10.637968541733702,63.009505977961155,9.001357996851594,10.637968541733702,0.0,128,18.65736021165603,2021-07
2021-07-24,0.0,70.37425342993066,11.456273814174757,0.0,11.456273814174757,101,18.657360211656034,2021-07
2021-07-25,12.27457908661581,68.73764288504854,13.092884359056864,8.183052724410542,21.275937083467404,101,24.712819227719837,2021-07
2021-07-26,9.001357996851594,65.46442179528434,11.456273814174757,13.911189631497919,9.819663269292649,93,21.930581301420254,2021-07
2021-07-27,10.637968541733702,51.5532321637864,7.364747451969487,9.819663269292649,8.183052724410542,103,17.511732830238557,2021-07
2021-07-28,6.546442179528432,60.554590160638,10.637968541733702,0.0,13.092884359056864,92,18.1663770481914,2021-07
2021-07-29,10.637968541733702,57.28136907087379,9.001357996851594,7.364747451969487,9.819663269292649,93,18.821021266144246,2021-07
2021-07-30,8.183052724410542,60.554590160638,7.364747451969487,5.728136907087379,6.546442179528432,116,17.675393884726766,2021-07
2021-07-31,11.456273814174757,61.37289543307906,6.546442179528432,9.001357996851594,0.0,98,17.675393884726766,2021-07
2021-08-01,9.819663269292649,69.5559481574896,10.637968541733702,0.0,9.001357996851594,109,19.802987593073507,2021-08
2021-08-02,10.637968541733702,58.09967434331483,13.092884359056864,6.546442179528432,9.001357996851594,115,19.475665484097085,2021-08
2021-08-03,10.637968541733702,55.644758525991676,0.0,7.364747451969487,8.183052724410542,85,16.36610544882108,2021-08
2021-08-04,15.547800176380028,57.28136907087379,6.546442179528432,0.0,9.001357996851594,119,17.675393884726766,2021-08
2021-08-05,11.456273814174757,52.371537436227456,7.364747451969487,6.546442179528432,0.0,96,15.547800176380026,2021-08
2021-08-06,13.092884359056864,61.37289543307906,9.819663269292649,7.364747451969487,6.546442179528432,127,19.639326538585298,2021-08
2021-08-07,11.456273814174757,69.5559481574896,7.364747451969487,7.364747451969487,10.637968541733702,101,21.275937083467408,2021-08
2021-08-08,9.001357996851594,72.82916924725382,13.092884359056864,0.0,0.0,82,18.984682320632455,2021-08
2021-08-09,12.27457908661581,63.009505977961155,7.364747451969487,0.0,10.637968541733702,102,18.657360211656034,2021-08
2021-08-10,10.637968541733702,54.826453253550625,0.0,9.001357996851594,0.0,128,14.893155958427183,2021-08
2021-08-11,6.546442179528432,64.64611652284327,7.364747451969487,7.364747451969487,5.728136907087379,97,18.330038102679612,2021-08
2021-08-12,7.364747451969487,63.82781125040222,9.819663269292649,6.546442179528432,7.364747451969487,101,18.984682320632455,2021-08
2021-08-13,10.637968541733702,46.64340052914008,0.0,8.183052724410542,7.364747451969487,101,14.565833849450764,2021-08
2021-08-14,13.911189631497919,54.008147981109566,9.001357996851594,8.183052724410542,8.183052724410542,108,18.657360211656034,2021-08
2021-08-15,9.001357996851594,74.46577979213592,0.0,10.637968541733702,10.637968541733702,97,20.948614974490983,2021-08
2021-08-16,8.183052724410542,54.826453253550625,8.183052724410542,0.0,9.819663269292649,123,16.202444394332872,2021-08
2021-08-17,7.364747451969487,58.09967434331483,5.728136907087379,5.728136907087379,0.0,99,15.384139121891815,2021-08
2021-08-18,6.546442179528432,62.19120070552011,8.183052724410542,0.0,11.456273814174757,90,17.67539388472677,2021-08
2021-08-19,13.092884359056864,64.64611652284327,0.0,0.0,9.001357996851594,123,17.34807177575035,2021-08
2021-08-20,7.364747451969487,68.73764288504854,8.183052724410542,9.001357996851594,9.001357996851594,107,20.457631811026353,2021-08
2021-08-21,13.092884359056864,74.46577979213592,6.546442179528432,6.546442179528432,10.637968541733702,83,22.25790341039667,2021-08
2021-08-22,9.001357996851594,65.46442179528434,13.092884359056864,0.0,13.092884359056864,85,20.130309702049935,2021-08
2021-08-23,10.637968541733702,57.28136907087379,0.0,9.001357996851594,7.364747451969487,96,16.857088612285715,2021-08
2021-08-24,0.0,58.09967434331483,6.546442179528432,0.0,10.637968541733702,110,15.056817012915392,2021-08
2021-08-25,0.0,67.10103234016643,9.001357996851594,0.0,11.456273814174757,89,17.511732830238554,2021-08
2021-08-26,7.364747451969487,64.64611652284327,6.546442179528432,0.0,9.819663269292649,89,17.675393884726766,2021-08
2021-08-27,6.546442179528432,58.9179796157559,7.364747451969487,8.183052724410542,9.001357996851594,116,18.00271599370319,2021-08
2021-08-28,8.183052724410542,69.5559481574896,9.001357996851594,8.183052724410542,9.819663269292649,104,20.948614974490987,2021-08
2021-08-29,11.456273814174757,81.8305272441054,10.637968541733702,11.456273814174757,13.092884359056864,94,25.694785554649094,2021-08
2021-08-30,10.637968541733702,52.371537436227456,10.637968541733702,7.364747451969487,8.183052724410542,99,17.83905493921498,2021-08
2021-08-31,6.546442179528432,53.18984270866851,6.546442179528432,0.0,6.546442179528432,85,14.56583384945076,2021-08
2021-09-01,8.183052724410542,41.73356889449376,7.364747451969487,7.364747451969487,7.364747451969487,98,14.402172794962553,2021-09
2021-09-02,6.546442179528432,51.5532321637864,10.637968541733702,8.183052724410542,6.546442179528432,108,16.6934275577975,2021-09
2021-09-03,9.819663269292649,61.37289543307906,7.364747451969487,11.456273814174757,13.911189631497919,93,20.784953920002774,2021-09
2021-09-04,0.0,59.73628488819694,0.0,9.819663269292649,9.001357996851594,109,15.711461230868238,2021-09
2021-09-05,9.001357996851594,53.18984270866851,11.456273814174757,9.819663269292649,7.364747451969487,91,18.1663770481914,2021-09
2021-09-06,10.637968541733702,62.19120070552011,0.0,8.183052724410542,9.819663269292649,86,18.1663770481914,2021-09
2021-09-07,13.092884359056864,45.82509525669903,6.546442179528432,0.0,9.001357996851594,116,14.893155958427183,2021-09
2021-09-08,11.456273814174757,55.644758525991676,6.546442179528432,0.0,0.0,97,14.72949490393897,2021-09
2021-09-09,0.0,50.734926891345346,6.546442179528432,9.001357996851594,0.0,91,13.256545413545075,2021-09
2021-09-10,9.001357996851594,53.18984270866851,7.364747451969487,9.001357996851594,11.456273814174757,117,18.00271599370319,2021-09
2021-09-11,6.819210603675452,63.41865861418169,0.0,11.592658026248266,18.411868629923717,88,20.048479174805827,2021-09
2021-09-12,7.501131664042996,66.82826391601941,8.183052724410542,8.864973784778085,14.320342267718447,85,21.139552871393896,2021-09
2021-09-13,8.864973784778085,54.553684829403615,9.546894845145632,6.137289543307905,8.183052724410542,118,17.457179145409157,2021-09
2021-09-14,6.137289543307905,62.73673755381414,10.910736965880721,6.819210603675452,9.546894845145632,95,19.23017390236477,2021-09
2021-09-15,6.137289543307905,57.28136907087379,8.183052724410542,8.183052724410542,0.0,92,15.956952812600557,2021-09
2021-09-16,6.137289543307905,47.73447422572816,8.183052724410542,6.819210603675452,8.864973784778085,114,15.547800176380031,2021-09
2021-09-17,0.0,52.50792164830097,6.819210603675452,7.501131664042996,15.684184388453534,116,16.50248966089459,2021-09
2021-09-18,0.0,57.96329013124133,7.501131664042996,8.864973784778085,15.684184388453534,88,18.002715993703188,2021-09
2021-09-19,8.864973784778085,60.009053312343966,9.546894845145632,8.864973784778085,10.228815905513175,87,19.50294232651179,2021-09
2021-09-20,6.137289543307905,54.553684829403615,0.0,0.0,13.638421207350904,119,14.865879116012485,2021-09
2021-09-21,0.0,47.052553165360614,9.546894845145632,12.27457908661581,8.183052724410542,82,15.411415964306519,2021-09
2021-09-22,7.501131664042996,48.4163952860957,8.864973784778085,10.910736965880721,9.546894845145632,113,17.048026509188624,2021-09
2021-09-23,7.501131664042996,51.14407952756588,9.546894845145632,0.0,6.137289543307905,111,14.865879116012483,2021-09
2021-09-24,0.0,53.18984270866851,7.501131664042996,8.864973784778085,8.183052724410542,121,15.547800176380026,2021-09
2021-09-25,0.0,62.054816493446594,8.864973784778085,8.183052724410542,0.0,98,15.820568600527045,2021-09
2021-09-26,6.819210603675452,56.59944801050625,9.546894845145632,10.228815905513175,9.546894845145632,86,18.54825284199723,2021-09
2021-09-27,9.546894845145632,53.18984270866851,0.0,10.228815905513175,10.228815905513175,102,16.638873872968098,2021-09
2021-09-28,8.183052724410542,51.82600058793343,6.819210603675452,0.0,6.137289543307905,110,14.593110691865466,2021-09
2021-09-29,8.864973784778085,55.917526950138694,11.592658026248266,8.183052724410542,0.0,110,16.911642297115115,2021-09
2021-09-30,7.501131664042996,60.690974372711516,11.592658026248266,0.0,8.864973784778085,93,17.72994756955617,2021-09
2021-10-01,12.27457908661581,48.4163952860957,0.0,8.183052724410542,0.0,123,13.77480541942441,2021-10
2021-10-02,8.183052724410542,67.51018497638697,10.910736965880721,7.501131664042996,8.864973784778085,99,20.59401602309986,2021-10
2021-10-03,10.228815905513175,59.32713225197642,9.546894845145632,7.501131664042996,12.956500146983357,106,19.91209496273232,2021-10
2021-10-04,6.819210603675452,45.68871104462552,5.455368482940361,7.501131664042996,8.864973784778085,127,14.865879116012483,2021-10
2021-10-05,6.137289543307905,53.18984270866851,9.546894845145632,10.228815905513175,8.183052724410542,86,17.457179145409153,2021-10
2021-10-06,6.819210603675452,54.553684829403615,8.864973784778085,7.501131664042996,12.27457908661581,102,18.002715993703195,2021-10
2021-10-07,7.501131664042996,55.23560588977116,6.819210603675452,6.819210603675452,12.27457908661581,91,17.729947569556177,2021-10
2021-10-08,0.0,55.917526950138694,8.183052724410542,6.819210603675452,8.183052724410542,120,15.820568600527048,2021-10
2021-10-09,7.501131664042996,63.41865861418169,6.819210603675452,10.228815905513175,10.228815905513175,106,19.639326538585298,2021-10
2021-10-10,10.228815905513175,54.553684829403615,13.638421207350904,10.910736965880721,16.366105448821084,91,21.1395528713939,2021-10
2021-10-11,8.183052724410542,60.690974372711516,8.183052724410542,8.864973784778085,0.0,125,17.184410721262136,2021-10
2021-10-12,8.183052724410542,60.690974372711516,6.819210603675452,10.228815905513175,10.228815905513175,85,19.230173902364772,2021-10
2021-10-13,0.0,59.32713225197642,8.864973784778085,8.864973784778085,6.819210603675452,106,16.77525808504161,2021-10
2021-10-14,7.501131664042996,60.690974372711516,6.819210603675452,10.910736965880721,6.819210603675452,109,18.54825284199723,2021-10
2021-10-15,10.228815905513175,59.32713225197642,6.137289543307905,10.910736965880721,0.0,123,17.32079493333564,2021-10
2021-10-16,9.546894845145632,63.41865861418169,9.546894845145632,14.320342267718447,12.956500146983357,102,21.95785814383495,2021-10
2021-10-17,8.183052724410542,68.19210603675451,10.910736965880721,12.27457908661581,12.956500146983357,89,22.50339499212899,2021-10
2021-10-18,8.864973784778085,59.32713225197642,7.501131664042996,0.0,9.546894845145632,100,17.048026509188627,2021-10
2021-10-19,0.0,57.96329013124133,12.27457908661581,8.864973784778085,10.910736965880721,112,18.002715993703188,2021-10
2021-10-20,7.501131664042996,59.32713225197642,6.137289543307905,8.183052724410542,10.910736965880721,92,18.411868629923717,2021-10
2021-10-21,7.501131664042996,51.82600058793343,9.546894845145632,9.546894845145632,11.592658026248266,99,18.00271599370319,2021-10
2021-10-22,6.819210603675452,42.2791057427878,0.0,10.228815905513175,6.137289543307905,107,13.092884359056864,2021-10
2021-10-23,11.592658026248266,55.23560588977116,0.0,12.956500146983357,10.228815905513175,93,18.00271599370319,2021-10
2021-10-24,6.819210603675452,56.59944801050625,9.546894845145632,7.501131664042996,10.910736965880721,85,18.275484417850212,2021-10
2021-10-25,8.864973784778085,53.18984270866851,6.819210603675452,12.956500146983357,12.956500146983357,132,18.957405478217755,2021-10
2021-10-26,6.819210603675452,61.37289543307906,0.0,16.366105448821084,9.546894845145632,104,18.821021266144246,2021-10
2021-10-27,0.0,61.37289543307906,8.864973784778085,11.592658026248266,10.228815905513175,102,18.411868629923717,2021-10
2021-10-28,0.0,57.28136907087379,6.819210603675452,8.183052724410542,8.864973784778085,85,16.229721236747572,2021-10
2021-10-29,0.0,48.4163952860957,7.501131664042996,10.910736965880721,0.0,96,13.365652783203881,2021-10
2021-10-30,10.228815905513175,53.18984270866851,12.27457908661581,8.864973784778085,12.956500146983357,82,19.50294232651179,2021-10
2021-10-31,0.0,57.28136907087379,7.501131664042996,15.002263328085991,12.27457908661581,89,18.411868629923717,2021-10
2021-11-01,8.183052724410542,38.86950044095007,8.864973784778085,8.183052724410542,10.228815905513175,141,14.865879116012483,2021-11
2021-11-02,6.137289543307905,51.82600058793343,8.864973784778085,8.864973784778085,10.910736965880721,85,17.320794933335645,2021-11
2021-11-03,6.137289543307905,53.87176376903605,7.501131664042996,7.501131664042996,10.228815905513175,79,17.048026509188624,2021-11
2021-11-04,6.137289543307905,45.68871104462552,10.228815905513175,7.501131664042996,11.592658026248266,101,16.229721236747572,2021-11
2021-11-05,0.0,51.82600058793343,13.638421207350904,6.819210603675452,0.0,119,14.456726479791959,2021-11
2021-11-06,7.501131664042996,68.19210603675451,11.592658026248266,0.0,10.228815905513175,94,19.502942326511793,2021-11
2021-11-07,9.546894845145632,52.50792164830097,11.592658026248266,10.228815905513175,14.320342267718447,79,19.639326538585298,2021-11
2021-11-08,10.228815905513175,47.73447422572816,9.546894845145632,6.819210603675452,8.183052724410542,119,16.502489660894593,2021-11
2021-11-09,10.228815905513175,57.96329013124133,9.546894845145632,6.819210603675452,8.864973784778085,87,18.684637054070738,2021-11
2021-11-10,7.501131664042996,53.18984270866851,0.0,0.0,10.228815905513175,107,14.183958055644936,2021-11
2021-11-11,0.0,55.917526950138694,9.546894845145632,6.819210603675452,8.864973784778085,99,16.229721236747572,2021-11
2021-11-12,0.0,54.553684829403615,0.0,0.0,8.864973784778085,96,12.68373172283634,2021-11
2021-11-13,13.638421207350904,57.96329013124133,8.864973784778085,7.501131664042996,11.592658026248266,81,19.91209496273232,2021-11
2021-11-14,6.819210603675452,67.51018497638697,7.501131664042996,7.501131664042996,0.0,63,17.866331781629686,2021-11
2021-11-15,6.819210603675452,45.00678998425797,0.0,7.501131664042996,10.910736965880721,123,14.047573843571428,2021-11
2021-11-16,10.228815905513175,59.32713225197642,8.183052724410542,6.819210603675452,0.0,99,16.91164229711512,2021-11
2021-11-17,10.910736965880721,49.78023740683079,9.546894845145632,0.0,8.864973784778085,113,15.820568600527048,2021-11
2021-11-18,7.501131664042996,45.00678998425797,11.592658026248266,8.864973784778085,7.501131664042996,107,16.093337024674064,2021-11
2021-11-19,8.183052724410542,53.87176376903605,8.183052724410542,0.0,8.864973784778085,100,15.820568600527045,2021-11
2021-11-20,8.183052724410542,60.009053312343966,9.546894845145632,6.819210603675452,8.864973784778085,85,18.684637054070738,2021-11
2021-11-21,7.501131664042996,57.28136907087379,8.864973784778085,0.0,6.819210603675452,81,16.093337024674064,2021-11
2021-11-22,10.910736965880721,57.96329013124133,8.864973784778085,7.501131664042996,12.27457908661581,90,19.502942326511793,2021-11
2021-11-23,8.183052724410542,55.917526950138694,9.546894845145632,10.228815905513175,10.228815905513175,104,18.821021266144243,2021-11
2021-11-24,8.864973784778085,55.917526950138694,10.228815905513175,10.910736965880721,6.819210603675452,79,18.548252841997225,2021-11
2021-11-25,0.0,45.68871104462552,9.546894845145632,0.0,12.27457908661581,89,13.502036995277393,2021-11
2021-11-26,8.183052724410542,51.82600058793343,12.956500146983357,6.819210603675452,8.864973784778085,97,17.729947569556174,2021-11
2021-11-27,6.819210603675452,55.917526950138694,12.27457908661581,11.592658026248266,8.183052724410542,96,18.957405478217755,2021-11
2021-11-28,12.27457908661581,55.23560588977116,15.002263328085991,9.546894845145632,15.002263328085991,73,21.412321295540913,2021-11
2021-11-29,8.864973784778085,57.96329013124133,8.183052724410542,7.501131664042996,13.638421207350904,110,19.230173902364772,2021-11
2021-11-30,11.592658026248266,59.32713225197642,13.638421207350904,6.137289543307905,12.27457908661581,102,20.59401602309986,2021-11
2021-12-01,10.910736965880721,64.10057967454922,10.228815905513175,6.819210603675452,10.228815905513175,106,20.45763181102635,2021-12
2021-12-02,9.371568887764312,50.26568767073585,13.631372927657178,6.815686463828589,6.815686463828589,96,17.380000482762902,2021-12
2021-12-03,7.667647271807164,52.821570094671564,6.815686463828589,8.519608079785739,11.927451311700032,106,17.550392644358617,2021-12
2021-12-04,8.519608079785739,59.63725655850016,13.631372927657178,10.223529695742885,9.371568887764312,97,20.276667229890055,2021-12
2021-12-05,10.223529695742885,60.489217366478734,15.335294543614328,15.335294543614328,8.519608079785739,93,21.9805888458472,2021-12
2021-12-06,9.371568887764312,57.93333494254301,10.223529695742885,6.815686463828589,8.519608079785739,119,18.572745613932906,2021-12
2021-12-07,11.075490503721458,51.969609286693,9.371568887764312,0.0,7.667647271807164,132,16.01686318999719,2021-12
2021-12-08,7.667647271807164,54.525491710628714,11.927451311700032,6.815686463828589,0.0,93,16.1872553515929,2021-12
2021-12-09,6.815686463828589,46.85784443882156,6.815686463828589,7.667647271807164,10.223529695742885,104,15.676078866805758,2021-12
2021-12-10,6.815686463828589,51.11764847871443,9.371568887764312,6.815686463828589,5.963725655850016,110,16.016863189997185,2021-12
2021-12-11,6.815686463828589,68.15686463828591,0.0,7.667647271807164,8.519608079785739,90,18.23196129074148,2021-12
2021-12-12,0.0,69.86078625424305,11.075490503721458,9.371568887764312,15.335294543614328,93,21.12862803786863,2021-12
2021-12-13,10.223529695742885,55.37745251860729,9.371568887764312,7.667647271807164,0.0,116,16.52803967478433,2021-12
2021-12-14,0.0,46.85784443882156,11.075490503721458,7.667647271807164,9.371568887764312,116,14.9945102204229,2021-12
2021-12-15,6.815686463828589,51.11764847871443,6.815686463828589,7.667647271807164,8.519608079785739,103,16.187255351592903,2021-12
2021-12-16,0.0,46.85784443882156,6.815686463828589,0.0,6.815686463828589,93,12.097843473295748,2021-12
2021-12-17,6.815686463828589,55.37745251860729,14.483333735635753,9.371568887764312,8.519608079785739,101,18.913529937124338,2021-12
2021-12-18,11.927451311700032,62.19313898243589,0.0,16.1872553515929,7.667647271807164,83,19.5950985835072,2021-12
2021-12-19,8.519608079785739,53.67353090265014,7.667647271807164,8.519608079785739,12.779412119678607,90,18.23196129074148,2021-12
2021-12-20,7.667647271807164,61.34117817445731,11.927451311700032,0.0,9.371568887764312,107,18.061569129145767,2021-12
2021-12-21,9.371568887764312,51.11764847871443,8.519608079785739,10.223529695742885,7.667647271807164,95,17.380000482762906,2021-12
2021-12-22,9.371568887764312,54.525491710628714,10.223529695742885,6.815686463828589,7.667647271807164,107,17.72078480595433,2021-12
2021-12-23,0.0,56.22941332658588,12.779412119678607,8.519608079785739,15.335294543614328,103,18.57274561393291,2021-12
2021-12-24,8.519608079785739,66.45294302232875,7.667647271807164,0.0,0.0,104,16.52803967478433,2021-12
2021-12-25,0.0,36.63431474307867,0.0,11.075490503721458,0.0,96,9.541961049360026,2021-12
2021-12-26,10.223529695742885,69.86078625424305,9.371568887764312,11.927451311700032,13.631372927657178,68,23.002941815421494,2021-12
2021-12-27,8.519608079785739,71.5647078702002,6.815686463828589,0.0,14.483333735635753,104,20.276667229890055,2021-12
2021-12-28,6.815686463828589,61.34117817445731,11.075490503721458,7.667647271807164,11.927451311700032,93,19.76549074510291,2021-12
2021-12-29,0.0,60.489217366478734,12.779412119678607,5.963725655850016,10.223529695742885,103,17.891176967550045,2021-12
2021-12-30,11.075490503721458,57.93333494254301,9.371568887764312,11.075490503721458,14.483333735635753,99,20.787843714677198,2021-12
2021-12-31,10.223529695742885,63.04509979041446,6.815686463828589,10.223529695742885,0.0,99,18.061569129145763,2021-12
2022-01-01,10.223529695742885,56.22941332658588,7.667647271807164,9.371568887764312,10.223529695742885,108,18.743137775528627,2022-01
2022-01-02,8.519608079785739,65.60098221435018,9.371568887764312,12.779412119678607,13.631372927657178,91,21.980588845847205,2022-01
2022-01-03,7.667647271807164,63.89706059839303,9.371568887764312,0.0,6.815686463828589,93,17.550392644358617,2022-01
2022-01-04,0.0,62.19313898243589,0.0,0.0,16.1872553515929,97,15.676078866805758,2022-01
2022-01-05,8.519608079785739,69.00882544626448,17.89117696755005,0.0,10.223529695742885,90,21.12862803786863,2022-01
2022-01-06,0.0,50.26568767073585,11.075490503721458,0.0,13.631372927657178,94,14.9945102204229,2022-01
2022-01-07,0.0,66.45294302232875,11.075490503721458,0.0,9.371568887764312,99,17.380000482762902,2022-01
2022-01-08,11.075490503721458,82.64019837392165,13.631372927657178,0.0,12.779412119678607,94,24.02529478499578,2022-01
2022-01-09,11.927451311700032,66.45294302232875,11.927451311700032,0.0,11.927451311700032,80,20.447059391485766,2022-01
2022-01-10,14.483333735635753,55.37745251860729,15.335294543614328,0.0,6.815686463828589,110,18.402353452337188,2022-01
2022-01-11,9.371568887764312,63.89706059839303,8.519608079785739,12.779412119678607,6.815686463828589,89,20.27666722989006,2022-01
2022-01-12,6.815686463828589,62.19313898243589,0.0,0.0,0.0,100,13.801765089252896,2022-01
2022-01-13,9.371568887764312,67.30490383030732,8.519608079785739,0.0,10.223529695742885,99,19.083922098720052,2022-01
2022-01-14,0.0,83.49215918190023,10.223529695742885,7.667647271807164,11.075490503721458,103,22.491765330634347,2022-01
2022-01-15,10.223529695742885,77.52843352605021,13.631372927657178,9.371568887764312,17.89117696755005,96,25.729216400952925,2022-01
2022-01-16,0.0,63.89706059839303,9.371568887764312,0.0,11.075490503721458,61,16.86882399797576,2022-01
2022-01-17,7.667647271807164,58.785295750521584,9.371568887764312,13.631372927657178,0.0,94,17.89117696755005,2022-01
2022-01-18,7.667647271807164,55.37745251860729,0.0,0.0,11.927451311700032,91,14.9945102204229,2022-01
2022-01-19,11.927451311700032,69.00882544626448,7.667647271807164,8.519608079785739,11.075490503721458,103,21.639804522655776,2022-01
2022-01-20,0.0,63.89706059839303,8.519608079785739,9.371568887764312,10.223529695742885,93,18.40235345233719,2022-01
2022-01-21,7.667647271807164,66.45294302232875,10.223529695742885,6.815686463828589,7.667647271807164,89,19.765490745102912,2022-01
2022-01-22,12.779412119678607,65.60098221435018,6.815686463828589,9.371568887764312,0.0,76,18.913529937124338,2022-01
2022-01-23,7.667647271807164,69.86078625424305,11.927451311700032,7.667647271807164,8.519608079785739,75,21.128628037868634,2022-01
2022-01-24,0.0,66.45294302232875,8.519608079785739,9.371568887764312,11.075490503721458,110,19.083922098720052,2022-01
2022-01-25,7.667647271807164,57.08137413456444,7.667647271807164,11.927451311700032,17.89117696755005,80,20.447059391485773,2022-01
2022-01-26,0.0,74.9725511021145,8.519608079785739,12.779412119678607,17.89117696755005,96,22.83254965382578,2022-01
2022-01-27,10.223529695742885,58.785295750521584,10.223529695742885,7.667647271807164,13.631372927657178,96,20.10627506829434,2022-01
2022-01-28,6.815686463828589,66.45294302232875,11.927451311700032,0.0,8.519608079785739,103,18.743137775528623,2022-01
2022-01-29,0.0,67.30490383030732,8.519608079785739,11.927451311700032,11.075490503721458,78,19.76549074510291,2022-01
2022-01-30,6.815686463828589,73.26862948615734,10.223529695742885,7.667647271807164,9.371568887764312,100,21.46941236106006,2022-01
2022-01-31,8.519608079785739,55.37745251860729,7.667647271807164,0.0,11.075490503721458,115,16.52803967478433,2022-01
2022-02-01,12.779412119678607,66.45294302232875,6.815686463828589,6.815686463828589,11.075490503721458,109,20.787843714677198,2022-02
2022-02-02,6.815686463828589,56.22941332658588,7.667647271807164,7.667647271807164,11.927451311700032,96,18.061569129145767,2022-02
2022-02-03,8.519608079785739,55.37745251860729,9.371568887764312,6.815686463828589,7.667647271807164,124,17.55039264435862,2022-02
2022-02-04,0.0,73.26862948615734,9.371568887764312,9.371568887764312,7.667647271807164,101,19.935882906698627,2022-02
2022-02-05,7.667647271807164,71.5647078702002,6.815686463828589,0.0,15.335294543614328,92,20.276667229890055,2022-02
2022-02-06,10.223529695742885,72.41666867817877,12.779412119678607,10.223529695742885,14.483333735635753,72,24.02529478499578,2022-02
2022-02-07,9.371568887764312,69.00882544626448,11.927451311700032,13.631372927657178,11.075490503721458,103,23.002941815421494,2022-02
2022-02-08,10.223529695742885,63.04509979041446,6.815686463828589,6.815686463828589,10.223529695742885,93,19.42470642191148,2022-02
2022-02-09,0.0,72.41666867817877,9.371568887764312,7.667647271807164,8.519608079785739,102,19.5950985835072,2022-02
2022-02-10,0.0,57.08137413456444,8.519608079785739,0.0,13.631372927657178,110,15.846471028401472,2022-02
2022-02-11,7.667647271807164,64.7490214063716,0.0,7.667647271807164,6.815686463828589,102,17.380000482762902,2022-02
2022-02-12,0.0,85.19608079785738,0.0,0.0,13.631372927657178,104,19.765490745102912,2022-02
2022-02-13,11.075490503721458,76.67647271807164,9.371568887764312,0.0,17.039216159571478,85,22.832549653825776,2022-02
2022-02-14,6.815686463828589,56.22941332658588,5.963725655850016,7.667647271807164,12.779412119678607,94,17.891176967550052,2022-02
2022-02-15,5.963725655850016,62.19313898243589,7.667647271807164,6.815686463828589,10.223529695742885,106,18.57274561393291,2022-02
2022-02-16,5.111764847871442,72.41666867817877,5.963725655850016,5.963725655850016,10.223529695742885,94,19.935882906698623,2022-02
2022-02-17,5.963725655850016,66.45294302232875,5.963725655850016,10.223529695742885,12.779412119678607,105,20.276667229890055,2022-02
2022-02-18,11.075490503721458,69.86078625424305,6.815686463828589,5.963725655850016,11.927451311700032,111,21.12862803786863,2022-02
2022-02-19,8.519608079785739,84.34411998987879,11.075490503721458,14.483333735635753,5.963725655850016,87,24.87725559297435,2022-02
2022-02-20,5.963725655850016,82.64019837392165,11.927451311700032,5.963725655850016,13.631372927657178,85,24.025294784995776,2022-02
2022-02-21,10.223529695742885,64.7490214063716,9.371568887764312,5.111764847871442,9.371568887764312,83,19.76549074510291,2022-02
2022-02-22,5.123516031429768,66.60570840858698,0.0,9.393112724287906,5.123516031429768,113,17.249170639146886,2022-02
2022-02-23,6.831354708573024,58.92043436144232,6.831354708573024,10.247032062859535,11.100951401431164,103,18.786225448575813,2022-02
2022-02-24,8.53919338571628,58.92043436144232,5.977435370001396,5.977435370001396,8.53919338571628,110,17.590738374575533,2022-02
2022-02-25,6.831354708573024,59.77435370001396,13.662709417146049,5.123516031429768,12.80879007857442,100,19.640144787147445,2022-02
2022-02-26,11.954870740002791,64.04395039287209,7.685274047144652,13.662709417146049,10.247032062859535,101,21.518767332005023,2022-02
2022-02-27,6.831354708573024,65.75178907001535,11.954870740002791,6.831354708573024,11.954870740002791,91,20.664847993433398,2022-02
2022-02-28,9.393112724287906,62.33611171572885,8.53919338571628,9.393112724287906,11.954870740002791,111,20.323280258004743,2022-02
2022-03-01,5.977435370001396,69.16746642430186,5.977435370001396,7.685274047144652,8.53919338571628,107,19.469360919433118,2022-03
2022-03-02,11.100951401431164,59.77435370001396,5.123516031429768,7.685274047144652,12.80879007857442,90,19.29857705171879,2022-03
2022-03-03,8.53919338571628,60.62827303858559,5.977435370001396,0.0,15.370548094289305,85,18.103089977718515,2022-03
2022-03-04,0.0,63.19003105430047,7.685274047144652,6.831354708573024,11.954870740002791,109,17.932306110004188,2022-03
2022-03-05,10.247032062859535,78.56057914858978,8.53919338571628,15.370548094289305,11.954870740002791,100,24.934444686291535,2022-03
2022-03-06,10.247032062859535,67.4596277471586,12.80879007857442,6.831354708573024,10.247032062859535,81,21.518767332005023,2022-03
2022-03-07,7.685274047144652,58.0665150228707,10.247032062859535,0.0,8.53919338571628,131,16.90760290371823,2022-03
2022-03-08,9.393112724287906,61.48219237715722,9.393112724287906,6.831354708573024,10.247032062859535,99,19.469360919433118,2022-03
2022-03-09,9.393112724287906,65.75178907001535,7.685274047144652,6.831354708573024,8.53919338571628,76,19.64014478714744,2022-03
2022-03-10,9.393112724287906,58.0665150228707,0.0,11.100951401431164,10.247032062859535,81,17.76152224228986,2022-03
2022-03-11,7.685274047144652,67.4596277471586,8.53919338571628,6.831354708573024,9.393112724287906,117,19.981712522576093,2022-03
2022-03-12,8.53919338571628,85.3919338571628,6.831354708573024,11.100951401431164,9.393112724287906,88,24.251309215434233,2022-03
2022-03-13,7.685274047144652,81.12233716430465,8.53919338571628,7.685274047144652,11.100951401431164,71,23.22660600914828,2022-03
2022-03-14,11.954870740002791,59.77435370001396,5.977435370001396,11.954870740002791,11.954870740002791,88,20.323280258004747,2022-03
2022-03-15,11.954870740002791,69.16746642430186,7.685274047144652,10.247032062859535,10.247032062859535,96,21.860335067433674,2022-03
2022-03-16,9.393112724287906,64.04395039287209,9.393112724287906,6.831354708573024,5.977435370001396,84,19.127793184004467,2022-03
2022-03-17,5.977435370001396,60.62827303858559,7.685274047144652,5.977435370001396,8.53919338571628,106,17.761522242289864,2022-03
2022-03-18,7.685274047144652,67.4596277471586,7.685274047144652,7.685274047144652,12.80879007857442,113,20.66484799343339,2022-03
2022-03-19,6.831354708573024,64.04395039287209,8.53919338571628,8.53919338571628,11.100951401431164,105,19.810928654861765,2022-03
2022-03-20,9.393112724287906,70.87530510144514,7.685274047144652,6.831354708573024,13.662709417146049,94,21.689551199719354,2022-03
2022-03-21,13.662709417146049,67.4596277471586,7.685274047144652,0.0,9.393112724287906,104,19.64014478714744,2022-03
2022-03-22,6.831354708573024,59.77435370001396,8.53919338571628,7.685274047144652,9.393112724287906,90,18.444657713147166,2022-03
2022-03-23,9.393112724287906,59.77435370001396,5.977435370001396,7.685274047144652,9.393112724287906,94,18.444657713147166,2022-03
2022-03-24,9.393112724287906,52.08907965286931,6.831354708573024,6.831354708573024,7.685274047144652,93,16.566035168289584,2022-03
2022-03-25,9.393112724287906,54.650837668584195,6.831354708573024,5.977435370001396,7.685274047144652,102,16.907602903718235,2022-03
2022-03-26,9.393112724287906,68.31354708573024,7.685274047144652,5.123516031429768,13.662709417146049,107,20.835631861147725,2022-03
2022-03-27,9.393112724287906,65.75178907001535,10.247032062859535,10.247032062859535,11.954870740002791,88,21.51876733200502,2022-03
2022-03-28,5.977435370001396,56.358676345727446,7.685274047144652,4.26959669285814,5.977435370001396,111,16.053683565146606,2022-03
2022-03-29,5.123516031429768,66.60570840858698,5.977435370001396,4.26959669285814,9.393112724287906,95,18.27387384543284,2022-03
2022-03-30,0.0,65.75178907001535,5.977435370001396,6.831354708573024,9.393112724287906,106,17.590738374575537,2022-03
2022-03-31,6.831354708573024,58.0665150228707,7.685274047144652,6.831354708573024,7.685274047144652,104,17.41995450686121,2022-03
2022-04-01,6.831354708573024,57.212595684299075,11.100951401431164,7.685274047144652,7.685274047144652,115,18.103089977718515,2022-04
2022-04-02,8.53919338571628,75.99882113287488,5.977435370001396,7.685274047144652,11.954870740002791,107,22.031118935148,2022-04
2022-04-03,5.123516031429768,65.75178907001535,7.685274047144652,7.685274047144652,10.247032062859535,92,19.298577051718787,2022-04
2022-04-04,7.685274047144652,58.92043436144232,6.831354708573024,10.247032062859535,7.685274047144652,98,18.27387384543284,2022-04
2022-04-05,10.247032062859535,51.23516031429768,6.831354708573024,0.0,5.123516031429768,101,14.687412623432005,2022-04
2022-04-06,10.247032062859535,65.75178907001535,5.123516031429768,0.0,11.100951401431164,88,18.444657713147162,2022-04
2022-04-07,9.393112724287906,57.212595684299075,7.685274047144652,7.685274047144652,5.977435370001396,92,17.590738374575537,2022-04
2022-04-08,10.247032062859535,57.212595684299075,5.123516031429768,5.977435370001396,5.977435370001396,114,16.907602903718235,2022-04
2022-04-09,8.53919338571628,74.29098245573164,8.53919338571628,7.685274047144652,11.954870740002791,82,22.201902802862325,2022-04
2022-04-10,9.393112724287906,64.89786973144372,10.247032062859535,11.954870740002791,11.954870740002791,84,21.689551199719347,2022-04
2022-04-11,11.100951401431164,62.33611171572885,7.685274047144652,5.977435370001396,7.685274047144652,108,18.957009316290147,2022-04
2022-04-12,9.393112724287906,58.0665150228707,5.977435370001396,6.831354708573024,11.100951401431164,114,18.27387384543284,2022-04
2022-04-13,7.685274047144652,60.62827303858559,0.0,0.0,5.977435370001396,88,14.85819649114633,2022-04
2022-04-14,9.393112724287906,68.31354708573024,8.53919338571628,6.831354708573024,5.977435370001396,119,19.81092865486177,2022-04
2022-04-15,11.100951401431164,65.75178907001535,7.685274047144652,5.123516031429768,13.662709417146049,108,20.664847993433394,2022-04
2022-04-16,8.53919338571628,68.31354708573024,7.685274047144652,8.53919338571628,7.685274047144652,98,20.152496390290416,2022-04
2022-04-17,8.53919338571628,71.72922444001675,9.393112724287906,12.80879007857442,8.53919338571628,81,22.201902802862325,2022-04
2022-04-18,10.247032062859535,64.89786973144372,9.393112724287906,6.831354708573024,5.977435370001396,112,19.469360919433118,2022-04
2022-04-19,11.100951401431164,59.77435370001396,5.123516031429768,10.247032062859535,6.831354708573024,108,18.615441580861493,2022-04
2022-04-20,6.831354708573024,60.62827303858559,5.977435370001396,5.977435370001396,5.123516031429768,105,16.90760290371824,2022-04
2022-04-21,5.123516031429768,66.60570840858698,5.123516031429768,4.26959669285814,10.247032062859535,95,18.27387384543284,2022-04
2022-04-22,11.954870740002791,60.62827303858559,0.0,7.685274047144652,6.831354708573024,122,17.41995450686121,2022-04
2022-04-23,8.53919338571628,62.33611171572885,0.0,8.53919338571628,11.954870740002791,98,18.27387384543284,2022-04
2022-04-24,11.954870740002791,74.29098245573164,11.100951401431164,6.831354708573024,16.22446743286093,95,24.08052534771991,2022-04
2022-04-25,5.977435370001396,56.358676345727446,7.685274047144652,10.247032062859535,9.393112724287906,104,17.932306110004184,2022-04
2022-04-26,6.831354708573024,56.358676345727446,0.0,6.831354708573024,7.685274047144652,101,15.54133196200363,2022-04
2022-04-27,5.977435370001396,58.0665150228707,0.0,5.123516031429768,11.100951401431164,103,16.053683565146606,2022-04
2022-04-28,0.0,58.92043436144232,9.393112724287906,5.977435370001396,9.393112724287906,117,16.736819036003904,2022-04
2022-04-29,8.53919338571628,54.650837668584195,8.53919338571628,5.977435370001396,8.53919338571628,105,17.249170639146886,2022-04
2022-04-30,9.393112724287906,66.60570840858698,11.954870740002791,8.53919338571628,8.53919338571628,93,21.006415728862045,2022-04
2022-05-01,13.662709417146049,81.97625650287628,12.80879007857442,8.53919338571628,10.247032062859535,110,25.44679628943451,2022-05
2022-05-02,8.53919338571628,53.796918330012566,5.977435370001396,4.26959669285814,8.53919338571628,95,16.224467432860934,2022-05
2022-05-03,10.247032062859535,54.650837668584195,5.977435370001396,5.977435370001396,11.100951401431164,107,17.59073837457554,2022-05
2022-05-04,8.53919338571628,53.796918330012566,5.977435370001396,4.26959669285814,9.393112724287906,107,16.39525130057526,2022-05
2022-05-05,5.123516031429768,60.62827303858559,6.831354708573024,5.123516031429768,5.977435370001396,100,16.736819036003915,2022-05
2022-05-06,8.53919338571628,47.819482960011165,6.831354708573024,5.123516031429768,5.977435370001396,103,14.858196491146327,2022-05
2022-05-07,5.123516031429768,62.33611171572885,8.53919338571628,8.53919338571628,6.831354708573024,117,18.27387384543284,2022-05
2022-05-08,8.53919338571628,67.4596277471586,6.831354708573024,7.685274047144652,6.831354708573024,97,19.46936091943312,2022-05
2022-05-09,9.393112724287906,56.358676345727446,10.247032062859535,10.247032062859535,10.247032062859535,137,19.298577051718787,2022-05
2022-05-10,7.685274047144652,55.50475700715582,5.977435370001396,5.123516031429768,11.954870740002791,94,17.249170639146886,2022-05
2022-05-11,6.831354708573024,55.50475700715582,8.53919338571628,7.685274047144652,10.247032062859535,103,17.76152224228986,2022-05
2022-05-12,10.247032062859535,59.77435370001396,7.685274047144652,0.0,5.123516031429768,97,16.566035168289584,2022-05
2022-05-13,8.53919338571628,60.62827303858559,11.100951401431164,5.977435370001396,7.685274047144652,133,18.786225448575816,2022-05
2022-05-14,0.0,56.358676345727446,14.516628755717676,9.393112724287906,12.80879007857442,84,18.61544158086149,2022-05
2022-05-15,9.758400441343548,83.38996740784486,10.645527754192962,0.0,10.645527754192962,117,22.887884671514865,2022-05
2022-05-16,13.306909692741204,55.88902070951305,6.209891189945894,5.322763877096481,10.645527754192962,112,18.274822644697917,2022-05
2022-05-17,5.322763877096481,54.11476608381422,5.322763877096481,7.097018502795308,10.645527754192962,97,16.500568018999086,2022-05
2022-05-18,9.758400441343548,48.79200220671775,7.097018502795308,7.097018502795308,7.097018502795308,96,15.968291631289443,2022-05
2022-05-19,7.097018502795308,59.43752996091071,6.209891189945894,6.209891189945894,7.984145815644722,112,17.387695331848505,2022-05
2022-05-20,7.097018502795308,59.43752996091071,7.097018502795308,7.097018502795308,5.322763877096481,132,17.210269869278623,2022-05
2022-05-21,0.0,75.40582159220014,7.097018502795308,7.984145815644722,12.419782379891789,122,20.58135365810639,2022-05
2022-05-22,7.097018502795308,71.8573123408025,10.645527754192962,7.984145815644722,0.0,118,19.516800882687097,2022-05
2022-05-23,7.097018502795308,61.21178458660953,0.0,6.209891189945894,0.0,118,14.903738855870149,2022-05
2022-05-24,8.871273128494133,57.663275335211885,6.209891189945894,8.871273128494133,8.871273128494133,117,18.097397182128038,2022-05
2022-05-25,9.758400441343548,56.77614802236246,9.758400441343548,7.097018502795308,9.758400441343548,122,18.629673569837685,2022-05
2022-05-26,9.758400441343548,60.32465727376011,7.984145815644722,6.209891189945894,12.419782379891789,142,19.339375420117214,2022-05
2022-05-27,11.532655067042374,61.21178458660953,10.645527754192962,5.322763877096481,7.984145815644722,100,19.339375420117214,2022-05
2022-05-28,7.097018502795308,57.663275335211885,7.097018502795308,7.097018502795308,15.968291631289445,111,18.98452449497745,2022-05
2022-05-29,7.097018502795308,75.40582159220014,7.097018502795308,7.984145815644722,7.097018502795308,88,20.93620458324616,2022-05
2022-05-30,11.532655067042374,68.30880308940485,0.0,7.984145815644722,9.758400441343548,128,19.5168008826871,2022-05
2022-05-31,7.097018502795308,63.87316652515778,7.097018502795308,8.871273128494133,7.984145815644722,117,18.98452449497745,2022-05
2022-06-01,7.984145815644722,46.130620268169494,7.984145815644722,7.097018502795308,10.645527754192962,112,15.968291631289441,2022-06
2022-06-02,5.322763877096481,54.11476608381422,8.871273128494133,7.097018502795308,5.322763877096481,112,16.145717093859325,2022-06
2022-06-03,0.0,56.77614802236246,0.0,5.322763877096481,7.097018502795308,119,13.83918608045085,2022-06
2022-06-04,14.194037005590616,73.63156696650131,7.097018502795308,12.419782379891789,11.532655067042374,129,23.775011984364276,2022-06
2022-06-05,9.758400441343548,72.74443965365191,10.645527754192962,8.871273128494133,14.194037005590616,113,23.242735596654633,2022-06
2022-06-06,8.871273128494133,70.97018502795306,11.532655067042374,5.322763877096481,5.322763877096481,119,20.403928195536505,2022-06
2022-06-07,7.984145815644722,65.6474211508566,7.984145815644722,6.209891189945894,11.532655067042374,111,19.87165180782686,2022-06
2022-06-08,13.306909692741204,55.88902070951305,6.209891189945894,11.532655067042374,9.758400441343548,104,19.339375420117214,2022-06
2022-06-09,11.532655067042374,65.6474211508566,8.871273128494133,6.209891189945894,8.871273128494133,98,20.22650273296663,2022-06
2022-06-10,8.871273128494133,56.77614802236246,7.097018502795308,9.758400441343548,7.984145815644722,143,18.097397182128038,2022-06
2022-06-11,0.0,72.74443965365191,7.097018502795308,9.758400441343548,11.532655067042374,97,20.22650273296663,2022-06
2022-06-12,11.532655067042374,64.76029383800717,6.209891189945894,7.097018502795308,8.871273128494133,108,19.694226345256975,2022-06
2022-06-13,10.645527754192962,65.6474211508566,7.984145815644722,10.645527754192962,5.322763877096481,109,20.049077270396744,2022-06
2022-06-14,8.871273128494133,69.19593040225425,7.984145815644722,0.0,11.532655067042374,103,19.516800882687097,2022-06
2022-06-15,11.532655067042374,60.32465727376011,10.645527754192962,7.097018502795308,0.0,126,17.91997171955815,2022-06
2022-06-16,9.758400441343548,57.663275335211885,7.984145815644722,10.645527754192962,9.758400441343548,107,19.161949957547336,2022-06
2022-06-17,12.419782379891789,62.986039212308356,0.0,7.984145815644722,8.871273128494133,100,18.4522481072678,2022-06
2022-06-18,0.0,68.30880308940485,7.984145815644722,7.984145815644722,9.758400441343548,108,18.80709903240757,2022-06
2022-06-19,13.306909692741204,67.42167577655542,0.0,10.645527754192962,12.419782379891789,91,20.758779120676273,2022-06
2022-06-20,19.516800882687097,74.51869427935074,8.871273128494133,9.758400441343548,11.532655067042374,104,24.839564759783578,2022-06
2022-06-21,8.871273128494133,73.63156696650131,6.209891189945894,0.0,14.194037005590616,107,20.58135365810639,2022-06
2022-06-22,10.645527754192962,71.8573123408025,9.758400441343548,7.984145815644722,12.419782379891789,111,22.533033746375104,2022-06
2022-06-23,15.968291631289445,66.53454846370602,7.984145815644722,0.0,8.871273128494133,93,19.871651807826865,2022-06
2022-06-24,12.419782379891789,66.53454846370602,10.645527754192962,6.209891189945894,9.758400441343548,113,21.11363004581604,2022-06
2022-06-25,15.081164318440027,72.74443965365191,17.742546256988266,8.871273128494133,10.645527754192962,105,25.016990222353463,2022-06
2022-06-26,7.097018502795308,77.18007621789897,0.0,7.984145815644722,12.419782379891789,94,20.93620458324616,2022-06
2022-06-27,8.871273128494133,61.21178458660953,7.097018502795308,7.097018502795308,7.984145815644722,113,18.4522481072678,2022-06
2022-06-28,10.645527754192962,70.08305771510366,7.984145815644722,9.758400441343548,10.645527754192962,116,21.823331896095574,2022-06
2022-06-29,6.209891189945894,67.42167577655542,7.097018502795308,7.097018502795308,11.532655067042374,100,19.871651807826858,2022-06
2022-06-30,9.758400441343548,83.38996740784486,6.209891189945894,10.645527754192962,11.532655067042374,107,24.307288372073927,2022-06
2022-07-01,7.984145815644722,70.08305771510366,10.645527754192962,0.0,11.532655067042374,128,20.049077270396744,2022-07
2022-07-02,9.758400441343548,64.76029383800717,9.758400441343548,7.984145815644722,12.419782379891789,117,20.93620458324616,2022-07
2022-07-03,8.871273128494133,82.50284009499545,13.306909692741204,11.532655067042374,12.419782379891789,97,25.72669207263299,2022-07
2022-07-04,9.758400441343548,76.29294890504956,0.0,7.097018502795308,15.968291631289445,113,21.823331896095574,2022-07
2022-07-05,12.419782379891789,61.21178458660953,7.984145815644722,7.097018502795308,8.871273128494133,110,19.5168008826871,2022-07
2022-07-06,12.419782379891789,68.30880308940485,6.209891189945894,11.532655067042374,5.322763877096481,115,20.758779120676273,2022-07
2022-07-07,7.984145815644722,64.76029383800717,7.097018502795308,6.209891189945894,10.645527754192962,121,19.33937542011721,2022-07
2022-07-08,8.871273128494133,77.18007621789897,8.871273128494133,7.097018502795308,6.209891189945894,121,21.64590643352569,2022-07
2022-07-09,13.306909692741204,74.51869427935074,10.645527754192962,6.209891189945894,10.645527754192962,97,23.06531013408475,2022-07
2022-07-10,12.419782379891789,86.93847665924253,12.419782379891789,7.984145815644722,9.758400441343548,109,25.904117535202875,2022-07
2022-07-11,7.984145815644722,78.06720353074839,7.984145815644722,9.758400441343548,7.097018502795308,94,22.17818282123534,2022-07
2022-07-12,9.758400441343548,72.74443965365191,7.097018502795308,7.984145815644722,8.871273128494133,115,21.291055508385927,2022-07
2022-07-13,7.984145815644722,73.63156696650131,7.097018502795308,10.645527754192962,6.209891189945894,104,21.11363004581604,2022-07
2022-07-14,14.194037005590616,76.29294890504956,7.984145815644722,7.984145815644722,7.984145815644722,97,22.88788467151487,2022-07
2022-07-15,7.097018502795308,62.986039212308356,7.984145815644722,7.097018502795308,8.871273128494133,102,18.807099032407567,2022-07
2022-07-16,9.758400441343548,79.8414581564472,9.758400441343548,10.645527754192962,12.419782379891789,116,24.48471383464381,2022-07
2022-07-17,13.306909692741204,88.71273128494136,10.645527754192962,7.984145815644722,7.984145815644722,104,25.726692072632993,2022-07
2022-07-18,8.871273128494133,70.08305771510366,0.0,10.645527754192962,7.984145815644722,106,19.516800882687097,2022-07
2022-07-19,6.209891189945894,69.19593040225425,14.194037005590616,5.322763877096481,10.645527754192962,110,21.11363004581604,2022-07
2022-07-20,0.0,65.6474211508566,10.645527754192962,6.209891189945894,7.984145815644722,107,18.097397182128038,2022-07
2022-07-21,7.984145815644722,72.74443965365191,11.532655067042374,5.322763877096481,8.871273128494133,110,21.291055508385924,2022-07
2022-07-22,11.532655067042374,70.08305771510366,9.758400441343548,6.209891189945894,11.532655067042374,105,21.82333189609557,2022-07
2022-07-23,9.758400441343548,76.29294890504956,11.532655067042374,10.645527754192962,13.306909692741204,115,24.307288372073927,2022-07
2022-07-24,8.871273128494133,73.63156696650131,9.758400441343548,0.0,9.758400441343548,90,20.403928195536512,2022-07
2022-07-25,9.758400441343548,71.8573123408025,0.0,5.322763877096481,9.758400441343548,118,19.339375420117214,2022-07
2022-07-26,13.306909692741204,67.42167577655542,9.758400441343548,9.758400441343548,15.968291631289445,116,23.242735596654633,2022-07
2022-07-27,8.871273128494133,70.08305771510366,8.871273128494133,6.209891189945894,8.871273128494133,105,20.581353658106394,2022-07
2022-07-28,0.0,65.6474211508566,13.306909692741204,6.209891189945894,9.758400441343548,117,18.98452449497745,2022-07
2022-07-29,8.871273128494133,76.29294890504956,7.097018502795308,8.871273128494133,14.194037005590616,145,23.06531013408475,2022-07
2022-07-30,15.968291631289445,79.8414581564472,0.0,9.758400441343548,9.758400441343548,91,23.06531013408475,2022-07
2022-07-31,9.758400441343548,78.06720353074839,7.984145815644722,15.081164318440027,11.532655067042374,96,24.484713834643813,2022-07
2022-08-01,8.871273128494133,74.51869427935074,11.532655067042374,11.532655067042374,7.097018502795308,137,22.710459208944986,2022-08
2022-08-02,9.758400441343548,71.8573123408025,7.984145815644722,7.984145815644722,5.322763877096481,78,20.581353658106394,2022-08
2022-08-03,5.322763877096481,68.30880308940485,10.645527754192962,10.645527754192962,10.645527754192962,112,21.11363004581604,2022-08
2022-08-04,12.419782379891789,68.30880308940485,8.871273128494133,0.0,13.306909692741204,98,20.581353658106394,2022-08
2022-08-05,9.985163465697566,79.04921077010574,5.824678688323581,0.0,12.48145433212196,117,21.468101451249773,2022-08
2022-08-06,13.313551287596756,78.21711381463095,9.985163465697566,10.817260421172364,9.15306651022277,88,24.29723109986408,2022-08
2022-08-07,10.817260421172364,70.72824121535777,10.817260421172364,11.649357376647162,11.649357376647162,95,23.132295362199365,2022-08
2022-08-08,8.320969554747974,69.89614425988296,11.649357376647162,8.320969554747974,13.313551287596756,112,22.300198406724565,2022-08
2022-08-09,5.824678688323581,76.55291990368134,9.15306651022277,11.649357376647162,9.985163465697566,92,22.633037188914486,2022-08
2022-08-10,9.15306651022277,56.582592972286214,5.824678688323581,7.488872599273175,4.992581732848783,116,16.808358500590906,2022-08
2022-08-11,7.488872599273175,68.23195034893338,11.649357376647162,8.320969554747974,8.320969554747974,101,20.802423886869935,2022-08
2022-08-12,13.313551287596756,68.23195034893338,9.15306651022277,7.488872599273175,11.649357376647162,107,21.967359624534648,2022-08
2022-08-13,8.320969554747974,70.72824121535777,0.0,6.656775643798378,11.649357376647162,91,19.471068758110256,2022-08
2022-08-14,8.320969554747974,73.22453208178216,8.320969554747974,9.15306651022277,9.15306651022277,102,21.63452084234473,2022-08
2022-08-15,9.985163465697566,75.72082294820656,6.656775643798378,6.656775643798378,9.15306651022277,112,21.634520842344735,2022-08
2022-08-16,5.824678688323581,69.89614425988296,7.488872599273175,8.320969554747974,10.817260421172364,95,20.469585104680014,2022-08
2022-08-17,4.992581732848783,69.06404730440818,6.656775643798378,6.656775643798378,9.15306651022277,105,19.304649367015298,2022-08
2022-08-18,0.0,60.7430777496602,8.320969554747974,7.488872599273175,12.48145433212196,108,17.806874847160664,2022-08
2022-08-19,11.649357376647162,64.0714655715594,14.145648243071554,8.320969554747974,6.656775643798378,113,20.968843277964893,2022-08
2022-08-20,18.30613302044554,75.72082294820656,13.313551287596756,0.0,17.47403606497074,112,24.96290866424392,2022-08
2022-08-21,9.985163465697566,83.20969554747973,14.145648243071554,13.313551287596756,9.985163465697566,92,26.12784440190863,2022-08
2022-08-22,8.320969554747974,64.0714655715594,9.985163465697566,6.656775643798378,10.817260421172364,101,19.97032693139514,2022-08
2022-08-23,5.824678688323581,65.73565948250899,9.985163465697566,9.985163465697566,9.985163465697566,116,20.303165713585056,2022-08
2022-08-24,6.656775643798378,60.7430777496602,4.992581732848783,5.824678688323581,8.320969554747974,116,17.307616673875785,2022-08
2022-08-25,11.649357376647162,63.23936861608459,5.824678688323581,0.0,9.15306651022277,123,17.973294238255622,2022-08
2022-08-26,0.0,64.0714655715594,14.145648243071554,6.656775643798378,5.824678688323581,105,18.139713629350585,2022-08
2022-08-27,9.15306651022277,81.54550163653013,0.0,8.320969554747974,9.15306651022277,105,21.63452084234473,2022-08
2022-08-28,7.488872599273175,77.38501685915614,9.15306651022277,7.488872599273175,12.48145433212196,98,22.799456580009444,2022-08
2022-08-29,6.656775643798378,59.07888383871062,9.15306651022277,10.817260421172364,6.656775643798378,102,18.4725524115405,2022-08
2022-08-30,13.313551287596756,70.72824121535777,4.992581732848783,8.320969554747974,10.817260421172364,104,21.634520842344727,2022-08
2022-08-31,10.817260421172364,71.56033817083257,6.656775643798378,6.656775643798378,9.15306651022277,115,20.968843277964893,2022-08
2022-09-01,0.0,57.41468992776101,7.488872599273175,5.824678688323581,11.649357376647162,91,16.475519718400985,2022-09
2022-09-02,7.488872599273175,68.23195034893338,9.985163465697566,6.656775643798378,8.320969554747974,152,20.136746322490097,2022-09
2022-09-03,9.15306651022277,68.23195034893338,12.48145433212196,8.320969554747974,6.656775643798378,94,20.968843277964893,2022-09
2022-09-04,0.0,69.89614425988296,7.488872599273175,10.817260421172364,12.48145433212196,77,20.13674632249009,2022-09
2022-09-05,14.145648243071554,82.37759859200494,12.48145433212196,11.649357376647162,10.817260421172364,82,26.294263793003598,2022-09
2022-09-06,8.320969554747974,52.422108194912234,6.656775643798378,5.824678688323581,0.0,103,14.644906416356434,2022-09
2022-09-07,9.15306651022277,64.0714655715594,5.824678688323581,0.0,0.0,107,15.809842154021151,2022-09
2022-09-08,7.488872599273175,54.91839906133662,9.985163465697566,6.656775643798378,7.488872599273175,106,17.307616673875785,2022-09
2022-09-09,5.824678688323581,59.9109807941854,9.985163465697566,8.320969554747974,8.320969554747974,91,18.472552411540498,2022-09
2022-09-10,6.656775643798378,65.73565948250899,9.985163465697566,7.488872599273175,7.488872599273175,67,19.47106875811026,2022-09
2022-09-11,9.15306651022277,62.407271660609794,7.488872599273175,5.824678688323581,9.985163465697566,96,18.97181058482538,2022-09
2022-09-12,7.488872599273175,58.24678688323581,9.15306651022277,8.320969554747974,4.992581732848783,126,17.640455456065702,2022-09
2022-09-13,5.824678688323581,56.582592972286214,0.0,6.656775643798378,8.320969554747974,95,15.47700337183123,2022-09
2022-09-14,0.0,54.086302105861826,5.824678688323581,10.817260421172364,7.488872599273175,106,15.643422762926189,2022-09
2022-09-15,0.0,64.0714655715594,8.320969554747974,5.824678688323581,0.0,112,15.643422762926193,2022-09
2022-09-16,5.824678688323581,54.086302105861826,5.824678688323581,5.824678688323581,6.656775643798378,92,15.643422762926193,2022-09
2022-09-17,0.0,64.90356252703418,0.0,9.985163465697566,8.320969554747974,125,16.641939109495944,2022-09
2022-09-18,7.488872599273175,73.22453208178216,9.985163465697566,10.817260421172364,8.320969554747974,77,21.967359624534648,2022-09
2022-09-19,6.656775643798378,59.07888383871062,6.656775643798378,5.824678688323581,10.817260421172364,128,17.806874847160664,2022-09
2022-09-20,0.0,61.575174705135005,6.656775643798378,6.656775643798378,8.320969554747974,104,16.641939109495947,2022-09
2022-09-21,7.488872599273175,58.24678688323581,8.320969554747974,6.656775643798378,6.656775643798378,108,17.474036064970747,2022-09
2022-09-22,5.824678688323581,50.757914283962634,6.656775643798378,6.656775643798378,4.992581732848783,91,14.97774519854635,2022-09
2022-09-23,5.824678688323581,56.582592972286214,11.649357376647162,6.656775643798378,5.824678688323581,96,17.307616673875785,2022-09
2022-09-24,9.15306651022277,61.575174705135005,5.824678688323581,10.817260421172364,14.97774519854635,104,20.469585104680014,2022-09
2022-09-25,0.0,66.56775643798379,9.985163465697566,10.817260421172364,0.0,88,17.474036064970743,2022-09
2022-09-26,5.824678688323581,57.41468992776101,7.488872599273175,8.320969554747974,9.15306651022277,106,17.640455456065702,2022-09
2022-09-27,5.824678688323581,55.750496016811425,5.824678688323581,0.0,5.824678688323581,103,14.644906416356434,2022-09
2022-09-28,4.992581732848783,54.086302105861826,9.985163465697566,0.0,6.656775643798378,108,15.144164589641312,2022-09
2022-09-29,9.15306651022277,59.07888383871062,0.0,0.0,10.817260421172364,93,15.80984215402115,2022-09
2022-09-30,8.320969554747974,55.750496016811425,6.656775643798378,7.488872599273175,7.488872599273175,111,17.14119728278083,2022-09
2022-10-01,7.488872599273175,61.575174705135005,7.488872599273175,7.488872599273175,9.15306651022277,114,18.63897180263546,2022-10
2022-10-02,7.488872599273175,69.89614425988296,11.649357376647162,8.320969554747974,9.15306651022277,73,21.30168206015481,2022-10
2022-10-03,6.656775643798378,54.086302105861826,9.15306651022277,4.992581732848783,9.985163465697566,110,16.974777891685864,2022-10
2022-10-04,8.320969554747974,67.39985339345857,5.824678688323581,6.656775643798378,7.488872599273175,124,19.13822997592034,2022-10
2022-10-05,6.656775643798378,52.422108194912234,9.15306651022277,0.0,0.0,99,13.646390069786676,2022-10
2022-10-06,0.0,56.582592972286214,12.48145433212196,5.824678688323581,9.985163465697566,81,16.974777891685868,2022-10
2022-10-07,9.15306651022277,49.92581732848784,13.313551287596756,5.824678688323581,7.488872599273175,102,17.141197282780826,2022-10
2022-10-08,8.320969554747974,69.06404730440818,8.320969554747974,9.985163465697566,13.313551287596756,94,21.80094023343969,2022-10
2022-10-09,9.985163465697566,57.41468992776101,7.488872599273175,5.824678688323581,7.488872599273175,69,17.640455456065702,2022-10
2022-10-10,5.824678688323581,55.750496016811425,9.985163465697566,8.320969554747974,8.320969554747974,109,17.640455456065702,2022-10
2022-10-11,7.488872599273175,55.750496016811425,10.817260421172364,5.824678688323581,8.320969554747974,82,17.640455456065702,2022-10
2022-10-12,5.824678688323581,63.23936861608459,9.985163465697566,5.824678688323581,5.824678688323581,98,18.139713629350585,2022-10
2022-10-13,7.488872599273175,52.422108194912234,8.320969554747974,8.320969554747974,5.824678688323581,119,16.47551971840099,2022-10
2022-10-14,5.824678688323581,51.59001123943743,8.320969554747974,5.824678688323581,4.992581732848783,96,15.310583980736268,2022-10
2022-10-15,9.15306651022277,71.56033817083257,0.0,9.985163465697566,9.985163465697566,80,20.136746322490094,2022-10
2022-10-16,9.15306651022277,61.575174705135005,8.320969554747974,0.0,9.15306651022277,82,17.640455456065702,2022-10
2022-10-17,6.656775643798378,54.91839906133662,10.817260421172364,0.0,8.320969554747974,97,16.142680936211068,2022-10
2022-10-18,8.320969554747974,57.41468992776101,9.15306651022277,0.0,6.656775643798378,76,16.309100327306027,2022-10
2022-10-19,8.320969554747974,55.750496016811425,7.488872599273175,0.0,9.15306651022277,102,16.14268093621107,2022-10
2022-10-20,8.320969554747974,58.24678688323581,10.817260421172364,7.488872599273175,6.656775643798378,91,18.306133020445543,2022-10
2022-10-21,6.656775643798378,57.41468992776101,6.656775643798378,8.320969554747974,5.824678688323581,99,16.974777891685868,2022-10
2022-10-22,6.656775643798378,60.7430777496602,10.817260421172364,15.809842154021148,9.15306651022277,106,20.636004495774973,2022-10
2022-10-23,6.656775643798378,59.9109807941854,5.824678688323581,8.320969554747974,9.985163465697566,70,18.13971362935058,2022-10
2022-10-24,7.488872599273175,54.086302105861826,10.817260421172364,8.320969554747974,9.15306651022277,90,17.973294238255622,2022-10
2022-10-25,12.48145433212196,54.086302105861826,9.15306651022277,7.488872599273175,6.656775643798378,87,17.973294238255626,2022-10
2022-10-26,8.59730410749549,55.491690148379966,8.59730410749549,5.4710117047698565,7.81573100681408,83,17.194608214990975,2022-10
2022-10-27,9.378877208176895,60.962701853149824,7.81573100681408,10.942023409539713,10.942023409539713,103,20.008271377444043,2022-10
2022-10-28,10.160450308858305,52.36539774565434,10.160450308858305,10.160450308858305,7.81573100681408,117,18.132495935808667,2022-10
2022-10-29,10.160450308858305,64.87056735655686,11.72359651022112,9.378877208176895,9.378877208176895,105,21.102473718398016,2022-10
2022-10-30,8.59730410749549,64.08899425587546,9.378877208176895,16.41303511430957,11.72359651022112,94,22.040361439215708,2022-10
2022-10-31,7.0341579061326724,50.02067844361011,8.59730410749549,10.160450308858305,8.59730410749549,91,16.88197897471841,2022-10
2022-11-01,6.252584805451264,51.58382464497293,10.942023409539713,4.689438604088448,8.59730410749549,101,16.41303511430957,2022-11
2022-11-02,4.689438604088448,57.054836349742786,9.378877208176895,7.81573100681408,0.0,74,15.787776633764441,2022-11
2022-11-03,0.0,60.962701853149824,7.0341579061326724,0.0,7.81573100681408,94,15.162518153219315,2022-11
2022-11-04,7.0341579061326724,64.08899425587546,7.0341579061326724,7.0341579061326724,12.505169610902527,107,19.539327517035204,2022-11
2022-11-05,6.252584805451264,66.43371355791969,0.0,10.942023409539713,7.0341579061326724,92,18.13249593580867,2022-11
2022-11-06,0.0,67.9968597592825,0.0,6.252584805451264,13.286742711583935,82,17.507237455263542,2022-11
2022-11-07,4.689438604088448,55.491690148379966,9.378877208176895,0.0,7.81573100681408,111,15.475147393491875,2022-11
2022-11-08,5.4710117047698565,46.89438604088448,11.72359651022112,9.378877208176895,6.252584805451264,93,15.94409125390072,2022-11
2022-11-09,6.252584805451264,45.331239839521665,8.59730410749549,9.378877208176895,10.942023409539713,102,16.100405874037005,2022-11
2022-11-10,7.0341579061326724,43.76809363815885,9.378877208176895,0.0,9.378877208176895,87,13.912001192129063,2022-11
2022-11-11,0.0,60.18112875246842,10.160450308858305,6.252584805451264,9.378877208176895,83,17.19460821499098,2022-11
2022-11-12,6.252584805451264,60.18112875246842,10.160450308858305,14.068315812265345,11.72359651022112,108,20.477215237852885,2022-11
2022-11-13,10.942023409539713,65.65214045723827,13.286742711583935,10.160450308858305,14.068315812265345,88,22.821934539897114,2022-11
2022-11-14,6.252584805451264,46.89438604088448,12.505169610902527,7.81573100681408,6.252584805451264,77,15.94409125390072,2022-11
2022-11-15,6.252584805451264,54.71011704769856,12.505169610902527,7.81573100681408,7.0341579061326724,85,17.66355207539982,2022-11
2022-11-16,7.0341579061326724,57.054836349742786,11.72359651022112,0.0,9.378877208176895,93,17.038293594854697,2022-11
2022-11-17,7.81573100681408,53.14697084633574,7.81573100681408,5.4710117047698565,6.252584805451264,80,16.100405874037,2022-11
2022-11-18,7.81573100681408,58.6179825511056,10.942023409539713,10.160450308858305,9.378877208176895,82,19.38301289689892,2022-11
2022-11-19,9.378877208176895,65.65214045723827,14.849888912946751,12.505169610902527,9.378877208176895,87,22.352990679488265,2022-11
2022-11-20,0.0,71.12315216200813,11.72359651022112,8.59730410749549,0.0,91,18.288810555944945,2022-11
2022-11-21,10.942023409539713,50.02067844361011,10.160450308858305,5.4710117047698565,8.59730410749549,96,17.038293594854693,2022-11
2022-11-22,7.81573100681408,56.27326324906138,10.942023409539713,5.4710117047698565,14.849888912946751,102,19.070383656626355,2022-11
2022-11-23,11.72359651022112,55.491690148379966,9.378877208176895,10.942023409539713,10.160450308858305,98,19.5393275170352,2022-11
2022-11-24,7.81573100681408,48.4575322422473,8.59730410749549,7.81573100681408,9.378877208176895,89,16.413035114309572,2022-11
2022-11-25,7.0341579061326724,51.58382464497293,17.19460821499098,6.252584805451264,14.849888912946751,77,19.38301289689892,2022-11
2022-11-26,7.0341579061326724,56.27326324906138,10.942023409539713,9.378877208176895,7.81573100681408,96,18.288810555944945,2022-11
2022-11-27,6.252584805451264,61.74427495383124,10.942023409539713,13.286742711583935,13.286742711583935,74,21.10247371839802,2022-11
2022-11-28,7.0341579061326724,54.71011704769856,8.59730410749549,7.0341579061326724,10.942023409539713,100,17.66355207539982,2022-11
2022-11-29,6.252584805451264,51.58382464497293,6.252584805451264,7.0341579061326724,7.0341579061326724,104,15.631462013628163,2022-11
2022-11-30,4.689438604088448,58.6179825511056,9.378877208176895,7.0341579061326724,5.4710117047698565,93,17.038293594854697,2022-11
2022-12-01,7.0341579061326724,53.14697084633574,8.59730410749549,5.4710117047698565,5.4710117047698565,100,15.94409125390072,2022-12
2022-12-02,7.0341579061326724,53.92854394701715,7.0341579061326724,7.81573100681408,9.378877208176895,68,17.03829359485469,2022-12
2022-12-03,7.81573100681408,59.399555651787004,12.505169610902527,9.378877208176895,14.068315812265345,97,20.63352985798917,2022-12
2022-12-04,10.160450308858305,58.6179825511056,10.160450308858305,11.72359651022112,7.0341579061326724,97,19.539327517035197,2022-12
2022-12-05,8.59730410749549,48.4575322422473,10.942023409539713,7.0341579061326724,7.0341579061326724,99,16.413035114309572,2022-12
2022-12-06,10.160450308858305,52.36539774565434,8.59730410749549,0.0,7.0341579061326724,84,15.631462013628163,2022-12
2022-12-07,0.0,49.2391053429287,11.72359651022112,9.378877208176895,10.160450308858305,101,16.100405874037,2022-12
2022-12-08,5.4710117047698565,51.58382464497293,10.942023409539713,6.252584805451264,5.4710117047698565,89,15.944091253900723,2022-12
2022-12-09,0.0,47.67595914156589,8.59730410749549,7.81573100681408,7.81573100681408,96,14.380945052537907,2022-12
2022-12-10,7.0341579061326724,71.90472526268952,12.505169610902527,11.72359651022112,7.0341579061326724,81,22.040361439215705,2022-12
2022-12-11,0.0,62.52584805451264,13.286742711583935,15.63146201362816,10.942023409539713,71,20.477215237852892,2022-12
2022-12-12,8.59730410749549,55.491690148379966,15.63146201362816,7.81573100681408,10.942023409539713,92,19.695642137171482,2022-12
2022-12-13,8.59730410749549,50.80225154429152,11.72359651022112,5.4710117047698565,7.0341579061326724,92,16.72566435458213,2022-12
2022-12-14,7.0341579061326724,53.92854394701715,7.81573100681408,7.0341579061326724,6.252584805451264,83,16.41303511430957,2022-12
2022-12-15,7.81573100681408,46.89438604088448,9.378877208176895,0.0,4.689438604088448,77,13.755686571992783,2022-12
2022-12-16,5.4710117047698565,48.4575322422473,10.942023409539713,8.59730410749549,11.72359651022112,105,17.038293594854693,2022-12
2022-12-17,10.160450308858305,69.56000596064533,13.286742711583935,15.63146201362816,10.160450308858305,65,23.759822260714806,2022-12
2022-12-18,7.0341579061326724,55.491690148379966,19.539327517035197,13.286742711583935,7.81573100681408,74,20.633529857989167,2022-12
2022-12-19,7.0341579061326724,54.71011704769856,10.942023409539713,8.59730410749549,5.4710117047698565,104,17.350922835127257,2022-12
2022-12-20,8.59730410749549,62.52584805451264,16.41303511430957,9.378877208176895,8.59730410749549,96,21.102473718398016,2022-12
2022-12-21,9.378877208176895,61.74427495383124,14.068315812265345,10.160450308858305,6.252584805451264,96,20.320900617716607,2022-12
2022-12-22,6.252584805451264,57.054836349742786,14.849888912946751,10.160450308858305,10.160450308858305,81,19.695642137171482,2022-12
2022-12-23,10.160450308858305,53.14697084633574,8.59730410749549,11.72359651022112,0.0,110,16.72566435458213,2022-12
2022-12-24,9.378877208176895,47.67595914156589,7.81573100681408,7.0341579061326724,0.0,70,14.380945052537907,2022-12
2022-12-25,7.0341579061326724,41.42337433611463,10.942023409539713,7.81573100681408,0.0,48,13.443057331720217,2022-12
2022-12-26,10.160450308858305,60.962701853149824,10.160450308858305,10.160450308858305,0.0,79,18.288810555944945,2022-12
2022-12-27,6.252584805451264,64.87056735655686,16.41303511430957,7.81573100681408,8.59730410749549,94,20.789844478125453,2022-12
2022-12-28,6.252584805451264,75.81259076609658,7.0341579061326724,7.81573100681408,7.81573100681408,88,20.946159098261734,2022-12
2022-12-29,7.0341579061326724,72.68629836337094,10.160450308858305,6.252584805451264,9.378877208176895,99,21.102473718398016,2022-12
2022-12-30,0.0,63.307421155194056,9.378877208176895,8.59730410749549,15.63146201362816,98,19.383012896898922,2022-12
2022-12-31,8.59730410749549,58.6179825511056,10.160450308858305,7.81573100681408,7.81573100681408,73,18.60143979621751,2022-12
2023-01-01,9.378877208176895,60.962701853149824,8.59730410749549,7.0341579061326724,12.505169610902527,105,19.695642137171482,2023-01
2023-01-02,9.378877208176895,70.34157906132673,8.59730410749549,0.0,9.378877208176895,108,19.5393275170352,2023-01
2023-01-03,5.4710117047698565,60.962701853149824,7.0341579061326724,6.252584805451264,7.81573100681408,134,17.50723745526354,2023-01
2023-01-04,7.81573100681408,59.399555651787004,10.160450308858305,7.81573100681408,6.252584805451264,88,18.288810555944945,2023-01
2023-01-05,7.0341579061326724,60.962701853149824,11.72359651022112,7.0341579061326724,10.942023409539713,84,19.5393275170352,2023-01
2023-01-06,10.160450308858305,56.27326324906138,10.160450308858305,11.72359651022112,9.378877208176895,110,19.5393275170352,2023-01
2023-01-07,10.160450308858305,75.03101766541516,11.72359651022112,11.72359651022112,14.068315812265345,107,24.541395361396205,2023-01
2023-01-08,6.252584805451264,78.15731006814079,10.160450308858305,0.0,10.160450308858305,78,20.94615909826173,2023-01
2023-01-09,10.160450308858305,64.87056735655686,7.81573100681408,6.252584805451264,10.160450308858305,112,19.85195675730776,2023-01
2023-01-10,9.378877208176895,61.74427495383124,8.59730410749549,7.81573100681408,10.160450308858305,104,19.539327517035197,2023-01
2023-01-11,7.81573100681408,60.962701853149824,9.378877208176895,0.0,9.378877208176895,97,17.50723745526354,2023-01
2023-01-12,9.378877208176895,63.307421155194056,10.160450308858305,7.0341579061326724,8.59730410749549,98,19.695642137171482,2023-01
2023-01-13,9.378877208176895,64.87056735655686,4.689438604088448,5.4710117047698565,10.942023409539713,155,19.070383656626355,2023-01
2023-01-14,12.505169610902527,73.46787146405235,14.068315812265345,7.0341579061326724,11.72359651022112,81,23.759822260714802,2023-01
2023-01-15,6.252584805451264,70.34157906132673,10.160450308858305,8.59730410749549,13.286742711583935,92,21.727732198943144,2023-01
2023-01-16,7.625263612530377,67.78012100027001,11.014269662543876,8.472515125033752,11.861521175047253,109,21.350738115085058,2023-01
2023-01-17,6.778012100027,56.76585133772613,6.778012100027,5.9307605875236264,8.472515125033752,107,16.9450302500675,2023-01
2023-01-18,8.472515125033752,62.69661192524977,7.625263612530377,7.625263612530377,7.625263612530377,90,18.808983577574928,2023-01
2023-01-19,6.778012100027,62.69661192524977,11.861521175047253,8.472515125033752,11.861521175047253,108,20.334036300081006,2023-01
2023-01-20,8.472515125033752,62.69661192524977,7.625263612530377,9.319766637537127,0.0,110,17.622831460070206,2023-01
2023-01-21,8.472515125033752,72.01637856278688,11.014269662543876,7.625263612530377,15.250527225060754,84,22.87579083759113,2023-01
2023-01-22,8.472515125033752,71.1691270502835,11.861521175047253,9.319766637537127,15.250527225060754,69,23.21469144259248,2023-01
2023-01-23,7.625263612530377,57.61310285022952,10.167018150040501,8.472515125033752,5.083509075020251,114,17.79228176257088,2023-01
2023-01-24,10.167018150040501,66.08561797526326,7.625263612530377,6.778012100027,8.472515125033752,89,19.82568539257898,2023-01
2023-01-25,5.9307605875236264,65.23836646275988,9.319766637537127,9.319766637537127,5.083509075020251,84,18.978433880075603,2023-01
2023-01-26,9.319766637537127,56.76585133772613,11.861521175047253,0.0,8.472515125033752,88,17.283930855068853,2023-01
2023-01-27,0.0,62.69661192524977,10.167018150040501,9.319766637537127,10.167018150040501,103,18.470082972573582,2023-01
2023-01-28,10.167018150040501,76.25263612530377,11.861521175047253,10.167018150040501,11.861521175047253,92,24.06194295509586,2023-01
2023-01-29,11.014269662543876,79.64164217531726,11.861521175047253,9.319766637537127,10.167018150040501,87,24.400843560097208,2023-01
2023-01-30,5.9307605875236264,61.002108900243016,13.556024200054,11.014269662543876,10.167018150040501,110,20.334036300081003,2023-01
2023-01-31,8.472515125033752,57.61310285022952,6.778012100027,7.625263612530377,8.472515125033752,101,17.792281762570877,2023-01
2023-02-01,5.9307605875236264,67.78012100027001,8.472515125033752,6.778012100027,5.9307605875236264,94,18.978433880075603,2023-02
2023-02-02,6.778012100027,62.69661192524977,7.625263612530377,8.472515125033752,9.319766637537127,85,18.978433880075606,2023-02
2023-02-03,7.625263612530377,63.54386343775313,8.472515125033752,8.472515125033752,11.014269662543876,95,19.82568539257898,2023-02
2023-02-04,11.861521175047253,73.71088158779364,10.167018150040501,9.319766637537127,5.9307605875236264,94,22.19798962758843,2023-02
2023-02-05,10.167018150040501,80.48889368782064,11.014269662543876,7.625263612530377,9.319766637537127,68,23.723042350094506,2023-02
2023-02-06,6.778012100027,57.61310285022952,8.472515125033752,10.167018150040501,6.778012100027,82,17.961732065071555,2023-02
2023-02-07,5.9307605875236264,56.76585133772613,7.625263612530377,6.778012100027,5.083509075020251,92,16.436679342565476,2023-02
2023-02-08,12.708772687550626,57.61310285022952,7.625263612530377,7.625263612530377,8.472515125033752,73,18.808983577574928,2023-02
2023-02-09,7.625263612530377,61.84936041274638,7.625263612530377,7.625263612530377,13.556024200054,89,19.6562350900783,2023-02
2023-02-10,8.472515125033752,60.15485738773963,5.9307605875236264,5.9307605875236264,8.472515125033752,112,17.792281762570873,2023-02
2023-02-11,18.639533275074253,70.32187553778013,11.014269662543876,6.778012100027,9.319766637537127,97,23.21469144259248,2023-02
2023-02-12,8.472515125033752,62.69661192524977,8.472515125033752,5.9307605875236264,8.472515125033752,63,18.808983577574928,2023-02
2023-02-13,5.083509075020251,54.224096800216,11.014269662543876,5.9307605875236264,10.167018150040501,94,17.283930855068853,2023-02
2023-02-14,8.472515125033752,49.987839237699134,8.472515125033752,5.083509075020251,7.625263612530377,98,15.928328435063452,2023-02
2023-02-15,9.319766637537127,62.69661192524977,6.778012100027,7.625263612530377,10.167018150040501,100,19.317334485076955,2023-02
2023-02-16,8.472515125033752,59.30760587523627,9.319766637537127,5.083509075020251,11.014269662543876,96,18.639533275074253,2023-02
2023-02-17,6.778012100027,51.68234226270588,7.625263612530377,9.319766637537127,10.167018150040501,99,17.11448055256818,2023-02
2023-02-18,12.708772687550626,77.9471391503105,12.708772687550626,5.9307605875236264,14.40327571255738,80,24.73974416509855,2023-02
2023-02-19,0.0,74.55813310029701,9.319766637537127,7.625263612530377,9.319766637537127,99,20.16458599758033,2023-02
2023-02-20,6.778012100027,70.32187553778013,7.625263612530377,5.9307605875236264,8.472515125033752,112,19.825685392578976,2023-02
2023-02-21,5.083509075020251,61.84936041274638,11.014269662543876,8.472515125033752,6.778012100027,95,18.63953327507425,2023-02
2023-02-22,0.0,53.37684528771264,0.0,6.778012100027,0.0,112,12.030971477547928,2023-02
2023-02-23,12.708772687550626,57.61310285022952,0.0,5.083509075020251,18.639533275074253,123,18.808983577574928,2023-02
2023-02-24,6.778012100027,64.39111495025651,9.319766637537127,5.083509075020251,9.319766637537127,98,18.978433880075603,2023-02
2023-02-25,12.708772687550626,60.15485738773963,11.014269662543876,0.0,10.167018150040501,74,18.808983577574928,2023-02
2023-02-26,7.625263612530377,70.32187553778013,8.472515125033752,5.9307605875236264,13.556024200054,72,21.181287812584376,2023-02
2023-02-27,8.472515125033752,61.84936041274638,9.319766637537127,5.083509075020251,10.167018150040501,82,18.978433880075603,2023-02
2023-02-28,7.625263612530377,61.84936041274638,6.778012100027,0.0,11.014269662543876,83,17.453381157569527,2023-02
2023-03-01,7.625263612530377,56.76585133772613,5.083509075020251,8.472515125033752,11.861521175047253,91,17.96173206507155,2023-03
2023-03-02,11.014269662543876,57.61310285022952,13.556024200054,7.625263612530377,9.319766637537127,68,19.82568539257898,2023-03
2023-03-03,11.014269662543876,62.69661192524977,5.083509075020251,7.625263612530377,5.9307605875236264,88,18.47008297257358,2023-03
2023-03-04,10.167018150040501,69.47462402527677,8.472515125033752,0.0,11.861521175047253,98,19.995135695079657,2023-03
2023-03-05,8.472515125033752,77.09988763780714,13.556024200054,9.319766637537127,13.556024200054,80,24.400843560097204,2023-03
2023-03-06,11.861521175047253,62.69661192524977,10.167018150040501,5.9307605875236264,8.472515125033752,83,19.825685392578983,2023-03
2023-03-07,9.319766637537127,60.15485738773963,7.625263612530377,8.472515125033752,8.472515125033752,73,18.808983577574928,2023-03
2023-03-08,5.083509075020251,55.91859982522277,10.167018150040501,5.9307605875236264,10.167018150040501,84,17.45338115756953,2023-03
2023-03-09,7.625263612530377,67.78012100027001,12.708772687550626,6.778012100027,5.9307605875236264,70,20.164585997580325,2023-03
2023-03-10,10.167018150040501,66.93286948776664,12.708772687550626,0.0,11.861521175047253,99,20.334036300081003,2023-03
2023-03-11,8.472515125033752,72.01637856278688,12.708772687550626,6.778012100027,10.167018150040501,88,22.028539325087753,2023-03
2023-03-12,11.014269662543876,67.78012100027001,11.014269662543876,8.472515125033752,9.319766637537127,55,21.520188417585732,2023-03
2023-03-13,8.472515125033752,59.30760587523627,6.778012100027,0.0,5.083509075020251,82,15.928328435063452,2023-03
2023-03-14,10.167018150040501,61.84936041274638,5.9307605875236264,10.167018150040501,5.9307605875236264,72,18.808983577574928,2023-03
2023-03-15,8.472515125033752,61.002108900243016,11.014269662543876,9.319766637537127,12.708772687550626,85,20.50348660258168,2023-03
2023-03-16,7.625263612530377,54.224096800216,12.708772687550626,5.9307605875236264,7.625263612530377,93,17.6228314600702,2023-03
2023-03-17,5.9307605875236264,55.91859982522277,7.625263612530377,7.625263612530377,5.9307605875236264,88,16.606129645066154,2023-03
2023-03-18,10.167018150040501,61.84936041274638,11.014269662543876,9.319766637537127,10.167018150040501,87,20.50348660258168,2023-03
2023-03-19,11.861521175047253,84.72515125033752,8.472515125033752,8.472515125033752,12.708772687550626,80,25.24809507260058,2023-03
2023-03-20,7.625263612530377,60.15485738773963,15.250527225060754,0.0,8.472515125033752,104,18.300632670072904,2023-03
2023-03-21,6.778012100027,61.002108900243016,13.556024200054,8.472515125033752,7.625263612530377,68,19.486784787577626,2023-03
2023-03-22,8.472515125033752,56.76585133772613,11.014269662543876,5.9307605875236264,8.472515125033752,88,18.13118236757223,2023-03
2023-03-23,6.778012100027,55.91859982522277,14.40327571255738,5.9307605875236264,7.625263612530377,75,18.13118236757223,2023-03
2023-03-24,5.083509075020251,65.23836646275988,0.0,9.319766637537127,5.083509075020251,107,16.9450302500675,2023-03
2023-03-25,8.472515125033752,69.47462402527677,11.014269662543876,7.625263612530377,12.708772687550626,82,21.859089022587078,2023-03
2023-03-26,9.319766637537127,72.01637856278688,13.556024200054,9.319766637537127,13.556024200054,93,23.553592047593828,2023-03
2023-03-27,11.861521175047253,59.30760587523627,13.556024200054,7.625263612530377,8.472515125033752,87,20.16458599758033,2023-03
2023-03-28,7.625263612530377,56.76585133772613,8.472515125033752,7.625263612530377,8.472515125033752,91,17.792281762570877,2023-03
2023-03-29,7.625263612530377,61.002108900243016,7.625263612530377,9.319766637537127,11.014269662543876,80,19.317334485076955,2023-03
2023-03-30,11.014269662543876,55.91859982522277,5.9307605875236264,6.778012100027,6.778012100027,86,17.283930855068853,2023-03
2023-03-31,8.472515125033752,55.91859982522277,9.319766637537127,11.861521175047253,9.319766637537127,94,18.978433880075606,2023-03
2023-04-01,10.167018150040501,68.62737251277339,9.319766637537127,5.9307605875236264,6.778012100027,112,20.16458599758033,2023-04
2023-04-02,9.319766637537127,61.84936041274638,12.708772687550626,12.708772687550626,10.167018150040501,86,21.35073811508505,2023-04
2023-04-03,8.472515125033752,56.76585133772613,5.9307605875236264,8.472515125033752,5.9307605875236264,89,17.114480552568175,2023-04
2023-04-04,7.625263612530377,49.14058772519576,0.0,8.472515125033752,5.083509075020251,83,14.064375107556026,2023-04
2023-04-05,8.472515125033752,52.52959377520926,8.472515125033752,6.778012100027,5.9307605875236264,88,16.436679342565476,2023-04
2023-04-06,0.0,61.84936041274638,5.9307605875236264,7.625263612530377,7.625263612530377,131,16.60612964506615,2023-04
2023-04-07,11.014269662543876,66.93286948776664,8.472515125033752,10.167018150040501,10.167018150040501,87,21.350738115085058,2023-04
2023-04-08,9.601407937023138,63.718434491153566,9.601407937023138,9.601407937023138,11.347118471027345,72,20.773955354650063,2023-04
2023-04-09,11.347118471027345,68.08271082616407,9.601407937023138,7.855697403018932,20.07567114104838,78,23.392521155656375,2023-04
2023-04-10,7.855697403018932,62.84557922415146,0.0,6.982842136016829,10.474263204025243,99,17.631676393442493,2023-04
2023-04-11,0.0,61.972723957149356,7.855697403018932,6.109986869014724,9.601407937023138,86,17.10796323324123,2023-04
2023-04-12,8.728552670021035,62.84557922415146,8.728552670021035,0.0,6.982842136016829,94,17.45710534004207,2023-04
2023-04-13,6.982842136016829,56.73559235513673,5.237131602012622,8.728552670021035,9.601407937023138,87,17.45710534004207,2023-04
2023-04-14,6.982842136016829,61.09986869014724,9.601407937023138,6.982842136016829,9.601407937023138,81,18.853673767245436,2023-04
2023-04-15,12.219973738029449,74.1926976951788,12.219973738029449,11.347118471027345,0.0,88,21.99595272845301,2023-04
2023-04-16,6.109986869014724,72.44698716117459,0.0,0.0,13.965684272033657,88,18.50453166044459,2023-04
2023-04-17,9.601407937023138,73.31984242817671,7.855697403018932,5.237131602012622,5.237131602012622,98,20.25024219444881,2023-04
2023-04-18,6.109986869014724,55.86273708813463,8.728552670021035,8.728552670021035,7.855697403018932,102,17.45710534004207,2023-04
2023-04-19,8.728552670021035,65.46414502515778,8.728552670021035,0.0,6.982842136016829,88,17.980818500243334,2023-04
2023-04-20,7.855697403018932,59.354158156143036,6.982842136016829,6.109986869014724,6.109986869014724,83,17.282534286641646,2023-04
2023-04-21,5.237131602012622,67.20985555916197,8.728552670021035,0.0,11.347118471027345,103,18.50453166044459,2023-04
2023-04-22,8.728552670021035,68.95556609316617,0.0,6.982842136016829,6.109986869014724,87,18.15538955364375,2023-04
2023-04-23,8.728552670021035,76.8112634961851,6.982842136016829,20.07567114104838,8.728552670021035,74,24.265376422658477,2023-04
2023-04-24,6.982842136016829,60.22701342314514,7.855697403018932,8.728552670021035,7.855697403018932,105,18.329960607044175,2023-04
2023-04-25,6.982842136016829,57.60844762213884,8.728552670021035,0.0,10.474263204025243,96,16.758821126440388,2023-04
2023-04-26,10.474263204025243,49.7527502191199,9.601407937023138,5.237131602012622,5.237131602012622,100,16.060536912838707,2023-04
2023-04-27,7.855697403018932,61.09986869014724,10.474263204025243,5.237131602012622,6.109986869014724,97,18.15538955364375,2023-04
2023-04-28,7.855697403018932,61.972723957149356,6.982842136016829,5.237131602012622,7.855697403018932,104,17.980818500243338,2023-04
2023-04-29,8.728552670021035,64.59128975815567,7.855697403018932,6.109986869014724,12.219973738029449,76,19.90110008764796,2023-04
2023-04-30,6.109986869014724,61.972723957149356,6.982842136016829,6.982842136016829,14.838539539035759,87,19.3773869274467,2023-04
2023-05-01,7.855697403018932,54.98988182113253,0.0,6.109986869014724,7.855697403018932,117,15.362252699237024,2023-05
2023-05-02,5.237131602012622,62.84557922415146,6.982842136016829,8.728552670021035,8.728552670021035,98,18.50453166044459,2023-05
2023-05-03,7.855697403018932,57.60844762213884,6.109986869014724,6.109986869014724,9.601407937023138,114,17.45710534004207,2023-05
2023-05-04,0.0,51.49846075312411,7.855697403018932,5.237131602012622,7.855697403018932,97,14.489397432234918,2023-05
2023-05-05,6.109986869014724,53.24417128712832,5.237131602012622,6.109986869014724,7.855697403018932,114,15.711394806037864,2023-05
2023-05-06,6.109986869014724,61.972723957149356,11.347118471027345,6.982842136016829,10.474263204025243,97,19.3773869274467,2023-05
2023-05-07,7.855697403018932,63.718434491153566,7.855697403018932,7.855697403018932,11.347118471027345,86,19.72652903424754,2023-05
2023-05-08,9.601407937023138,66.33700029215987,7.855697403018932,5.237131602012622,8.728552670021035,105,19.55195798084712,2023-05
2023-05-09,9.601407937023138,54.11702655413042,8.728552670021035,5.237131602012622,10.474263204025243,112,17.631676393442493,2023-05
2023-05-10,7.855697403018932,54.98988182113253,6.982842136016829,5.237131602012622,7.855697403018932,100,16.58425007303997,2023-05
2023-05-11,8.728552670021035,55.86273708813463,6.982842136016829,0.0,11.347118471027345,110,16.584250073039968,2023-05
2023-05-12,11.347118471027345,52.371316020126216,9.601407937023138,8.728552670021035,8.728552670021035,93,18.15538955364375,2023-05
2023-05-13,6.982842136016829,74.1926976951788,0.0,10.474263204025243,8.728552670021035,96,20.07567114104838,2023-05
2023-05-14,8.728552670021035,70.70127662717039,0.0,8.728552670021035,12.219973738029449,99,20.07567114104838,2023-05
2023-05-15,0.0,56.73559235513673,6.982842136016829,6.982842136016829,8.728552670021035,110,15.885965859438283,2023-05
2023-05-16,7.855697403018932,61.972723957149356,9.601407937023138,9.601407937023138,5.237131602012622,82,18.85367376724544,2023-05
2023-05-17,7.855697403018932,61.09986869014724,7.855697403018932,0.0,9.601407937023138,105,17.28253428664165,2023-05
2023-05-18,7.855697403018932,55.86273708813463,5.237131602012622,6.109986869014724,7.855697403018932,110,16.584250073039968,2023-05
2023-05-19,7.855697403018932,61.09986869014724,0.0,9.601407937023138,7.855697403018932,107,17.28253428664165,2023-05
2023-05-20,6.982842136016829,71.57413189417248,9.601407937023138,8.728552670021035,9.601407937023138,101,21.297668514851324,2023-05
2023-05-21,9.601407937023138,60.22701342314514,8.728552670021035,9.601407937023138,13.092829005031554,122,20.2502421944488,2023-05
2023-05-22,11.347118471027345,61.09986869014724,7.855697403018932,6.109986869014724,7.855697403018932,116,18.853673767245436,2023-05
2023-05-23,8.728552670021035,59.354158156143036,6.109986869014724,6.109986869014724,9.601407937023138,108,17.98081850024333,2023-05
2023-05-24,6.982842136016829,64.59128975815567,6.982842136016829,7.855697403018932,12.219973738029449,77,19.72652903424754,2023-05
2023-05-25,8.728552670021035,56.73559235513673,8.728552670021035,5.237131602012622,8.728552670021035,92,17.63167639344249,2023-05
2023-05-26,6.109986869014724,66.33700029215987,13.965684272033657,7.855697403018932,10.474263204025243,126,20.948526408050487,2023-05
2023-05-27,7.855697403018932,76.8112634961851,13.965684272033657,10.474263204025243,11.347118471027345,88,24.090805369258057,2023-05
2023-05-28,8.728552670021035,82.04839509819773,11.347118471027345,7.855697403018932,0.0,81,21.99595272845301,2023-05
2023-05-29,7.855697403018932,76.8112634961851,7.855697403018932,10.474263204025243,13.092829005031554,96,23.21795010225596,2023-05
2023-05-30,8.728552670021035,59.354158156143036,0.0,7.855697403018932,8.728552670021035,137,16.93339217984081,2023-05
2023-05-31,6.982842136016829,61.09986869014724,13.965684272033657,6.109986869014724,10.474263204025243,96,19.72652903424754,2023-05
2023-06-01,6.982842136016829,56.73559235513673,6.982842136016829,8.728552670021035,9.601407937023138,119,17.80624744684291,2023-06
2023-06-02,9.601407937023138,61.09986869014724,12.219973738029449,8.728552670021035,6.982842136016829,105,19.726529034247537,2023-06
2023-06-03,11.347118471027345,77.68411876318721,9.601407937023138,9.601407937023138,12.219973738029449,73,24.090805369258057,2023-06
2023-06-04,7.855697403018932,70.70127662717039,11.347118471027345,8.728552670021035,0.0,74,19.72652903424754,2023-06
2023-06-05,5.237131602012622,66.33700029215987,8.728552670021035,9.601407937023138,8.728552670021035,91,19.72652903424754,2023-06
2023-06-06,7.855697403018932,61.972723957149356,5.237131602012622,10.474263204025243,9.601407937023138,96,19.02824482064586,2023-06
2023-06-07,7.855697403018932,51.49846075312411,6.109986869014724,12.219973738029449,11.347118471027345,102,17.80624744684291,2023-06
2023-06-08,7.855697403018932,65.46414502515778,0.0,6.109986869014724,6.109986869014724,80,17.10796323324123,2023-06
2023-06-09,6.982842136016829,64.59128975815567,10.474263204025243,0.0,7.855697403018932,90,17.980818500243338,2023-06
2023-06-10,7.855697403018932,62.84557922415146,0.0,10.474263204025243,0.0,80,16.235107966239127,2023-06
2023-06-11,8.728552670021035,75.93840822918301,11.347118471027345,11.347118471027345,12.219973738029449,80,23.916234315857636,2023-06
2023-06-12,10.474263204025243,59.354158156143036,9.601407937023138,8.728552670021035,7.855697403018932,102,19.202815874046276,2023-06
2023-06-13,7.855697403018932,61.972723957149356,8.728552670021035,6.109986869014724,13.965684272033657,108,19.72652903424754,2023-06
2023-06-14,6.109986869014724,63.718434491153566,5.237131602012622,6.109986869014724,6.109986869014724,102,17.45710534004207,2023-06
2023-06-15,10.474263204025243,63.718434491153566,0.0,14.838539539035759,10.474263204025243,113,19.901100087647965,2023-06
2023-06-16,9.601407937023138,75.93840822918301,5.237131602012622,8.728552670021035,9.601407937023138,90,21.82138167505259,2023-06
2023-06-17,7.855697403018932,76.8112634961851,0.0,8.728552670021035,6.982842136016829,100,20.07567114104838,2023-06
2023-06-18,0.0,65.46414502515778,7.855697403018932,8.728552670021035,11.347118471027345,74,18.67910271384502,2023-06
2023-06-19,8.728552670021035,68.08271082616407,5.237131602012622,7.855697403018932,14.838539539035759,91,20.948526408050487,2023-06
2023-06-20,11.347118471027345,58.48130288914093,9.601407937023138,12.219973738029449,6.982842136016829,88,19.72652903424754,2023-06
2023-06-21,5.237131602012622,70.70127662717039,11.347118471027345,6.109986869014724,11.347118471027345,87,20.948526408050483,2023-06
2023-06-22,10.474263204025243,68.95556609316617,8.728552670021035,6.109986869014724,6.109986869014724,82,20.075671141048378,2023-06
2023-06-23,7.855697403018932,68.08271082616407,0.0,8.728552670021035,7.855697403018932,95,18.504531660444595,2023-06
2023-06-24,12.219973738029449,87.28552670021035,8.728552670021035,10.474263204025243,7.855697403018932,78,25.312802743061006,2023-06
2023-06-25,8.728552670021035,68.95556609316617,13.965684272033657,7.855697403018932,13.965684272033657,89,22.69423694205469,2023-06
2023-06-26,6.982842136016829,75.0655529621809,7.855697403018932,6.982842136016829,11.347118471027345,129,21.64681062165217,2023-06
2023-06-27,9.601407937023138,65.46414502515778,10.474263204025243,8.728552670021035,8.728552670021035,91,20.599384301249646,2023-06
2023-06-28,6.982842136016829,64.59128975815567,10.474263204025243,6.982842136016829,6.109986869014724,101,19.02824482064586,2023-06
2023-06-29,11.320387921036703,62.69753310112635,11.320387921036703,6.09559349594284,8.70799070848977,116,20.028378629526472,2023-06
2023-06-30,7.837191637640794,67.05152845537124,7.837191637640794,6.966392566791817,12.19118699188568,121,20.376698257866064,2023-06
2023-07-01,9.578789779338749,74.01792102216305,13.061986062734658,11.320387921036703,8.70799070848977,116,23.337415098752587,2023-07
2023-07-02,10.449588850187725,84.46750987235079,11.320387921036703,12.19118699188568,16.545182346130566,87,26.99477119631829,2023-07
2023-07-03,6.966392566791817,63.56833217197533,6.966392566791817,0.0,6.966392566791817,97,16.89350197447015,2023-07
2023-07-04,7.837191637640794,64.4391312428243,7.837191637640794,7.837191637640794,7.837191637640794,72,19.1575795586775,2023-07
2023-07-05,6.966392566791817,61.826734030277386,0.0,8.70799070848977,6.09559349594284,95,16.719342160300364,2023-07
2023-07-06,9.578789779338749,70.53472473876715,8.70799070848977,9.578789779338749,0.0,80,19.680059001186883,2023-07
2023-07-07,6.966392566791817,60.955934959428404,10.449588850187725,7.837191637640794,8.70799070848977,102,18.983419744507703,2023-07
2023-07-08,6.966392566791817,67.92232752622022,9.578789779338749,9.578789779338749,10.449588850187725,73,20.89917770037545,2023-07
2023-07-09,10.449588850187725,75.75951916386103,13.061986062734658,6.966392566791817,6.966392566791817,82,22.640775842073406,2023-07
2023-07-10,8.70799070848977,67.92232752622022,8.70799070848977,6.09559349594284,13.061986062734658,121,20.899177700375454,2023-07
2023-07-11,8.70799070848977,66.18072938452227,8.70799070848977,6.09559349594284,6.966392566791817,101,19.33173937284729,2023-07
2023-07-12,7.837191637640794,65.30993031367328,6.09559349594284,11.320387921036703,13.932785133583634,109,20.89917770037545,2023-07
2023-07-13,8.70799070848977,58.343537746881466,11.320387921036703,13.061986062734658,11.320387921036703,106,20.550858072035858,2023-07
2023-07-14,9.578789779338749,69.66392566791816,11.320387921036703,6.966392566791817,10.449588850187725,137,21.59581695705463,2023-07
2023-07-15,7.837191637640794,74.01792102216305,12.19118699188568,8.70799070848977,0.0,88,20.55085807203586,2023-07
2023-07-16,15.674383275281588,78.37191637640794,8.70799070848977,0.0,13.061986062734658,74,23.163255284582792,2023-07
2023-07-17,6.966392566791817,70.53472473876715,9.578789779338749,6.09559349594284,13.061986062734658,95,21.247497328715042,2023-07
2023-07-18,11.320387921036703,66.18072938452227,8.70799070848977,6.09559349594284,8.70799070848977,97,20.20253844369627,2023-07
2023-07-19,9.578789779338749,60.08513588857942,0.0,0.0,6.966392566791817,91,15.326063646941995,2023-07
2023-07-20,8.70799070848977,71.40552380961613,9.578789779338749,8.70799070848977,11.320387921036703,86,21.944136585394226,2023-07
2023-07-21,0.0,63.56833217197533,6.09559349594284,9.578789779338749,6.966392566791817,123,17.241821602809743,2023-07
2023-07-22,11.320387921036703,85.33830894319976,9.578789779338749,10.449588850187725,11.320387921036703,110,25.60149268295993,2023-07
2023-07-23,6.966392566791817,74.88872009301204,11.320387921036703,6.966392566791817,8.70799070848977,87,21.769976771224428,2023-07
2023-07-24,7.837191637640794,58.343537746881466,8.70799070848977,0.0,6.09559349594284,113,16.196862717790975,2023-07
2023-07-25,6.966392566791817,56.60193960518352,0.0,7.837191637640794,6.966392566791817,106,15.674383275281588,2023-07
2023-07-26,6.966392566791817,62.69753310112635,13.061986062734658,7.837191637640794,9.578789779338749,100,20.028378629526475,2023-07
2023-07-27,6.966392566791817,68.7931265970692,8.70799070848977,0.0,9.578789779338749,114,18.80925993033791,2023-07
2023-07-28,6.966392566791817,63.56833217197533,8.70799070848977,11.320387921036703,8.70799070848977,102,19.854218815356678,2023-07
2023-07-29,10.449588850187725,79.24271544725691,6.09559349594284,12.19118699188568,9.578789779338749,101,23.51157491292238,2023-07
2023-07-30,9.578789779338749,71.40552380961613,11.320387921036703,0.0,8.70799070848977,95,20.20253844369627,2023-07
2023-07-31,6.09559349594284,57.4727386760325,8.70799070848977,9.578789779338749,7.837191637640794,136,17.938460859488934,2023-07
2023-08-01,8.70799070848977,60.08513588857942,0.0,8.70799070848977,7.837191637640794,118,17.067661788639953,2023-08
2023-08-02,6.966392566791817,60.08513588857942,6.09559349594284,0.0,15.674383275281588,86,17.764301045319133,2023-08
2023-08-03,7.837191637640794,63.56833217197533,7.837191637640794,0.0,8.70799070848977,77,17.59014123114934,2023-08
2023-08-04,7.837191637640794,64.4391312428243,7.837191637640794,6.09559349594284,7.837191637640794,98,18.80925993033791,2023-08
2023-08-05,6.966392566791817,68.7931265970692,0.0,0.0,11.320387921036703,91,17.41598141697954,2023-08
2023-08-06,0.0,70.53472473876715,14.803584204432612,9.578789779338749,10.449588850187725,69,21.073337514545248,2023-08
2023-08-07,9.578789779338749,65.30993031367328,8.70799070848977,6.966392566791817,11.320387921036703,116,20.37669825786606,2023-08
2023-08-08,6.966392566791817,63.56833217197533,6.09559349594284,6.966392566791817,6.09559349594284,96,17.938460859488924,2023-08
2023-08-09,8.70799070848977,68.7931265970692,6.966392566791817,6.09559349594284,12.19118699188568,93,20.55085807203586,2023-08
2023-08-10,7.837191637640794,66.18072938452227,9.578789779338749,0.0,7.837191637640794,110,18.286780487828523,2023-08
2023-08-11,9.578789779338749,56.60193960518352,13.061986062734658,0.0,9.578789779338749,101,17.764301045319137,2023-08
2023-08-12,13.061986062734658,68.7931265970692,10.449588850187725,11.320387921036703,7.837191637640794,81,22.292456213733818,2023-08
2023-08-13,9.578789779338749,76.63031823470999,12.19118699188568,6.966392566791817,12.19118699188568,97,23.511574912922384,2023-08
2023-08-14,10.449588850187725,59.21433681773045,7.837191637640794,6.966392566791817,13.932785133583634,99,19.680059001186883,2023-08
2023-08-15,6.09559349594284,52.24794425093863,7.837191637640794,8.70799070848977,6.966392566791817,74,16.37102253196077,2023-08
2023-08-16,8.70799070848977,63.56833217197533,8.70799070848977,6.966392566791817,6.09559349594284,107,18.809259930337905,2023-08
2023-08-17,6.09559349594284,60.955934959428404,12.19118699188568,9.578789779338749,12.19118699188568,116,20.202538443696273,2023-08
2023-08-18,0.0,58.343537746881466,6.09559349594284,0.0,7.837191637640794,106,14.45526457609302,2023-08
2023-08-19,6.09559349594284,71.40552380961613,10.449588850187725,6.09559349594284,11.320387921036703,97,21.073337514545244,2023-08
2023-08-20,11.320387921036703,66.18072938452227,13.932785133583634,10.449588850187725,8.70799070848977,79,22.11829639956402,2023-08
2023-08-21,11.320387921036703,55.731140534334536,10.449588850187725,9.578789779338749,11.320387921036703,120,19.680059001186883,2023-08
2023-08-22,0.0,59.21433681773045,0.0,6.966392566791817,6.966392566791817,97,14.629424390262816,2023-08
2023-08-23,6.966392566791817,50.506346109240674,7.837191637640794,0.0,6.966392566791817,116,14.45526457609302,2023-08
2023-08-24,0.0,71.40552380961613,6.966392566791817,0.0,0.0,110,15.674383275281588,2023-08
2023-08-25,6.09559349594284,47.89394889669374,7.837191637640794,8.70799070848977,6.09559349594284,108,15.326063646941995,2023-08
2023-08-26,0.0,68.7931265970692,9.578789779338749,9.578789779338749,11.320387921036703,113,19.85421881535668,2023-08
2023-08-27,10.449588850187725,72.2763228804651,8.70799070848977,8.70799070848977,10.449588850187725,75,22.11829639956402,2023-08
2023-08-28,5.2247944250938625,55.731140534334536,6.09559349594284,0.0,9.578789779338749,132,15.326063646941998,2023-08
2023-08-29,7.837191637640794,54.86034146348556,6.09559349594284,9.578789779338749,6.966392566791817,94,17.06766178863995,2023-08
2023-08-30,8.70799070848977,53.11874332178761,8.70799070848977,6.09559349594284,6.966392566791817,100,16.71934216030036,2023-08
2023-08-31,5.2247944250938625,52.24794425093863,6.966392566791817,6.09559349594284,7.837191637640794,107,15.674383275281588,2023-08
2023-09-01,6.966392566791817,59.21433681773045,8.70799070848977,6.966392566791817,8.70799070848977,110,18.112620673658725,2023-09
2023-09-02,0.0,74.01792102216305,13.061986062734658,7.837191637640794,12.19118699188568,86,21.42165714288484,2023-09
2023-09-03,12.19118699188568,66.18072938452227,6.966392566791817,7.837191637640794,10.449588850187725,96,20.725017886205656,2023-09
2023-09-04,14.803584204432612,62.69753310112635,6.966392566791817,10.449588850187725,9.578789779338749,94,20.89917770037545,2023-09
2023-09-05,0.0,50.506346109240674,11.320387921036703,0.0,5.2247944250938625,99,13.410305691074248,2023-09
2023-09-06,6.09559349594284,58.343537746881466,7.837191637640794,0.0,7.837191637640794,77,16.02270290362118,2023-09
2023-09-07,0.0,53.98954239263658,10.449588850187725,0.0,6.09559349594284,92,14.106944947753428,2023-09
2023-09-08,0.0,57.4727386760325,6.966392566791817,7.837191637640794,5.2247944250938625,90,15.500223461111796,2023-09
2023-09-09,7.837191637640794,66.18072938452227,12.19118699188568,6.09559349594284,0.0,76,18.460940301998317,2023-09
2023-09-10,8.70799070848977,67.05152845537124,11.320387921036703,8.70799070848977,11.320387921036703,77,21.421657142884836,2023-09
2023-09-11,9.578789779338749,59.21433681773045,6.09559349594284,7.837191637640794,8.70799070848977,119,18.286780487828523,2023-09
2023-09-12,6.09559349594284,54.86034146348556,6.966392566791817,6.09559349594284,12.19118699188568,96,17.241821602809743,2023-09
2023-09-13,7.837191637640794,58.343537746881466,9.578789779338749,6.09559349594284,6.966392566791817,115,17.764301045319133,2023-09
2023-09-14,7.837191637640794,48.76474796754272,0.0,6.966392566791817,7.837191637640794,108,14.281104761923226,2023-09
2023-09-15,6.09559349594284,60.955934959428404,6.966392566791817,0.0,6.966392566791817,118,16.19686271779097,2023-09
2023-09-16,6.09559349594284,66.18072938452227,7.837191637640794,0.0,8.70799070848977,81,17.764301045319137,2023-09
2023-09-17,13.061986062734658,60.08513588857942,8.70799070848977,8.70799070848977,8.70799070848977,72,19.85421881535668,2023-09
2023-09-18,5.2247944250938625,57.4727386760325,8.70799070848977,6.09559349594284,6.09559349594284,114,16.71934216030036,2023-09
2023-09-19,6.363836608814376,55.456290448239564,8.182075639904198,6.363836608814376,6.363836608814376,97,16.54597518291738,2023-09
2023-09-20,10.00031467099402,52.72893190160484,10.90943418653893,10.90943418653893,0.0,88,16.909622989135343,2023-09
2023-09-21,7.272956124359286,53.63805141714975,6.363836608814376,8.182075639904198,10.00031467099402,96,17.091446892244328,2023-09
2023-09-22,6.363836608814376,50.0015733549701,8.182075639904198,7.272956124359286,6.363836608814376,77,15.636855667372467,2023-09
2023-09-23,9.091195155449109,70.00220269695814,12.727673217628752,8.182075639904198,8.182075639904198,77,21.637044469968878,2023-09
2023-09-24,0.0,67.2748441503234,7.272956124359286,9.091195155449109,10.00031467099402,76,18.727862020225164,2023-09
2023-09-25,5.454717093269465,54.547170932694655,8.182075639904198,7.272956124359286,9.091195155449109,113,16.909622989135343,2023-09
2023-09-26,0.0,59.092768510419205,0.0,10.00031467099402,10.90943418653893,112,16.00050347359043,2023-09
2023-09-27,0.0,48.18333432388028,0.0,7.272956124359286,0.0,115,11.091258089647914,2023-09
2023-09-28,12.727673217628752,57.27452947932938,8.182075639904198,0.0,9.091195155449109,100,17.45509469846229,2023-09
2023-09-29,6.363836608814376,58.18364899487429,0.0,10.90943418653893,8.182075639904198,92,16.72779908602636,2023-09
2023-09-30,7.272956124359286,68.18396366586832,8.182075639904198,12.727673217628752,11.818553702083841,67,21.637044469968878,2023-09
2023-10-01,0.0,65.45660511923359,11.818553702083841,7.272956124359286,10.90943418653893,89,19.09150982644313,2023-10
2023-10-02,6.363836608814376,58.18364899487429,0.0,8.182075639904198,0.0,93,14.545912248718574,2023-10
2023-10-03,0.0,52.72893190160484,7.272956124359286,7.272956124359286,0.0,80,13.454968830064681,2023-10
2023-10-04,6.363836608814376,57.27452947932938,5.454717093269465,0.0,7.272956124359286,106,15.2732078611545,2023-10
2023-10-05,0.0,53.63805141714975,6.363836608814376,8.182075639904198,9.091195155449109,79,15.455031764263486,2023-10
2023-10-06,5.454717093269465,68.18396366586832,8.182075639904198,5.454717093269465,8.182075639904198,102,19.09150982644313,2023-10
2023-10-07,0.0,69.09308318141323,8.182075639904198,0.0,10.00031467099402,79,17.45509469846229,2023-10
2023-10-08,6.363836608814376,61.82012705705393,8.182075639904198,10.90943418653893,13.636792733173664,95,20.18245324509702,2023-10
2023-10-09,8.182075639904198,56.36540996378447,10.90943418653893,0.0,10.00031467099402,120,17.091446892244324,2023-10
2023-10-10,0.0,54.547170932694655,0.0,6.363836608814376,9.091195155449109,84,14.000440539391628,2023-10
2023-10-11,9.091195155449109,56.36540996378447,0.0,7.272956124359286,6.363836608814376,81,15.81867957048145,2023-10
2023-10-12,8.182075639904198,54.547170932694655,0.0,7.272956124359286,6.363836608814376,90,15.273207861154503,2023-10
2023-10-13,6.363836608814376,51.819812386059915,6.363836608814376,5.454717093269465,10.00031467099402,87,16.00050347359043,2023-10
2023-10-14,0.0,60.91100754150902,9.091195155449109,10.00031467099402,8.182075639904198,82,17.63691860157127,2023-10
2023-10-15,9.091195155449109,67.2748441503234,10.90943418653893,8.182075639904198,12.727673217628752,78,21.637044469968878,2023-10
2023-10-16,8.182075639904198,51.819812386059915,10.00031467099402,7.272956124359286,6.363836608814376,87,16.72779908602636,2023-10
2023-10-17,0.0,52.72893190160484,9.091195155449109,7.272956124359286,9.091195155449109,102,15.636855667372469,2023-10
2023-10-18,0.0,52.72893190160484,9.091195155449109,0.0,8.182075639904198,74,14.000440539391628,2023-10
2023-10-19,7.272956124359286,42.72861723061081,5.454717093269465,5.454717093269465,8.182075639904198,82,13.818616636282645,2023-10
2023-10-20,0.0,48.18333432388028,9.091195155449109,8.182075639904198,0.0,99,13.091321023846717,2023-10
2023-10-21,9.091195155449109,70.00220269695814,8.182075639904198,7.272956124359286,0.0,68,18.909685923334145,2023-10
2023-10-22,7.272956124359286,68.18396366586832,10.00031467099402,0.0,10.00031467099402,77,19.091509826443126,2023-10
2023-10-23,7.272956124359286,57.27452947932938,12.727673217628752,8.182075639904198,0.0,108,17.091446892244324,2023-10
2023-10-24,7.272956124359286,49.09245383942519,10.90943418653893,7.272956124359286,11.818553702083841,79,17.273270795353305,2023-10
2023-10-25,6.363836608814376,57.27452947932938,5.454717093269465,8.182075639904198,8.182075639904198,118,17.091446892244324,2023-10
2023-10-26,5.454717093269465,52.72893190160484,5.454717093269465,10.00031467099402,7.272956124359286,77,16.182327376699412,2023-10
2023-10-27,5.454717093269465,52.72893190160484,8.182075639904198,7.272956124359286,5.454717093269465,116,15.81867957048145,2023-10
2023-10-28,0.0,61.82012705705393,8.182075639904198,9.091195155449109,6.363836608814376,95,17.091446892244328,2023-10
2023-10-29,9.091195155449109,60.91100754150902,9.091195155449109,0.0,12.727673217628752,77,18.364214214007198,2023-10
2023-10-30,8.182075639904198,55.456290448239564,9.091195155449109,5.454717093269465,15.455031764263483,106,18.727862020225164,2023-10
2023-10-31,7.272956124359286,50.91069287051501,0.0,7.272956124359286,6.363836608814376,87,14.364088345609591,2023-10
2023-11-01,7.272956124359286,60.91100754150902,10.00031467099402,8.182075639904198,10.90943418653893,101,19.45515763266109,2023-11
2023-11-02,6.363836608814376,55.456290448239564,7.272956124359286,6.363836608814376,9.091195155449109,65,16.909622989135343,2023-11
2023-11-03,5.454717093269465,53.63805141714975,10.00031467099402,9.091195155449109,8.182075639904198,84,17.27327079535331,2023-11
2023-11-04,9.091195155449109,66.3657246347785,14.545912248718572,9.091195155449109,11.818553702083841,85,22.18251617929583,2023-11
2023-11-05,0.0,61.82012705705393,9.091195155449109,9.091195155449109,11.818553702083841,75,18.364214214007198,2023-11
2023-11-06,10.90943418653893,54.547170932694655,7.272956124359286,8.182075639904198,6.363836608814376,93,17.45509469846229,2023-11
2023-11-07,6.363836608814376,60.91100754150902,6.363836608814376,0.0,7.272956124359286,97,16.182327376699412,2023-11
2023-11-08,0.0,52.72893190160484,9.091195155449109,7.272956124359286,7.272956124359286,88,15.273207861154503,2023-11
2023-11-09,6.363836608814376,51.819812386059915,5.454717093269465,8.182075639904198,0.0,89,14.364088345609591,2023-11
2023-11-10,0.0,82.7298759145869,7.272956124359286,0.0,7.272956124359286,87,19.45515763266109,2023-11
2023-11-11,0.0,87.27547349231143,6.363836608814376,8.182075639904198,10.90943418653893,71,22.54616398551379,2023-11
2023-11-12,0.0,90.91195155449108,13.636792733173664,9.091195155449109,10.90943418653893,82,24.909874725930557,2023-11
2023-11-13,0.0,65.45660511923359,9.091195155449109,0.0,10.00031467099402,101,16.909622989135343,2023-11
2023-11-14,6.363836608814376,65.45660511923359,6.363836608814376,8.182075639904198,6.363836608814376,93,18.546038117116186,2023-11
2023-11-15,0.0,54.547170932694655,8.182075639904198,7.272956124359286,10.90943418653893,91,16.182327376699412,2023-11
2023-11-16,7.272956124359286,50.0015733549701,8.182075639904198,0.0,5.454717093269465,107,14.18226444250061,2023-11
2023-11-17,6.363836608814376,60.001888025964114,6.363836608814376,10.90943418653893,8.182075639904198,81,18.364214214007198,2023-11
2023-11-18,9.091195155449109,66.3657246347785,16.364151279808397,7.272956124359286,10.00031467099402,74,21.818868373077862,2023-11
2023-11-19,10.90943418653893,72.72956124359287,9.091195155449109,0.0,11.818553702083841,79,20.909748857532954,2023-11
2023-11-20,5.454717093269465,48.18333432388028,11.818553702083841,7.272956124359286,6.363836608814376,104,15.81867957048145,2023-11
2023-11-21,6.363836608814376,60.001888025964114,7.272956124359286,7.272956124359286,10.00031467099402,75,18.182390310898214,2023-11
2023-11-22,0.0,60.001888025964114,11.818553702083841,8.182075639904198,7.272956124359286,115,17.455094698462286,2023-11
2023-11-23,6.363836608814376,51.819812386059915,0.0,0.0,7.272956124359286,73,13.091321023846714,2023-11
2023-11-24,10.00031467099402,69.09308318141323,19.091509826443126,6.363836608814376,10.90943418653893,70,23.09163569484074,2023-11
2023-11-25,9.091195155449109,58.18364899487429,22.72798788862277,11.818553702083841,10.00031467099402,96,22.364340082404805,2023-11
2023-11-26,6.363836608814376,70.00220269695814,17.27327079535331,12.727673217628752,9.091195155449109,97,23.09163569484074,2023-11
2023-11-27,7.272956124359286,62.72924657259884,16.364151279808397,8.182075639904198,10.90943418653893,109,21.09157276064193,2023-11
2023-11-28,5.454717093269465,55.456290448239564,11.818553702083841,8.182075639904198,8.182075639904198,103,17.81874250468025,2023-11
2023-11-29,7.272956124359286,59.092768510419205,14.545912248718572,6.363836608814376,8.182075639904198,91,19.09150982644313,2023-11
2023-11-30,0.0,56.36540996378447,10.00031467099402,7.272956124359286,8.182075639904198,114,16.364151279808393,2023-11
2023-12-01,0.0,50.0015733549701,9.091195155449109,7.272956124359286,0.0,109,13.273144926955698,2023-12
2023-12-02,6.363836608814376,72.72956124359287,0.0,9.091195155449109,8.182075639904198,84,19.273333729552114,2023-12
2023-12-03,8.182075639904198,63.63836608814376,11.818553702083841,7.272956124359286,10.90943418653893,88,20.364277148206007,2023-12
2023-12-04,7.272956124359286,50.0015733549701,8.182075639904198,0.0,10.00031467099402,101,15.09138395804552,2023-12
2023-12-05,0.0,56.36540996378447,8.182075639904198,5.454717093269465,12.727673217628752,112,16.545975182917378,2023-12
2023-12-06,6.363836608814376,53.63805141714975,10.90943418653893,7.272956124359286,9.091195155449109,81,17.45509469846229,2023-12
2023-12-07,0.0,56.36540996378447,10.90943418653893,8.182075639904198,8.182075639904198,89,16.72779908602636,2023-12
2023-12-08,6.363836608814376,54.547170932694655,12.727673217628752,10.90943418653893,10.00031467099402,76,18.909685923334145,2023-12
2023-12-09,7.272956124359286,75.4569197902276,15.455031764263483,8.182075639904198,12.727673217628752,88,23.818931307276664,2023-12
2023-12-10,0.0,67.10547393920818,13.244501435370035,7.946700861222021,9.712634385938026,68,19.601862124347655,2023-12
2023-12-11,0.0,56.509872790912155,6.180767336506017,5.297800574148014,7.063734098864019,117,15.010434960086041,2023-12
2023-12-12,7.063734098864019,59.15877307798616,8.829667623580024,10.595601148296028,9.712634385938026,77,19.072082066932854,2023-12
2023-12-13,7.063734098864019,58.27580631562815,11.478567910654032,10.595601148296028,7.946700861222021,90,19.072082066932854,2023-12
2023-12-14,6.180767336506017,66.22250717685017,15.01043496008604,0.0,10.595601148296028,88,19.601862124347655,2023-12
2023-12-15,0.0,51.212072216764135,9.712634385938026,0.0,10.595601148296028,78,14.304061550199638,2023-12
2023-12-16,7.063734098864019,67.10547393920818,13.244501435370035,8.829667623580024,13.244501435370035,62,21.89757570647846,2023-12
2023-12-17,8.829667623580024,75.9351415627882,13.244501435370035,11.478567910654032,10.595601148296028,59,24.016695936137666,2023-12
2023-12-18,10.595601148296028,60.04173984034416,10.595601148296028,7.946700861222021,7.946700861222021,104,19.425268771876055,2023-12
2023-12-19,0.0,55.626906028554146,9.712634385938026,7.946700861222021,0.0,75,14.657248255142841,2023-12
2023-12-20,7.063734098864019,63.573606889776165,14.127468197728039,8.829667623580024,9.712634385938026,78,20.661422239177256,2023-12
2023-12-21,7.063734098864019,59.15877307798616,0.0,13.244501435370035,9.712634385938026,79,17.83592859963165,2023-12
2023-12-22,9.712634385938026,70.63734098864019,11.478567910654032,11.478567910654032,9.712634385938026,82,22.603949116364866,2023-12
2023-12-23,8.829667623580024,76.81810832514621,13.244501435370035,7.946700861222021,15.893401722444041,94,24.54647599355247,2023-12
2023-12-24,11.478567910654032,73.2862412757142,10.595601148296028,21.191202296592056,0.0,86,23.310322526251262,2023-12
2023-12-25,0.0,47.680205167332126,11.478567910654032,8.829667623580024,11.478567910654032,73,15.893401722444043,2023-12
2023-12-26,9.712634385938026,68.87140746392419,16.776368484802045,0.0,7.063734098864019,99,20.484828886705657,2023-12
2023-12-27,11.478567910654032,65.33954041449218,10.595601148296028,10.595601148296028,13.244501435370035,82,22.25076241142166,2023-12
2023-12-28,10.595601148296028,68.87140746392419,7.946700861222021,9.712634385938026,7.946700861222021,90,21.01460894412046,2023-12
2023-12-29,7.946700861222021,67.98844070156619,10.595601148296028,7.063734098864019,7.946700861222021,100,20.308235534234058,2023-12
2023-12-30,9.712634385938026,82.99887566165222,11.478567910654032,8.829667623580024,11.478567910654032,85,24.899662698495668,2023-12
2023-12-31,9.712634385938026,54.74393926619615,16.776368484802045,0.0,10.595601148296028,77,18.36570865704645,2023-12
2024-01-01,0.0,70.63734098864019,9.712634385938026,6.180767336506017,7.946700861222021,93,18.895488714461255,2024-01
2024-01-02,6.180767336506017,60.92470660270217,13.244501435370035,7.063734098864019,11.478567910654032,95,19.778455476819257,2024-01
2024-01-03,7.063734098864019,75.05217480043021,9.712634385938026,8.829667623580024,11.478567910654032,68,22.427355763893264,2024-01
2024-01-04,7.946700861222021,72.40327451335618,7.946700861222021,5.297800574148014,7.946700861222021,74,20.308235534234054,2024-01
2024-01-05,0.0,72.40327451335618,6.180767336506017,0.0,8.829667623580024,101,17.482741894688445,2024-01
2024-01-06,7.063734098864019,73.2862412757142,9.712634385938026,7.063734098864019,7.063734098864019,70,20.83801559164886,2024-01
2024-01-07,0.0,80.34997537457822,10.595601148296028,8.829667623580024,15.01043496008604,72,22.957135821308064,2024-01
2024-01-08,9.712634385938026,70.63734098864019,7.063734098864019,0.0,0.0,81,17.48274189468845,2024-01
2024-01-09,0.0,61.80767336506017,10.595601148296028,6.180767336506017,7.063734098864019,70,17.129555189745247,2024-01
2024-01-10,0.0,61.80767336506017,0.0,7.063734098864019,0.0,94,13.774281492784837,2024-01
2024-01-11,0.0,70.63734098864019,6.180767336506017,6.180767336506017,15.01043496008604,94,19.601862124347655,2024-01
2024-01-12,7.063734098864019,60.92470660270217,5.297800574148014,5.297800574148014,7.946700861222021,110,17.30614854221685,2024-01
2024-01-13,7.063734098864019,85.64777594872623,15.01043496008604,8.829667623580024,6.180767336506017,68,24.54647599355247,2024-01
2024-01-14,7.946700861222021,77.70107508750421,14.127468197728039,11.478567910654032,7.946700861222021,72,23.840102583666066,2024-01
2024-01-15,8.829667623580024,75.9351415627882,15.01043496008604,7.063734098864019,13.244501435370035,104,24.016695936137666,2024-01
2024-01-16,7.063734098864019,59.15877307798616,7.063734098864019,0.0,7.946700861222021,86,16.246588427387245,2024-01
2024-01-17,0.0,65.33954041449218,10.595601148296028,5.297800574148014,7.946700861222021,66,17.83592859963165,2024-01
2024-01-18,0.0,68.87140746392419,5.297800574148014,6.180767336506017,7.946700861222021,87,17.65933524716005,2024-01
2024-01-19,9.712634385938026,65.33954041449218,7.946700861222021,0.0,7.946700861222021,91,18.18911530457485,2024-01
2024-01-20,10.595601148296028,88.29667623580025,8.829667623580024,9.712634385938026,8.829667623580024,99,25.25284940343887,2024-01
2024-01-21,6.180767336506017,75.9351415627882,0.0,6.180767336506017,13.244501435370035,64,20.308235534234058,2024-01
2024-01-22,0.0,67.10547393920818,7.946700861222021,6.180767336506017,6.180767336506017,76,17.482741894688452,2024-01
2024-01-23,6.180767336506017,67.98844070156619,8.829667623580024,0.0,0.0,77,16.599775132330446,2024-01
2024-01-24,0.0,64.45657365213418,8.829667623580024,6.180767336506017,8.829667623580024,99,17.65933524716005,2024-01
2024-01-25,0.0,58.27580631562815,9.712634385938026,6.180767336506017,5.297800574148014,95,15.893401722444043,2024-01
2024-01-26,8.829667623580024,67.98844070156619,13.244501435370035,6.180767336506017,9.712634385938026,92,21.19120229659206,2024-01
2024-01-27,0.0,72.40327451335618,8.829667623580024,12.361534673012034,9.712634385938026,94,20.661422239177252,2024-01
2024-01-28,8.829667623580024,68.87140746392419,11.478567910654032,6.180767336506017,9.712634385938026,76,21.01460894412046,2024-01
2024-01-29,7.063734098864019,59.15877307798616,7.946700861222021,0.0,8.829667623580024,105,16.599775132330446,2024-01
2024-01-30,8.829667623580024,63.573606889776165,7.063734098864019,6.180767336506017,7.946700861222021,82,18.718895361989652,2024-01
2024-01-31,0.0,61.80767336506017,6.180767336506017,5.297800574148014,7.063734098864019,75,16.069995074915646,2024-01
2024-02-01,6.180767336506017,61.80767336506017,0.0,7.946700861222021,0.0,100,15.187028312557644,2024-02
2024-02-02,7.946700861222021,54.74393926619615,6.180767336506017,0.0,10.595601148296028,107,15.893401722444043,2024-02
2024-02-03,0.0,79.46700861222021,12.361534673012034,0.0,15.893401722444041,95,21.544389001535258,2024-02
2024-02-04,0.0,82.99887566165222,13.244501435370035,8.829667623580024,8.829667623580024,81,22.78054246883646,2024-02
2024-02-05,6.180767336506017,61.80767336506017,9.712634385938026,8.829667623580024,7.946700861222021,109,18.895488714461255,2024-02
2024-02-06,7.063734098864019,55.626906028554146,6.180767336506017,5.297800574148014,8.829667623580024,72,16.599775132330443,2024-02
2024-02-07,0.0,57.39283955327016,0.0,7.946700861222021,6.180767336506017,94,14.30406155019964,2024-02
2024-02-08,7.946700861222021,57.39283955327016,6.180767336506017,7.063734098864019,6.180767336506017,97,16.952961837273648,2024-02
2024-02-09,0.0,60.04173984034416,7.946700861222021,6.180767336506017,0.0,96,14.83384160761444,2024-02
2024-02-10,0.0,86.53074271108424,10.595601148296028,7.063734098864019,10.595601148296028,94,22.957135821308064,2024-02
2024-02-11,7.063734098864019,58.27580631562815,7.063734098864019,7.946700861222021,0.0,69,16.069995074915646,2024-02
2024-02-12,0.0,51.212072216764135,8.829667623580024,7.946700861222021,5.297800574148014,98,14.657248255142838,2024-02
2024-02-13,0.0,60.04173984034416,14.127468197728039,8.829667623580024,0.0,83,16.599775132330443,2024-02
2024-02-14,7.063734098864019,55.626906028554146,7.063734098864019,7.063734098864019,6.180767336506017,85,16.599775132330443,2024-02
2024-02-15,8.829667623580024,56.509872790912155,8.829667623580024,0.0,9.712634385938026,90,16.776368484802045,2024-02
2024-02-16,5.297800574148014,66.22250717685017,0.0,6.180767336506017,0.0,103,15.540215017500842,2024-02
2024-02-17,7.063734098864019,77.70107508750421,11.478567910654032,7.946700861222021,9.712634385938026,72,22.780542468836465,2024-02
2024-02-18,0.0,76.81810832514621,7.063734098864019,7.946700861222021,12.361534673012034,59,20.83801559164886,2024-02
2024-02-19,12.361534673012034,64.45657365213418,10.595601148296028,8.829667623580024,10.595601148296028,100,21.36779564906366,2024-02
2024-02-20,6.180767336506017,58.27580631562815,6.180767336506017,0.0,8.829667623580024,97,15.893401722444043,2024-02
2024-02-21,7.063734098864019,63.573606889776165,5.297800574148014,7.063734098864019,7.946700861222021,88,18.189115304574848,2024-02
2024-02-22,8.829667623580024,64.45657365213418,10.595601148296028,8.829667623580024,7.946700861222021,86,20.131642181762455,2024-02
2024-02-23,0.0,52.97800574148014,8.829667623580024,7.946700861222021,12.361534673012034,73,16.423181779858844,2024-02
2024-02-24,8.829667623580024,72.40327451335618,0.0,13.244501435370035,8.829667623580024,70,20.661422239177252,2024-02
2024-02-25,7.063734098864019,75.05217480043021,8.829667623580024,0.0,9.712634385938026,56,20.131642181762455,2024-02
2024-02-26,7.063734098864019,61.80767336506017,10.595601148296028,7.946700861222021,13.244501435370035,92,20.131642181762455,2024-02
2024-02-27,7.946700861222021,56.509872790912155,8.829667623580024,7.063734098864019,7.946700861222021,94,17.65933524716005,2024-02
2024-02-28,5.297800574148014,56.509872790912155,7.063734098864019,7.063734098864019,7.063734098864019,96,16.599775132330443,2024-02
2024-02-29,6.180767336506017,54.74393926619615,0.0,0.0,6.180767336506017,93,13.421094787841636,2024-02
2024-03-01,5.8502450190458015,60.173948767328255,5.8502450190458015,7.521743595916032,9.19324217278626,87,17.71788491482443,2024-03
2024-03-02,0.0,83.57492884351146,12.536239326526719,11.700490038091603,9.19324217278626,57,23.40098007618321,2024-03
2024-03-03,8.357492884351146,78.56043311290077,9.19324217278626,12.536239326526719,12.536239326526719,68,24.23672936461832,2024-03
2024-03-04,5.8502450190458015,58.50245019045802,6.685994307480916,0.0,10.864740749656491,80,16.380686053328244,2024-03
2024-03-05,0.0,58.50245019045802,8.357492884351146,5.8502450190458015,6.685994307480916,89,15.879236480267176,2024-03
2024-03-06,0.0,66.02419378637406,7.521743595916032,5.8502450190458015,0.0,75,15.879236480267178,2024-03
2024-03-07,0.0,57.6667009020229,0.0,6.685994307480916,10.864740749656491,86,15.043487191832062,2024-03
2024-03-08,8.357492884351146,55.159453036717565,7.521743595916032,7.521743595916032,6.685994307480916,92,17.04928548407634,2024-03
2024-03-09,6.685994307480916,59.33819947889314,10.864740749656491,0.0,10.864740749656491,58,17.55073505713741,2024-03
2024-03-10,0.0,61.00969805576337,7.521743595916032,8.357492884351146,12.536239326526719,74,17.885034772511453,2024-03
2024-03-11,7.521743595916032,60.173948767328255,5.8502450190458015,0.0,6.685994307480916,86,16.0463863379542,2024-03
2024-03-12,8.357492884351146,51.81645588297711,8.357492884351146,6.685994307480916,5.8502450190458015,74,16.213536195641222,2024-03
2024-03-13,10.028991461221375,64.35269520950382,6.685994307480916,5.8502450190458015,9.19324217278626,96,19.222233634007633,2024-03
2024-03-14,11.700490038091603,56.830951613587786,7.521743595916032,0.0,12.536239326526719,76,17.71788491482443,2024-03
2024-03-15,6.685994307480916,53.48795445984733,5.8502450190458015,7.521743595916032,5.8502450190458015,91,15.879236480267178,2024-03
2024-03-16,0.0,61.845447344198476,10.028991461221375,7.521743595916032,15.043487191832064,95,18.887933918633593,2024-03
2024-03-17,9.19324217278626,72.71018809385497,9.19324217278626,10.028991461221375,7.521743595916032,63,21.72948149931298,2024-03
2024-03-18,7.521743595916032,56.830951613587786,8.357492884351146,0.0,0.0,84,14.542037618770994,2024-03
2024-03-19,0.0,59.33819947889314,9.19324217278626,7.521743595916032,0.0,79,15.210637049519088,2024-03
2024-03-20,5.8502450190458015,58.50245019045802,0.0,0.0,11.700490038091603,73,15.210637049519084,2024-03
2024-03-21,0.0,56.830951613587786,6.685994307480916,6.685994307480916,0.0,88,14.040588045709924,2024-03
2024-03-22,5.8502450190458015,56.830951613587786,0.0,9.19324217278626,7.521743595916032,104,15.879236480267176,2024-03
2024-03-23,0.0,71.03868951698475,8.357492884351146,0.0,0.0,96,15.879236480267178,2024-03
2024-03-24,11.700490038091603,57.6667009020229,10.028991461221375,12.536239326526719,15.043487191832064,75,21.395181783938938,2024-03
2024-03-25,7.521743595916032,66.85994307480917,7.521743595916032,7.521743595916032,10.028991461221375,111,19.890833064755732,2024-03
2024-03-26,8.357492884351146,57.6667009020229,0.0,0.0,8.357492884351146,88,14.876337334145038,2024-03
2024-03-27,10.864740749656491,59.33819947889314,0.0,5.8502450190458015,7.521743595916032,97,16.714985768702295,2024-03
2024-03-28,6.685994307480916,55.159453036717565,5.8502450190458015,9.19324217278626,0.0,105,15.37778690720611,2024-03
2024-03-29,8.357492884351146,58.50245019045802,7.521743595916032,6.685994307480916,15.043487191832064,75,19.222233634007637,2024-03
2024-03-30,6.685994307480916,65.18844449793893,0.0,10.028991461221375,12.536239326526719,102,18.887933918633586,2024-03
2024-03-31,0.0,57.6667009020229,0.0,11.700490038091603,13.371988614961833,68,16.54783591101527,2024-03
2024-04-01,6.685994307480916,59.33819947889314,10.028991461221375,11.700490038091603,10.028991461221375,91,19.556533349381684,2024-04
2024-04-02,10.864740749656491,70.20294022854962,0.0,8.357492884351146,9.19324217278626,106,19.723683207068703,2024-04
2024-04-03,10.028991461221375,57.6667009020229,8.357492884351146,6.685994307480916,9.19324217278626,69,18.38648434557252,2024-04
2024-04-04,6.685994307480916,41.78746442175573,11.700490038091603,0.0,8.357492884351146,72,13.706288330335877,2024-04
2024-04-05,7.521743595916032,60.173948767328255,9.19324217278626,8.357492884351146,14.207737903396946,83,19.89083306475573,2024-04
2024-04-06,8.357492884351146,60.173948767328255,10.028991461221375,7.521743595916032,8.357492884351146,76,18.887933918633593,2024-04
2024-04-07,7.521743595916032,76.05318524759544,11.700490038091603,13.371988614961833,10.028991461221375,75,23.735279791557257,2024-04
2024-04-08,0.0,47.63770944080153,5.8502450190458015,0.0,0.0,110,10.697590891969465,2024-04
2024-04-09,6.685994307480916,61.00969805576337,9.19324217278626,5.8502450190458015,5.8502450190458015,88,17.71788491482443,2024-04
2024-04-10,0.0,55.159453036717565,11.700490038091603,6.685994307480916,7.521743595916032,95,16.213536195641222,2024-04
2024-04-11,6.685994307480916,54.32370374828245,0.0,0.0,6.685994307480916,79,13.539138472648855,2024-04
2024-04-12,0.0,50.98070659454199,5.8502450190458015,8.357492884351146,8.357492884351146,88,14.709187476458018,2024-04
2024-04-13,8.357492884351146,59.33819947889314,7.521743595916032,9.19324217278626,10.028991461221375,79,18.887933918633593,2024-04
2024-04-14,0.0,66.02419378637406,9.19324217278626,7.521743595916032,10.864740749656491,77,18.720784060946567,2024-04
2024-04-15,7.521743595916032,49.309208017671764,0.0,8.357492884351146,5.8502450190458015,93,14.20773790339695,2024-04
2024-04-16,7.521743595916032,55.99520232515268,10.864740749656491,5.8502450190458015,9.19324217278626,99,17.885034772511453,2024-04
2024-04-17,6.685994307480916,59.33819947889314,8.357492884351146,0.0,0.0,69,14.87633733414504,2024-04
2024-04-18,6.685994307480916,52.65220517141221,7.521743595916032,9.19324217278626,8.357492884351146,77,16.882135626389314,2024-04
2024-04-19,9.19324217278626,55.159453036717565,0.0,10.028991461221375,10.028991461221375,91,16.882135626389317,2024-04
2024-04-20,10.864740749656491,78.56043311290077,12.536239326526719,0.0,14.207737903396946,75,23.233830218496184,2024-04
2024-04-21,8.357492884351146,71.87443880541986,10.028991461221375,0.0,0.0,84,18.052184630198475,2024-04
2024-04-22,7.521743595916032,60.173948767328255,9.19324217278626,6.685994307480916,11.700490038091603,100,19.05508377632061,2024-04
2024-04-23,0.0,52.65220517141221,6.685994307480916,0.0,5.8502450190458015,93,13.037688899587787,2024-04
2024-04-24,9.19324217278626,48.47345872923665,11.700490038091603,10.864740749656491,9.19324217278626,86,17.885034772511453,2024-04
2024-04-25,9.19324217278626,62.681196632633586,0.0,7.521743595916032,5.8502450190458015,87,17.049285484076336,2024-04
2024-04-26,8.357492884351146,55.159453036717565,7.521743595916032,0.0,13.371988614961833,88,16.882135626389317,2024-04
2024-04-27,12.536239326526719,78.56043311290077,8.357492884351146,0.0,10.864740749656491,88,22.063781214687026,2024-04
2024-04-28,8.357492884351146,79.39618240133588,8.357492884351146,10.864740749656491,10.864740749656491,84,23.56812993387023,2024-04
2024-04-29,0.0,48.47345872923665,8.357492884351146,0.0,0.0,107,11.366190322717559,2024-04
2024-04-30,7.521743595916032,67.69569236324428,6.685994307480916,0.0,8.357492884351146,73,18.052184630198475,2024-04
2024-05-01,5.8502450190458015,60.173948767328255,7.521743595916032,0.0,10.028991461221375,90,16.714985768702295,2024-05
2024-05-02,5.8502450190458015,51.81645588297711,6.685994307480916,6.685994307480916,6.685994307480916,81,15.544936764893128,2024-05
2024-05-03,6.685994307480916,63.516945921068704,9.19324217278626,8.357492884351146,0.0,67,17.550735057137405,2024-05
2024-05-04,8.357492884351146,78.56043311290077,11.700490038091603,10.028991461221375,8.357492884351146,77,23.40098007618321,2024-05
2024-05-05,8.357492884351146,70.20294022854962,13.371988614961833,7.521743595916032,12.536239326526719,77,22.39808093006107,2024-05
2024-05-06,6.685994307480916,63.516945921068704,7.521743595916032,0.0,8.357492884351146,77,17.21643534176336,2024-05
2024-05-07,9.19324217278626,60.173948767328255,8.357492884351146,9.19324217278626,8.357492884351146,86,19.05508377632061,2024-05
2024-05-08,6.685994307480916,59.33819947889314,6.685994307480916,5.8502450190458015,10.028991461221375,79,17.71788491482443,2024-05
2024-05-09,6.685994307480916,50.144957306106875,5.8502450190458015,5.8502450190458015,9.19324217278626,91,15.544936764893132,2024-05
2024-05-10,0.0,59.33819947889314,6.685994307480916,0.0,15.043487191832064,103,16.213536195641222,2024-05
2024-05-11,0.0,60.173948767328255,10.028991461221375,10.028991461221375,0.0,68,16.046386337954203,2024-05
2024-05-12,0.0,63.516945921068704,0.0,9.19324217278626,14.207737903396946,72,17.383585199450383,2024-05
2024-05-13,8.357492884351146,65.18844449793893,0.0,5.8502450190458015,10.028991461221375,94,17.885034772511453,2024-05
2024-05-14,0.0,54.32370374828245,5.8502450190458015,8.357492884351146,6.685994307480916,87,15.04348719183206,2024-05
2024-05-15,7.521743595916032,61.845447344198476,0.0,7.521743595916032,5.8502450190458015,96,16.54783591101527,2024-05
2024-05-16,7.521743595916032,55.159453036717565,6.685994307480916,5.8502450190458015,6.685994307480916,83,16.380686053328244,2024-05
2024-05-17,9.19324217278626,63.516945921068704,5.8502450190458015,6.685994307480916,10.028991461221375,107,19.05508377632061,2024-05
2024-05-18,9.19324217278626,73.54593738229008,10.864740749656491,7.521743595916032,10.028991461221375,88,22.230931072374048,2024-05
2024-05-19,7.521743595916032,78.56043311290077,0.0,10.028991461221375,11.700490038091603,74,21.562331641625956,2024-05
2024-05-20,5.8502450190458015,55.159453036717565,8.357492884351146,0.0,7.521743595916032,96,15.37778690720611,2024-05
2024-05-21,7.521743595916032,53.48795445984733,8.357492884351146,6.685994307480916,10.028991461221375,96,17.21643534176336,2024-05
2024-05-22,0.0,48.05334946125322,10.29714631312569,8.580955260938074,9.439050787031881,87,15.274100364469774,2024-05
2024-05-23,0.0,60.06668682656653,0.0,9.439050787031881,7.722859734844267,104,15.445719469688536,2024-05
2024-05-24,13.72952841750092,54.06001814390987,8.580955260938074,7.722859734844267,14.587623943594727,105,19.73619710015757,2024-05
2024-05-25,11.155241839219498,79.80288392672409,8.580955260938074,0.0,10.29714631312569,83,21.967245468001472,2024-05
2024-05-26,0.0,78.94478840063029,9.439050787031881,9.439050787031881,13.72952841750092,77,22.31048367843899,2024-05
2024-05-27,11.155241839219498,60.92478235266032,9.439050787031881,8.580955260938074,0.0,96,18.020006047969954,2024-05
2024-05-28,11.155241839219498,64.35716445703555,6.006668682656652,0.0,6.86476420875046,104,17.67676783753243,2024-05
2024-05-29,8.580955260938074,60.06668682656653,9.439050787031881,9.439050787031881,10.29714631312569,102,19.56457799493881,2024-05
2024-05-30,0.0,58.350495774378906,0.0,7.722859734844267,9.439050787031881,93,15.102481259251011,2024-05
2024-05-31,8.580955260938074,61.782877878754135,8.580955260938074,0.0,9.439050787031881,91,17.67676783753243,2024-05
2024-06-01,0.0,72.08002419187983,8.580955260938074,0.0,0.0,96,16.13219589056358,2024-06
2024-06-02,11.155241839219498,72.93811971797362,9.439050787031881,0.0,14.587623943594727,87,21.624007257563946,2024-06
2024-06-03,6.86476420875046,60.92478235266032,12.871432891407112,0.0,14.587623943594727,106,19.049720679282522,2024-06
2024-06-04,11.155241839219498,60.06668682656653,8.580955260938074,7.722859734844267,11.155241839219498,86,19.736197100157572,2024-06
2024-06-05,6.86476420875046,82.37717050500552,6.86476420875046,0.0,8.580955260938074,82,20.9375308366889,2024-06
2024-06-06,6.006668682656652,53.20192261781607,8.580955260938074,6.86476420875046,0.0,80,14.93086215403225,2024-06
2024-06-07,10.29714631312569,64.35716445703555,0.0,11.155241839219498,11.155241839219498,82,19.39295888972005,2024-06
2024-06-08,12.013337365313305,78.08669287453648,8.580955260938074,9.439050787031881,9.439050787031881,90,23.511817414970324,2024-06
2024-06-09,0.0,72.93811971797362,11.155241839219498,10.29714631312569,10.29714631312569,80,20.9375308366889,2024-06
2024-06-10,10.29714631312569,59.20859130047271,9.439050787031881,0.0,6.006668682656652,108,16.990291416657385,2024-06
2024-06-11,11.155241839219498,69.50573761359841,9.439050787031881,6.006668682656652,7.722859734844267,96,20.76591173147014,2024-06
2024-06-12,0.0,71.22192866578601,10.29714631312569,0.0,7.722859734844267,87,17.848386942751194,2024-06
2024-06-13,8.580955260938074,60.92478235266032,7.722859734844267,0.0,6.006668682656652,95,16.647053206219862,2024-06
2024-06-14,6.86476420875046,67.7895465614108,6.86476420875046,0.0,10.29714631312569,99,18.363244258407484,2024-06
2024-06-15,12.013337365313305,72.93811971797362,11.155241839219498,0.0,9.439050787031881,84,21.109149941907663,2024-06
2024-06-16,0.0,72.08002419187983,12.013337365313305,0.0,9.439050787031881,70,18.706482468845003,2024-06
2024-06-17,6.86476420875046,61.782877878754135,0.0,0.0,0.0,96,13.72952841750092,2024-06
2024-06-18,7.722859734844267,60.06668682656653,12.871432891407112,0.0,11.155241839219498,108,18.363244258407484,2024-06
2024-06-19,6.86476420875046,58.350495774378906,9.439050787031881,7.722859734844267,8.580955260938074,101,18.191625153188717,2024-06
2024-06-20,8.580955260938074,48.911444987347025,0.0,0.0,7.722859734844267,85,13.043051996625874,2024-06
2024-06-21,7.722859734844267,57.4924002482851,11.155241839219498,0.0,13.72952841750092,82,18.020006047969957,2024-06
2024-06-22,10.29714631312569,77.22859734844268,9.439050787031881,9.439050787031881,6.86476420875046,92,22.653721888876518,2024-06
2024-06-23,8.580955260938074,60.92478235266032,0.0,17.16191052187615,9.439050787031881,81,19.22133978450129,2024-06
2024-06-24,12.871432891407112,62.64097340484794,0.0,10.29714631312569,11.155241839219498,113,19.39295888972005,2024-06
2024-06-25,0.0,68.6476420875046,11.155241839219498,0.0,10.29714631312569,108,18.020006047969957,2024-06
2024-06-26,9.439050787031881,63.499068930941746,6.86476420875046,0.0,11.155241839219498,93,18.191625153188717,2024-06
2024-06-27,6.86476420875046,71.22192866578601,8.580955260938074,12.013337365313305,11.155241839219498,81,21.96724546800147,2024-06
2024-06-28,6.86476420875046,55.77620919609749,9.439050787031881,7.722859734844267,11.155241839219498,85,18.191625153188717,2024-06
2024-06-29,7.722859734844267,78.94478840063029,8.580955260938074,0.0,9.439050787031881,66,20.9375308366889,2024-06
2024-06-30,0.0,70.36383313969222,15.445719469688534,6.86476420875046,8.580955260938074,73,20.251054415813854,2024-06
2024-07-01,8.580955260938074,66.07335550922318,12.013337365313305,10.29714631312569,6.86476420875046,111,20.76591173147014,2024-07
2024-07-02,0.0,65.21525998312937,10.29714631312569,10.29714631312569,10.29714631312569,90,19.22133978450129,2024-07
2024-07-03,8.580955260938074,63.499068930941746,8.580955260938074,9.439050787031881,10.29714631312569,93,20.07943531059509,2024-07
2024-07-04,0.0,67.7895465614108,7.722859734844267,14.587623943594727,0.0,75,18.020006047969957,2024-07
2024-07-05,6.86476420875046,69.50573761359841,12.013337365313305,7.722859734844267,6.86476420875046,97,20.59429262625138,2024-07
2024-07-06,7.722859734844267,75.51240629625505,10.29714631312569,6.86476420875046,12.013337365313305,84,22.482102783657755,2024-07
2024-07-07,13.72952841750092,68.6476420875046,0.0,11.155241839219498,16.303814995782343,60,21.967245468001472,2024-07
2024-07-08,6.006668682656652,76.37050182234887,6.86476420875046,6.006668682656652,8.580955260938074,99,20.76591173147014,2024-07
2024-07-09,7.722859734844267,70.36383313969222,6.86476420875046,10.29714631312569,7.722859734844267,95,20.59429262625138,2024-07
2024-07-10,6.86476420875046,66.93145103531698,0.0,8.580955260938074,11.155241839219498,79,18.706482468845003,2024-07
2024-07-11,9.439050787031881,68.6476420875046,12.013337365313305,0.0,0.0,88,18.020006047969957,2024-07
2024-07-12,0.0,63.499068930941746,11.155241839219498,9.439050787031881,6.86476420875046,88,18.191625153188717,2024-07
2024-07-13,9.439050787031881,71.22192866578601,10.29714631312569,0.0,6.86476420875046,88,19.56457799493881,2024-07
2024-07-14,8.580955260938074,60.92478235266032,6.86476420875046,7.722859734844267,9.439050787031881,84,18.706482468845003,2024-07
2024-07-15,8.580955260938074,60.92478235266032,9.439050787031881,7.722859734844267,10.29714631312569,96,19.392958889720045,2024-07
2024-07-16,7.722859734844267,64.35716445703555,9.439050787031881,0.0,9.439050787031881,81,18.191625153188717,2024-07
2024-07-17,10.29714631312569,60.06668682656653,9.439050787031881,0.0,6.86476420875046,89,17.33352962709491,2024-07
2024-07-18,6.86476420875046,66.07335550922318,8.580955260938074,9.439050787031881,6.006668682656652,90,19.392958889720045,2024-07
2024-07-19,11.155241839219498,65.21525998312937,7.722859734844267,8.580955260938074,0.0,97,18.53486336362624,2024-07
2024-07-20,0.0,85.80955260938075,11.155241839219498,9.439050787031881,10.29714631312569,83,23.340198309751564,2024-07
2024-07-21,0.0,84.95145708328693,7.722859734844267,9.439050787031881,0.0,99,20.422673521032614,2024-07
2024-07-22,8.580955260938074,66.07335550922318,10.29714631312569,0.0,7.722859734844267,103,18.53486336362624,2024-07
2024-07-23,7.722859734844267,82.37717050500552,0.0,0.0,9.439050787031881,95,19.90781620537633,2024-07
2024-07-24,7.722859734844267,69.50573761359841,6.006668682656652,7.722859734844267,6.86476420875046,104,19.56457799493881,2024-07
2024-07-25,0.0,69.50573761359841,7.722859734844267,0.0,6.86476420875046,91,16.818672311438625,2024-07
2024-07-26,7.722859734844267,70.36383313969222,8.580955260938074,7.722859734844267,10.29714631312569,91,20.9375308366889,2024-07
2024-07-27,19.736197100157572,64.35716445703555,7.722859734844267,12.013337365313305,10.29714631312569,90,22.825340994095278,2024-07
2024-07-28,15.445719469688534,70.36383313969222,9.439050787031881,10.29714631312569,13.72952841750092,77,23.855055625407847,2024-07
2024-07-29,6.006668682656652,69.50573761359841,8.580955260938074,0.0,7.722859734844267,108,18.36324425840748,2024-07
2024-07-30,8.580955260938074,60.06668682656653,7.722859734844267,7.722859734844267,7.722859734844267,94,18.36324425840748,2024-07
2024-07-31,0.0,63.499068930941746,7.722859734844267,9.439050787031881,10.29714631312569,70,18.191625153188717,2024-07
2024-08-01,7.722859734844267,68.6476420875046,8.580955260938074,7.722859734844267,8.580955260938074,105,20.25105441581385,2024-08
2024-08-02,7.722859734844267,65.21525998312937,6.006668682656652,6.86476420875046,6.86476420875046,98,18.53486336362624,2024-08
2024-08-03,11.155241839219498,70.36383313969222,6.86476420875046,0.0,7.722859734844267,86,19.22133978450129,2024-08
2024-08-04,8.580955260938074,68.6476420875046,12.871432891407112,9.439050787031881,9.439050787031881,69,21.795626362782706,2024-08
2024-08-05,6.86476420875046,58.350495774378906,10.29714631312569,9.439050787031881,0.0,105,16.990291416657392,2024-08
2024-08-06,7.722859734844267,64.35716445703555,6.006668682656652,6.006668682656652,7.722859734844267,76,18.363244258407477,2024-08
2024-08-07,6.006668682656652,66.93145103531698,9.439050787031881,0.0,0.0,96,16.475434101001106,2024-08
2024-08-08,6.006668682656652,59.20859130047271,0.0,6.86476420875046,6.006668682656652,81,15.617338574907293,2024-08
2024-08-09,0.0,64.35716445703555,8.580955260938074,9.439050787031881,9.439050787031881,90,18.363244258407473,2024-08
2024-08-10,6.86476420875046,78.08669287453648,11.155241839219498,8.580955260938074,14.587623943594727,79,23.855055625407847,2024-08
2024-08-11,7.722859734844267,75.51240629625505,9.439050787031881,8.580955260938074,0.0,97,20.25105441581385,2024-08
2024-08-12,7.12951807228916,56.243975903614476,11.090361445783135,6.337349397590362,0.0,127,16.160240963855426,2024-08
2024-08-13,6.337349397590362,66.54216867469881,7.12951807228916,7.9216867469879535,7.9216867469879535,100,19.17048192771085,2024-08
2024-08-14,6.337349397590362,70.50301204819279,9.506024096385545,8.713855421686748,12.674698795180724,74,21.546987951807232,2024-08
2024-08-15,7.12951807228916,57.828313253012055,6.337349397590362,0.0,7.12951807228916,105,15.684939759036146,2024-08
2024-08-16,6.337349397590362,62.58132530120483,7.9216867469879535,6.337349397590362,0.0,85,16.6355421686747,2024-08
2024-08-17,0.0,63.37349397590363,0.0,7.12951807228916,7.9216867469879535,84,15.68493975903615,2024-08
2024-08-18,7.9216867469879535,79.21686746987953,6.337349397590362,10.29819277108434,11.090361445783135,81,22.972891566265066,2024-08
2024-08-19,7.9216867469879535,60.99698795180725,0.0,10.29819277108434,7.12951807228916,92,17.26927710843374,2024-08
2024-08-20,0.0,58.620481927710856,9.506024096385545,10.29819277108434,11.88253012048193,86,18.061445783132534,2024-08
2024-08-21,0.0,60.99698795180725,6.337349397590362,8.713855421686748,6.337349397590362,77,16.477108433734944,2024-08
2024-08-22,0.0,54.65963855421688,6.337349397590362,7.9216867469879535,8.713855421686748,64,15.526506024096388,2024-08
2024-08-23,0.0,68.9186746987952,6.337349397590362,11.88253012048193,11.090361445783135,80,19.645783132530124,2024-08
2024-08-24,8.713855421686748,68.1265060240964,7.12951807228916,11.090361445783135,11.88253012048193,71,21.388554216867472,2024-08
2024-08-25,8.713855421686748,67.3343373493976,15.051204819277112,10.29819277108434,13.46686746987952,57,22.972891566265066,2024-08
2024-08-26,0.0,45.94578313253013,9.506024096385545,8.713855421686748,5.545180722891567,98,13.9421686746988,2024-08
2024-08-27,0.0,55.45180722891567,7.12951807228916,0.0,11.88253012048193,88,14.892771084337351,2024-08
2024-08-28,6.337349397590362,55.45180722891567,11.090361445783135,5.545180722891567,11.090361445783135,92,17.90301204819277,2024-08
2024-08-29,5.545180722891567,59.412650602409656,5.545180722891567,6.337349397590362,7.12951807228916,78,16.793975903614463,2024-08
2024-08-30,7.9216867469879535,64.95783132530121,7.9216867469879535,7.12951807228916,10.29819277108434,90,19.645783132530127,2024-08
2024-08-31,8.713855421686748,70.50301204819279,11.090361445783135,9.506024096385545,11.090361445783135,69,22.18072289156627,2024-08
2024-09-01,7.9216867469879535,67.3343373493976,7.9216867469879535,7.12951807228916,10.29819277108434,72,20.121084337349405,2024-09
2024-09-02,0.0,74.46385542168676,7.9216867469879535,9.506024096385545,0.0,85,18.378313253012053,2024-09
2024-09-03,11.090361445783135,57.828313253012055,13.46686746987952,9.506024096385545,7.12951807228916,102,19.804216867469883,2024-09
2024-09-04,7.12951807228916,57.828313253012055,7.12951807228916,6.337349397590362,10.29819277108434,91,17.744578313253015,2024-09
2024-09-05,7.9216867469879535,58.620481927710856,10.29819277108434,0.0,7.12951807228916,97,16.793975903614463,2024-09
2024-09-06,7.12951807228916,57.828313253012055,8.713855421686748,7.12951807228916,0.0,83,16.160240963855422,2024-09
2024-09-07,0.0,63.37349397590363,11.090361445783135,10.29819277108434,8.713855421686748,72,18.69518072289157,2024-09
2024-09-08,7.9216867469879535,67.3343373493976,6.337349397590362,11.090361445783135,9.506024096385545,94,20.43795180722892,2024-09
2024-09-09,6.337349397590362,55.45180722891567,0.0,7.12951807228916,8.713855421686748,84,15.526506024096387,2024-09
2024-09-10,0.0,57.828313253012055,5.545180722891567,7.12951807228916,0.0,66,14.100602409638558,2024-09
2024-09-11,7.9216867469879535,47.53012048192772,0.0,9.506024096385545,7.12951807228916,92,14.417469879518075,2024-09
2024-09-12,5.545180722891567,61.78915662650605,8.713855421686748,0.0,0.0,95,15.209638554216871,2024-09
2024-09-13,0.0,58.620481927710856,11.88253012048193,0.0,16.635542168674704,78,17.427710843373497,2024-09
2024-09-14,8.713855421686748,68.9186746987952,11.090361445783135,0.0,11.88253012048193,81,20.1210843373494,2024-09
2024-09-15,0.0,68.9186746987952,7.12951807228916,7.12951807228916,6.337349397590362,66,17.903012048192775,2024-09
2024-09-16,0.0,52.28313253012049,8.713855421686748,6.337349397590362,0.0,83,13.46686746987952,2024-09
2024-09-17,6.337349397590362,55.45180722891567,7.12951807228916,7.12951807228916,6.337349397590362,86,16.47710843373494,2024-09
2024-09-18,6.337349397590362,55.45180722891567,0.0,0.0,5.545180722891567,93,13.46686746987952,2024-09
2024-09-19,6.337349397590362,53.86746987951808,7.12951807228916,7.12951807228916,7.9216867469879535,96,16.477108433734944,2024-09
2024-09-20,6.337349397590362,57.03614457831328,8.713855421686748,7.12951807228916,10.29819277108434,78,17.903012048192778,2024-09
2024-09-21,0.0,61.78915662650605,0.0,10.29819277108434,14.25903614457832,92,17.26927710843374,2024-09
2024-09-22,0.0,70.50301204819279,10.29819277108434,10.29819277108434,10.29819277108434,79,20.279518072289164,2024-09
2024-09-23,0.0,56.243975903614476,0.0,7.12951807228916,0.0,112,12.674698795180728,2024-09
2024-09-24,10.29819277108434,57.828313253012055,7.9216867469879535,5.545180722891567,5.545180722891567,98,17.4277108433735,2024-09
2024-09-25,7.12951807228916,64.16566265060243,9.506024096385545,5.545180722891567,7.12951807228916,82,18.69518072289157,2024-09
2024-09-26,6.337349397590362,45.15361445783133,6.337349397590362,7.9216867469879535,7.9216867469879535,86,14.734337349397595,2024-09
2024-09-27,7.12951807228916,59.412650602409656,6.337349397590362,0.0,0.0,105,14.575903614457834,2024-09
2024-09-28,0.0,64.16566265060243,0.0,0.0,11.090361445783135,92,15.051204819277112,2024-09
2024-09-29,8.713855421686748,60.20481927710845,12.674698795180724,11.090361445783135,0.0,92,18.53674698795181,2024-09
2024-09-30,6.337349397590362,50.6987951807229,6.337349397590362,5.545180722891567,0.0,114,13.783734939759038,2024-09
2024-10-01,0.0,57.828313253012055,6.337349397590362,0.0,6.337349397590362,102,14.100602409638554,2024-10
2024-10-02,7.9216867469879535,53.86746987951808,0.0,7.12951807228916,10.29819277108434,79,15.843373493975909,2024-10
2024-10-03,5.545180722891567,52.28313253012049,8.713855421686748,0.0,7.9216867469879535,81,14.892771084337351,2024-10
2024-10-04,0.0,55.45180722891567,0.0,7.12951807228916,0.0,90,12.516265060240965,2024-10
2024-10-05,7.12951807228916,57.03614457831328,7.9216867469879535,0.0,11.090361445783135,66,16.635542168674707,2024-10
2024-10-06,7.9216867469879535,61.78915662650605,7.12951807228916,0.0,11.090361445783135,88,17.58614457831326,2024-10
2024-10-07,5.545180722891567,58.620481927710856,7.12951807228916,6.337349397590362,11.88253012048193,87,17.903012048192775,2024-10
2024-10-08,0.0,57.828313253012055,6.337349397590362,0.0,8.713855421686748,77,14.575903614457832,2024-10
2024-10-09,0.0,47.53012048192772,8.713855421686748,6.337349397590362,6.337349397590362,93,13.783734939759038,2024-10
2024-10-10,7.9216867469879535,48.32228915662652,5.545180722891567,0.0,6.337349397590362,78,13.62530120481928,2024-10
2024-10-11,7.12951807228916,56.243975903614476,8.713855421686748,0.0,11.090361445783135,68,16.635542168674704,2024-10
2024-10-12,0.0,67.3343373493976,9.506024096385545,0.0,17.427710843373497,87,18.853614457831327,2024-10
2024-10-13,7.12951807228916,54.65963855421688,11.88253012048193,11.090361445783135,7.12951807228916,70,18.378313253012053,2024-10
2024-10-14,7.12951807228916,54.65963855421688,0.0,0.0,7.9216867469879535,116,13.9421686746988,2024-10
2024-10-15,5.545180722891567,49.11445783132532,7.9216867469879535,7.12951807228916,11.090361445783135,93,16.160240963855426,2024-10
2024-10-16,7.12951807228916,57.03614457831328,6.337349397590362,7.12951807228916,5.545180722891567,82,16.635542168674707,2024-10
2024-10-17,7.9216867469879535,52.28313253012049,8.713855421686748,8.713855421686748,6.337349397590362,79,16.79397590361446,2024-10
2024-10-18,0.0,56.243975903614476,6.337349397590362,6.337349397590362,8.713855421686748,81,15.526506024096388,2024-10
2024-10-19,7.12951807228916,60.20481927710845,9.506024096385545,12.674698795180724,9.506024096385545,64,19.804216867469886,2024-10
2024-10-20,9.506024096385545,57.03614457831328,10.29819277108434,12.674698795180724,10.29819277108434,75,19.962650602409646,2024-10
2024-10-21,10.29819277108434,60.99698795180725,11.090361445783135,0.0,9.506024096385545,115,18.378313253012053,2024-10
2024-10-22,5.545180722891567,55.45180722891567,0.0,11.090361445783135,7.9216867469879535,70,16.001807228915666,2024-10
2024-10-23,6.337349397590362,59.412650602409656,10.29819277108434,7.9216867469879535,6.337349397590362,71,18.061445783132534,2024-10
2024-10-24,7.12951807228916,49.906626506024104,6.337349397590362,0.0,0.0,86,12.674698795180726,2024-10
2024-10-25,10.29819277108434,62.58132530120483,9.506024096385545,7.9216867469879535,11.88253012048193,99,20.43795180722892,2024-10
2024-10-26,0.0,60.20481927710845,7.9216867469879535,0.0,8.713855421686748,79,15.368072289156629,2024-10
2024-10-27,0.0,63.37349397590363,7.12951807228916,8.713855421686748,10.29819277108434,80,17.903012048192775,2024-10
2024-10-28,7.9216867469879535,50.6987951807229,6.337349397590362,7.9216867469879535,7.9216867469879535,85,16.160240963855426,2024-10
2024-10-29,0.0,51.490963855421704,7.12951807228916,0.0,6.337349397590362,71,12.991566265060246,2024-10
2024-10-30,7.9216867469879535,49.906626506024104,7.9216867469879535,0.0,6.337349397590362,82,14.417469879518075,2024-10
2024-10-31,7.9216867469879535,50.6987951807229,7.9216867469879535,0.0,0.0,80,13.30843373493976,2024-10
2024-11-01,0.0,49.906626506024104,7.12951807228916,6.337349397590362,11.88253012048193,83,15.051204819277112,2024-11
2024-11-02,9.000000000000002,76.0,0.0,10.0,15.0,81,22.0,2024-11
2024-11-03,0.0,54.0,13.0,7.000000000000001,13.0,68,17.4,2024-11
2024-11-04,7.000000000000001,54.0,0.0,0.0,7.000000000000001,97,13.6,2024-11
2024-11-05,7.000000000000001,48.0,8.0,0.0,0.0,80,12.6,2024-11
2024-11-06,0.0,32.0,5.0,0.0,8.0,86,9.0,2024-11
2024-11-07,6.0,53.0,8.0,0.0,0.0,72,13.4,2024-11
2024-11-08,7.000000000000001,60.0,7.000000000000001,0.0,8.0,77,16.4,2024-11
2024-11-09,8.0,63.0,0.0,7.000000000000001,12.0,82,18.0,2024-11
2024-11-10,0.0,58.00000000000001,11.000000000000002,9.000000000000002,12.0,77,18.000000000000004,2024-11
2024-11-11,0.0,56.99999999999999,10.0,8.0,8.0,70,16.6,2024-11
2024-11-12,7.000000000000001,50.0,8.0,0.0,9.000000000000002,76,14.8,2024-11
2024-11-13,6.0,55.00000000000001,9.000000000000002,8.0,7.000000000000001,84,17.000000000000004,2024-11
2024-11-14,7.000000000000001,46.00000000000001,0.0,6.0,9.000000000000002,72,13.600000000000003,2024-11
2024-11-15,0.0,43.0,9.000000000000002,8.0,9.000000000000002,105,13.8,2024-11
2024-11-16,7.000000000000001,65.0,13.0,8.0,8.0,75,20.2,2024-11
2024-11-17,9.000000000000002,59.00000000000001,17.0,10.0,8.0,63,20.6,2024-11
2024-11-18,6.0,58.00000000000001,16.0,8.0,6.0,99,18.8,2024-11
2024-11-19,0.0,65.0,10.0,0.0,10.0,104,17.0,2024-11
2024-11-20,10.0,58.00000000000001,7.000000000000001,7.000000000000001,0.0,61,16.4,2024-11
2024-11-21,0.0,55.00000000000001,8.0,0.0,0.0,90,12.600000000000001,2024-11
2024-11-22,0.0,59.00000000000001,10.0,9.000000000000002,7.000000000000001,92,17.0,2024-11
2024-11-23,7.000000000000001,67.0,13.0,11.000000000000002,13.0,78,22.2,2024-11
2024-11-24,9.000000000000002,72.00000000000001,13.0,0.0,13.0,82,21.400000000000002,2024-11
2024-11-25,6.0,54.0,8.0,11.000000000000002,10.0,93,17.8,2024-11
2024-11-26,7.000000000000001,54.0,6.0,7.000000000000001,8.0,87,16.4,2024-11
2024-11-27,9.000000000000002,58.00000000000001,0.0,7.000000000000001,9.000000000000002,97,16.6,2024-11
2024-11-28,12.0,50.0,11.000000000000002,14.000000000000002,0.0,74,17.4,2024-11
2024-11-29,0.0,65.0,14.000000000000002,0.0,8.0,82,17.4,2024-11
2024-11-30,8.0,58.00000000000001,17.0,7.000000000000001,13.0,60,20.6,2024-11
2024-12-01,0.0,62.000000000000014,20.0,0.0,10.0,74,18.400000000000002,2024-12
2024-12-02,6.0,49.00000000000001,14.000000000000002,0.0,9.000000000000002,89,15.600000000000003,2024-12
2024-12-03,9.000000000000002,54.0,14.000000000000002,7.000000000000001,11.000000000000002,60,19.0,2024-12
2024-12-04,6.0,52.0,9.000000000000002,9.000000000000002,7.000000000000001,100,16.6,2024-12
2024-12-05,0.0,53.0,7.000000000000001,0.0,6.0,87,13.2,2024-12
2024-12-06,7.000000000000001,58.00000000000001,9.000000000000002,9.000000000000002,9.000000000000002,85,18.400000000000002,2024-12
2024-12-07,7.000000000000001,67.0,14.000000000000002,12.0,7.000000000000001,59,21.4,2024-12
2024-12-08,0.0,64.0,13.0,7.000000000000001,0.0,75,16.8,2024-12
2024-12-09,9.000000000000002,44.00000000000001,9.000000000000002,0.0,6.0,80,13.6,2024-12
2024-12-10,7.000000000000001,47.0,8.0,8.0,9.000000000000002,88,15.8,2024-12
2024-12-11,7.000000000000001,49.00000000000001,7.000000000000001,7.000000000000001,6.0,87,15.200000000000003,2024-12
2024-12-12,0.0,52.0,16.0,7.000000000000001,11.000000000000002,81,17.2,2024-12
2024-12-13,0.0,56.99999999999999,6.0,0.0,14.000000000000002,85,15.4,2024-12
2024-12-14,9.000000000000002,55.00000000000001,11.000000000000002,10.0,8.0,85,18.6,2024-12
2024-12-15,10.0,58.00000000000001,15.0,0.0,0.0,74,16.6,2024-12
2024-12-16,0.0,53.0,9.000000000000002,10.0,12.0,94,16.8,2024-12
2024-12-17,7.000000000000001,56.99999999999999,11.000000000000002,9.000000000000002,9.000000000000002,95,18.6,2024-12
2024-12-18,8.0,53.0,6.0,11.000000000000002,7.000000000000001,82,17.0,2024-12
2024-12-19,8.0,65.0,10.0,11.000000000000002,10.0,85,20.8,2024-12
2024-12-20,0.0,59.00000000000001,9.000000000000002,15.0,0.0,96,16.6,2024-12
2024-12-21,8.0,63.0,13.0,15.0,13.0,66,22.4,2024-12
2024-12-22,0.0,69.0,0.0,18.000000000000004,0.0,57,17.4,2024-12
2024-12-23,8.0,66.0,10.0,9.000000000000002,9.000000000000002,87,20.4,2024-12
2024-12-24,0.0,52.0,8.0,12.0,0.0,70,14.4,2024-12
2024-12-25,0.0,43.0,0.0,10.0,0.0,69,10.6,2024-12
2024-12-26,7.000000000000001,75.00000000000001,15.0,9.000000000000002,9.000000000000002,71,23.000000000000004,2024-12
2024-12-27,9.000000000000002,71.00000000000001,10.0,8.0,12.0,78,22.000000000000004,2024-12
2024-12-28,0.0,67.0,12.0,11.000000000000002,8.0,70,19.6,2024-12
2024-12-29,0.0,74.0,12.0,11.000000000000002,8.0,81,21.0,2024-12
2024-12-30,13.0,65.0,8.0,11.000000000000002,7.000000000000001,96,20.8,2024-12
2024-12-31,0.0,69.0,11.000000000000002,8.0,0.0,110,17.6,2024-12
2025-01-01,8.0,65.0,0.0,13.0,7.000000000000001,99,18.6,2025-01
2025-01-02,0.0,65.0,8.0,9.000000000000002,6.0,91,17.6,2025-01
2025-01-03,12.0,69.0,15.0,7.000000000000001,7.000000000000001,90,22.0,2025-01
2025-01-04,11.000000000000002,100.0,15.0,12.0,10.0,90,29.6,2025-01
2025-01-05,0.0,76.0,14.000000000000002,7.000000000000001,0.0,58,19.4,2025-01
2025-01-06,0.0,66.0,11.000000000000002,6.0,0.0,98,16.6,2025-01
2025-01-07,9.000000000000002,65.0,10.0,0.0,11.000000000000002,86,19.0,2025-01
2025-01-08,9.000000000000002,69.0,10.0,7.000000000000001,8.0,87,20.6,2025-01
2025-01-09,0.0,66.0,0.0,0.0,7.000000000000001,82,14.6,2025-01
2025-01-10,0.0,55.00000000000001,7.000000000000001,0.0,7.000000000000001,65,13.800000000000002,2025-01
2025-01-11,0.0,65.0,13.0,7.000000000000001,9.000000000000002,66,18.8,2025-01
2025-01-12,11.000000000000002,65.0,10.0,11.000000000000002,9.000000000000002,66,21.2,2025-01
2025-01-13,6.0,62.000000000000014,9.000000000000002,10.0,8.0,93,19.000000000000004,2025-01
2025-01-14,0.0,49.00000000000001,11.000000000000002,10.0,9.000000000000002,86,15.8,2025-01
2025-01-15,7.000000000000001,54.0,9.000000000000002,5.0,0.0,87,15.0,2025-01
2025-01-16,0.0,66.0,6.0,7.000000000000001,6.0,87,17.0,2025-01
2025-01-17,8.0,56.00000000000001,0.0,0.0,0.0,105,12.8,2025-01
2025-01-18,0.0,68.0,8.0,7.000000000000001,14.000000000000002,93,19.4,2025-01
2025-01-19,0.0,67.0,11.000000000000002,11.000000000000002,10.0,58,19.8,2025-01
2025-01-20,0.0,68.0,8.0,14.000000000000002,13.0,96,20.6,2025-01
2025-01-21,6.0,58.00000000000001,7.000000000000001,8.0,0.0,72,15.8,2025-01
2025-01-22,0.0,47.0,11.000000000000002,6.0,9.000000000000002,55,14.6,2025-01
2025-01-23,6.332453825857523,59.36675461741427,8.707124010554093,7.124010554089712,0.0,82,16.30606860158312,2025-01
2025-01-24,0.0,56.9920844327177,7.124010554089712,0.0,0.0,93,12.823218997361483,2025-01
2025-01-25,0.0,71.24010554089712,11.873350923482855,9.498680738786284,0.0,83,18.522427440633255,2025-01
2025-01-26,9.498680738786284,68.86543535620055,11.081794195250664,8.707124010554093,7.124010554089712,69,21.05540897097626,2025-01
2025-01-27,8.707124010554093,50.65963060686018,7.124010554089712,11.081794195250664,9.498680738786284,102,17.414248021108186,2025-01
2025-01-28,6.332453825857523,54.617414248021134,7.124010554089712,10.290237467018475,0.0,80,15.672823218997369,2025-01
2025-01-29,0.0,53.82585751978893,7.915567282321903,6.332453825857523,5.540897097625332,78,14.722955145118737,2025-01
2025-01-30,6.332453825857523,61.74142480211084,5.540897097625332,7.915567282321903,7.124010554089712,68,17.730870712401064,2025-01
2025-01-31,5.540897097625332,60.15831134564647,9.498680738786284,8.707124010554093,7.915567282321903,80,18.364116094986816,2025-01
2025-02-01,15.831134564643806,60.15831134564647,14.248021108179424,12.664907651715046,15.039577836411617,113,23.58839050131927,2025-02
2025-02-02,0.0,55.40897097625332,7.124010554089712,8.707124010554093,6.332453825857523,63,15.514511873350932,2025-02
2025-02-03,0.0,45.91029023746704,6.332453825857523,0.0,8.707124010554093,102,12.18997361477573,2025-02
2025-02-04,6.332453825857523,52.242744063324565,8.707124010554093,0.0,8.707124010554093,97,15.197889182058054,2025-02
2025-02-05,7.124010554089712,49.0765171503958,0.0,0.0,7.124010554089712,96,12.664907651715046,2025-02
2025-02-06,0.0,46.701846965699225,7.915567282321903,7.124010554089712,6.332453825857523,65,13.614775725593674,2025-02
2025-02-07,7.915567282321903,60.15831134564647,6.332453825857523,9.498680738786284,8.707124010554093,74,18.52242744063326,2025-02
2025-02-08,7.915567282321903,72.03166226912933,11.873350923482855,8.707124010554093,12.664907651715046,88,22.638522427440645,2025-02
2025-02-09,0.0,56.9920844327177,0.0,8.707124010554093,9.498680738786284,81,15.039577836411615,2025-02
2025-02-10,10.290237467018475,43.53562005277047,7.124010554089712,10.290237467018475,9.498680738786284,138,16.147757255936682,2025-02
2025-02-11,7.124010554089712,46.701846965699225,0.0,6.332453825857523,7.915567282321903,77,13.614775725593674,2025-02
2025-02-12,10.290237467018475,53.82585751978893,7.915567282321903,8.707124010554093,7.915567282321903,76,17.730870712401064,2025-02
2025-02-13,11.873350923482855,48.28496042216361,7.915567282321903,7.124010554089712,7.915567282321903,98,16.622691292875995,2025-02
2025-02-14,6.332453825857523,45.91029023746704,0.0,0.0,8.707124010554093,78,12.18997361477573,2025-02
2025-02-15,11.873350923482855,69.65699208443274,12.664907651715046,0.0,8.707124010554093,82,20.58047493403695,2025-02
2025-02-16,10.290237467018475,64.9076517150396,10.290237467018475,11.081794195250664,7.915567282321903,87,20.897097625329824,2025-02
2025-02-17,8.707124010554093,54.617414248021134,7.915567282321903,8.707124010554093,7.124010554089712,101,17.414248021108186,2025-02
2025-02-18,7.124010554089712,59.36675461741427,8.707124010554093,8.707124010554093,7.124010554089712,89,18.205804749340377,2025-02
2025-02-19,0.0,52.242744063324565,6.332453825857523,6.332453825857523,8.707124010554093,77,14.72295514511874,2025-02
2025-02-20,0.0,53.034300791556745,0.0,12.664907651715046,7.124010554089712,66,14.564643799472298,2025-02
2025-02-21,0.0,57.7836411609499,8.707124010554093,9.498680738786284,10.290237467018475,98,17.255936675461747,2025-02
2025-02-22,8.707124010554093,64.11609498680741,9.498680738786284,18.997361477572568,7.124010554089712,81,21.688654353562015,2025-02
2025-02-23,8.707124010554093,61.74142480211084,0.0,0.0,10.290237467018475,57,16.147757255936682,2025-02
2025-02-24,6.332453825857523,62.53298153034304,7.124010554089712,5.540897097625332,11.081794195250664,100,18.522427440633255,2025-02
2025-02-25,0.0,53.82585751978893,0.0,0.0,5.540897097625332,88,11.873350923482853,2025-02
2025-02-26,6.332453825857523,56.9920844327177,11.081794195250664,0.0,9.498680738786284,71,16.78100263852243,2025-02
2025-02-27,10.290237467018475,65.6992084432718,7.915567282321903,6.332453825857523,6.332453825857523,82,19.313984168865446,2025-02
2025-02-28,0.0,55.40897097625332,0.0,10.290237467018475,18.997361477572568,94,16.939313984168873,2025-02
2025-03-01,7.915567282321903,56.200527704485516,8.707124010554093,7.915567282321903,0.0,81,16.147757255936686,2025-03
2025-03-02,7.915567282321903,64.9076517150396,11.081794195250664,12.664907651715046,11.873350923482855,77,21.688654353562015,2025-03
2025-03-03,7.124010554089712,45.11873350923485,0.0,7.124010554089712,10.290237467018475,85,13.931398416886552,2025-03
2025-03-04,5.540897097625332,55.40897097625332,7.124010554089712,7.124010554089712,7.915567282321903,83,16.622691292875995,2025-03
2025-03-05,0.0,53.034300791556745,6.332453825857523,0.0,7.124010554089712,77,13.298153034300796,2025-03
2025-03-06,7.124010554089712,55.40897097625332,6.332453825857523,9.498680738786284,6.332453825857523,69,16.939313984168876,2025-03
2025-03-07,0.0,56.200527704485516,7.915567282321903,0.0,7.915567282321903,71,14.406332453825865,2025-03
2025-03-08,14.248021108179424,64.11609498680741,0.0,15.039577836411617,9.498680738786284,68,20.58047493403695,2025-03
2025-03-09,11.873350923482855,70.44854881266494,13.456464379947233,0.0,7.124010554089712,58,20.58047493403695,2025-03
2025-03-10,0.0,53.82585751978893,7.124010554089712,7.124010554089712,0.0,85,13.61477572559367,2025-03
2025-03-11,11.081794195250664,56.200527704485516,7.124010554089712,6.332453825857523,6.332453825857523,102,17.414248021108186,2025-03
2025-03-12,8.707124010554093,56.200527704485516,7.124010554089712,9.498680738786284,10.290237467018475,74,18.364116094986816,2025-03
2025-03-13,6.332453825857523,45.91029023746704,0.0,0.0,0.0,78,10.448548812664912,2025-03
2025-03-14,6.332453825857523,53.82585751978893,0.0,0.0,7.915567282321903,87,13.61477572559367,2025-03
2025-03-15,8.707124010554093,60.94986807387864,15.831134564643806,7.915567282321903,11.081794195250664,84,20.89709762532982,2025-03
2025-03-16,10.290237467018475,62.53298153034304,9.498680738786284,10.290237467018475,11.081794195250664,92,20.73878627968339,2025-03
2025-03-17,5.540897097625332,54.617414248021134,0.0,7.915567282321903,8.707124010554093,95,15.356200527704493,2025-03
2025-03-18,6.332453825857523,54.617414248021134,14.248021108179424,7.124010554089712,7.124010554089712,62,17.8891820580475,2025-03
2025-03-19,7.124010554089712,52.242744063324565,7.124010554089712,10.290237467018475,8.707124010554093,84,17.097625329815312,2025-03
2025-03-20,7.124010554089712,56.200527704485516,8.707124010554093,7.124010554089712,6.332453825857523,81,17.097625329815312,2025-03
2025-03-21,0.0,55.40897097625332,7.915567282321903,8.707124010554093,7.124010554089712,75,15.831134564643804,2025-03
2025-03-22,0.0,64.9076517150396,9.498680738786284,10.290237467018475,11.873350923482855,84,19.313984168865442,2025-03
2025-03-23,7.915567282321903,70.44854881266494,9.498680738786284,7.124010554089712,7.915567282321903,73,20.58047493403695,2025-03
2025-03-24,0.0,54.617414248021134,7.124010554089712,5.540897097625332,6.332453825857523,106,14.72295514511874,2025-03
2025-03-25,0.0,61.74142480211084,6.332453825857523,0.0,8.707124010554093,81,15.356200527704493,2025-03
2025-03-26,0.0,46.701846965699225,6.332453825857523,0.0,7.915567282321903,71,12.18997361477573,2025-03
2025-03-27,6.332453825857523,60.15831134564647,7.124010554089712,6.332453825857523,8.707124010554093,88,17.730870712401064,2025-03
2025-03-28,0.0,56.200527704485516,0.0,7.915567282321903,7.915567282321903,80,14.406332453825865,2025-03
2025-03-29,0.0,60.15831134564647,0.0,13.456464379947233,14.248021108179424,84,17.572559366754625,2025-03
2025-03-30,11.081794195250664,79.15567282321904,0.0,0.0,10.290237467018475,55,20.105540897097633,2025-03
2025-03-31,9.498680738786284,59.36675461741427,0.0,0.0,7.124010554089712,77,15.197889182058052,2025-03
2025-04-01,0.0,57.7836411609499,7.915567282321903,8.707124010554093,6.332453825857523,103,16.147757255936686,2025-04
2025-04-02,0.0,56.200527704485516,6.332453825857523,6.332453825857523,5.540897097625332,77,14.88126649076518,2025-04
2025-04-03,0.0,53.82585751978893,0.0,7.915567282321903,6.332453825857523,98,13.61477572559367,2025-04
2025-04-04,9.498680738786284,43.53562005277047,7.915567282321903,7.915567282321903,7.124010554089712,91,15.197889182058054,2025-04
2025-04-05,0.0,62.53298153034304,0.0,0.0,9.498680738786284,84,14.406332453825865,2025-04
2025-04-06,0.0,57.7836411609499,0.0,0.0,12.664907651715046,61,14.089709762532987,2025-04
2025-04-07,7.124010554089712,47.49340369393142,0.0,7.124010554089712,5.540897097625332,85,13.456464379947235,2025-04
2025-04-08,0.0,53.034300791556745,0.0,0.0,6.332453825857523,75,11.873350923482853,2025-04
2025-04-09,5.540897097625332,50.65963060686018,10.290237467018475,7.124010554089712,7.915567282321903,78,16.30606860158312,2025-04
2025-04-10,5.540897097625332,51.451187335092364,8.707124010554093,0.0,9.498680738786284,84,15.039577836411615,2025-04
2025-04-11,0.0,49.868073878627996,7.124010554089712,7.915567282321903,11.081794195250664,77,15.197889182058058,2025-04
2025-04-12,0.0,63.324538258575224,0.0,7.915567282321903,11.081794195250664,82,16.46437994722956,2025-04
2025-04-13,8.707124010554093,71.24010554089712,7.124010554089712,7.915567282321903,8.707124010554093,74,20.738786279683385,2025-04
2025-04-14,11.873350923482855,55.40897097625332,0.0,0.0,0.0,83,13.456464379947235,2025-04
2025-04-15,8.390501319261217,54.538258575197915,8.390501319261217,8.390501319261217,10.06860158311346,86,17.955672823219007,2025-04
2025-04-16,0.0,62.92875989445913,7.551451187335095,6.712401055408974,7.551451187335095,85,16.948812664907656,2025-04
2025-04-17,10.907651715039583,52.86015831134567,6.712401055408974,0.0,15.941952506596316,81,17.284432717678108,2025-04
2025-04-18,0.0,58.73350923482852,8.390501319261217,7.551451187335095,9.22955145118734,84,16.78100263852243,2025-04
2025-04-19,9.22955145118734,68.80211081794198,10.06860158311346,9.22955145118734,13.424802110817948,82,22.150923482849617,2025-04
2025-04-20,0.0,62.089709762533005,0.0,0.0,11.746701846965706,70,14.767282321899742,2025-04
2025-04-21,6.712401055408974,56.21635883905016,5.873350923482853,6.712401055408974,8.390501319261217,115,16.781002638522434,2025-04
2025-04-22,9.22955145118734,56.21635883905016,7.551451187335095,6.712401055408974,5.873350923482853,101,17.116622691292882,2025-04
2025-04-23,6.712401055408974,54.538258575197915,5.873350923482853,6.712401055408974,11.746701846965706,72,17.116622691292886,2025-04
2025-04-24,9.22955145118734,57.05540897097629,5.873350923482853,6.712401055408974,7.551451187335095,88,17.28443271767811,2025-04
2025-04-25,0.0,54.538258575197915,5.873350923482853,6.712401055408974,5.873350923482853,80,14.599472295514516,2025-04
2025-04-26,10.06860158311346,64.60686015831138,0.0,7.551451187335095,10.907651715039583,84,18.6269129287599,2025-04
2025-04-27,8.390501319261217,71.31926121372035,10.06860158311346,0.0,0.0,63,17.955672823219007,2025-04
2025-04-28,7.551451187335095,57.89445910290241,6.712401055408974,5.873350923482853,8.390501319261217,105,17.284432717678108,2025-04
2025-04-29,6.712401055408974,52.86015831134567,9.22955145118734,0.0,5.03430079155673,86,14.767282321899742,2025-04
2025-04-30,0.0,54.538258575197915,6.712401055408974,5.03430079155673,0.0,91,13.256992084432724,2025-04
2025-05-01,6.712401055408974,61.2506596306069,5.873350923482853,9.22955145118734,8.390501319261217,75,18.29129287598946,2025-05
2025-05-02,5.873350923482853,55.37730870712404,6.712401055408974,5.873350923482853,8.390501319261217,85,16.44538258575199,2025-05
2025-05-03,9.22955145118734,73.83641160949873,8.390501319261217,12.585751978891826,11.746701846965706,79,23.157783641160965,2025-05
2025-05-04,10.06860158311346,66.28496042216362,0.0,0.0,11.746701846965706,73,17.62005277044856,2025-05
2025-05-05,0.0,57.05540897097629,5.873350923482853,10.06860158311346,10.06860158311346,102,16.61319261213721,2025-05
2025-05-06,6.712401055408974,54.538258575197915,0.0,6.712401055408974,7.551451187335095,80,15.10290237467019,2025-05
2025-05-07,0.0,60.41160949868076,5.873350923482853,10.06860158311346,8.390501319261217,71,16.948812664907656,2025-05
2025-05-08,10.06860158311346,57.05540897097629,7.551451187335095,0.0,6.712401055408974,91,16.277572559366764,2025-05
2025-05-09,7.551451187335095,60.41160949868076,0.0,5.873350923482853,0.0,81,14.767282321899739,2025-05
2025-05-10,8.390501319261217,69.64116094986811,12.585751978891826,10.06860158311346,0.0,90,20.13720316622692,2025-05
2025-05-11,9.22955145118734,67.12401055408974,0.0,8.390501319261217,7.551451187335095,56,18.459102902374674,2025-05
2025-05-12,6.712401055408974,57.05540897097629,0.0,5.873350923482853,0.0,75,13.928232189973624,2025-05
2025-05-13,6.712401055408974,50.343007915567306,10.907651715039583,6.712401055408974,10.06860158311346,74,16.94881266490766,2025-05
2025-05-14,0.0,65.4459102902375,7.551451187335095,8.390501319261217,12.585751978891826,81,18.794722955145126,2025-05
2025-05-15,6.712401055408974,65.4459102902375,5.873350923482853,0.0,0.0,74,15.606332453825866,2025-05
2025-05-16,0.0,57.89445910290241,0.0,7.551451187335095,0.0,86,13.089182058047502,2025-05
2025-05-17,0.0,71.31926121372035,0.0,9.22955145118734,10.907651715039583,85,18.291292875989456,2025-05
2025-05-18,0.0,65.4459102902375,9.22955145118734,10.06860158311346,0.0,81,16.94881266490766,2025-05
2025-05-19,6.712401055408974,66.28496042216362,10.907651715039583,7.551451187335095,6.712401055408974,92,19.633773087071248,2025-05
2025-05-20,7.551451187335095,62.089709762533005,6.712401055408974,9.22955145118734,8.390501319261217,86,18.794722955145126,2025-05
2025-05-21,0.0,59.57255936675465,0.0,7.551451187335095,11.746701846965706,72,15.774142480211092,2025-05
2025-05-22,0.0,63.76781002638526,6.712401055408974,0.0,7.551451187335095,94,15.606332453825866,2025-05
2025-05-23,7.551451187335095,62.089709762533005,8.390501319261217,0.0,0.0,94,15.606332453825862,2025-05
2025-05-24,0.0,61.2506596306069,10.907651715039583,0.0,12.585751978891826,76,16.94881266490766,2025-05
2025-05-25,9.22955145118734,68.80211081794198,10.06860158311346,0.0,10.06860158311346,77,19.63377308707125,2025-05
2025-05-26,6.712401055408974,68.80211081794198,8.390501319261217,0.0,11.746701846965706,73,19.130343007915577,2025-05
2025-05-27,7.551451187335095,74.67546174142484,8.390501319261217,6.712401055408974,12.585751978891826,72,21.983113456464388,2025-05
2025-05-28,9.22955145118734,56.21635883905016,6.712401055408974,6.712401055408974,7.551451187335095,83,17.284432717678108,2025-05
2025-05-29,7.551451187335095,57.89445910290241,0.0,6.712401055408974,10.907651715039583,91,16.61319261213721,2025-05
2025-05-30,8.390501319261217,62.089709762533005,9.22955145118734,8.390501319261217,6.712401055408974,88,18.96253298153035,2025-05
2025-05-31,14.263852242744072,75.51451187335097,0.0,0.0,10.06860158311346,84,19.969393139841703,2025-05
2025-06-01,0.0,72.15831134564648,0.0,9.22955145118734,0.0,80,16.277572559366764,2025-06
2025-06-02,0.0,61.2506596306069,10.06860158311346,0.0,10.06860158311346,79,16.277572559366764,2025-06
2025-06-03,10.907651715039583,62.92875989445913,7.551451187335095,8.390501319261217,7.551451187335095,82,19.465963060686022,2025-06
2025-06-04,0.0,55.37730870712404,0.0,0.0,10.06860158311346,80,13.089182058047498,2025-06
2025-06-05,9.22955145118734,65.4459102902375,7.551451187335095,0.0,7.551451187335095,73,17.955672823219004,2025-06
2025-06-06,8.390501319261217,57.05540897097629,8.390501319261217,8.390501319261217,7.551451187335095,77,17.955672823219007,2025-06
2025-06-07,0.0,67.12401055408974,0.0,10.907651715039583,8.390501319261217,77,17.284432717678108,2025-06
2025-06-08,9.22955145118734,76.35356200527708,9.22955145118734,7.551451187335095,9.22955145118734,62,22.31873350923484,2025-06
2025-06-09,11.746701846965706,63.76781002638526,0.0,7.551451187335095,8.390501319261217,93,18.291292875989456,2025-06
2025-06-10,10.06860158311346,54.538258575197915,5.873350923482853,0.0,10.907651715039583,89,16.277572559366764,2025-06
2025-06-11,8.390501319261217,64.60686015831138,8.390501319261217,0.0,0.0,82,16.277572559366764,2025-06
2025-06-12,0.0,54.538258575197915,7.551451187335095,5.873350923482853,9.22955145118734,78,15.438522427440642,2025-06
2025-06-13,7.551451187335095,68.80211081794198,0.0,7.551451187335095,0.0,96,16.78100263852243,2025-06
2025-06-14,6.712401055408974,70.48021108179424,11.746701846965706,8.390501319261217,7.551451187335095,78,20.976253298153047,2025-06
2025-06-15,0.0,76.35356200527708,12.585751978891826,0.0,10.06860158311346,60,19.801583113456473,2025-06
2025-06-16,9.22955145118734,62.92875989445913,6.712401055408974,0.0,9.22955145118734,101,17.62005277044856,2025-06
2025-06-17,8.390501319261217,63.76781002638526,7.551451187335095,9.22955145118734,8.390501319261217,97,19.465963060686025,2025-06
2025-06-18,6.712401055408974,67.12401055408974,5.873350923482853,6.712401055408974,6.712401055408974,93,18.6269129287599,2025-06
2025-06-19,0.0,64.60686015831138,12.585751978891826,8.390501319261217,8.390501319261217,84,18.794722955145126,2025-06
2025-06-20,8.390501319261217,66.28496042216362,7.551451187335095,6.712401055408974,10.06860158311346,77,19.801583113456473,2025-06
2025-06-21,9.22955145118734,83.90501319261219,10.907651715039583,10.907651715039583,10.06860158311346,75,25.00369393139843,2025-06
2025-06-22,9.22955145118734,68.80211081794198,9.22955145118734,0.0,12.585751978891826,84,19.9693931398417,2025-06
2025-06-23,9.22955145118734,66.28496042216362,8.390501319261217,7.551451187335095,5.873350923482853,75,19.465963060686022,2025-06
2025-06-24,9.22955145118734,58.73350923482852,13.424802110817948,0.0,0.0,86,16.277572559366764,2025-06
2025-06-25,5.873350923482853,58.73350923482852,8.390501319261217,0.0,8.390501319261217,74,16.277572559366764,2025-06
2025-06-26,9.22955145118734,62.089709762533005,9.22955145118734,5.873350923482853,10.06860158311346,72,19.298153034300803,2025-06
2025-06-27,10.907651715039583,71.31926121372035,0.0,7.551451187335095,7.551451187335095,91,19.465963060686022,2025-06
2025-06-28,9.22955145118734,73.83641160949873,10.06860158311346,0.0,7.551451187335095,72,20.137203166226925,2025-06
2025-06-29,0.0,75.51451187335097,7.551451187335095,9.22955145118734,10.06860158311346,74,20.47282321899737,2025-06
2025-06-30,11.746701846965706,60.41160949868076,10.06860158311346,6.712401055408974,9.22955145118734,83,19.63377308707125,2025-06
2025-07-01,0.0,65.4459102902375,7.551451187335095,10.06860158311346,5.873350923482853,80,17.78786279683378,2025-07
2025-07-02,7.551451187335095,62.92875989445913,0.0,0.0,10.06860158311346,80,16.109762532981538,2025-07
2025-07-03,7.551451187335095,67.96306068601587,0.0,0.0,0.0,76,15.10290237467019,2025-07
2025-07-04,8.390501319261217,63.76781002638526,10.907651715039583,9.22955145118734,8.390501319261217,73,20.13720316622692,2025-07
2025-07-05,7.551451187335095,83.06596306068606,8.390501319261217,8.390501319261217,10.907651715039583,87,23.66121372031663,2025-07
2025-07-06,10.506366869335789,73.5445680853505,12.257428014225086,8.755305724446488,13.132958586669732,72,23.63932545600552,2025-07
2025-07-07,0.0,63.03820121601472,9.630836296891138,7.87977515200184,8.755305724446488,101,17.860823677870837,2025-07
2025-07-08,0.0,64.78926236090402,7.004244579557191,0.0,0.0,63,14.358701388092243,2025-07
2025-07-09,9.630836296891138,60.411609498680775,8.755305724446488,11.381897441780437,6.128714007112543,78,19.261672593782276,2025-07
2025-07-10,7.004244579557191,68.2913846506826,10.506366869335789,0.0,0.0,73,17.160399219915117,2025-07
2025-07-11,0.0,63.03820121601472,10.506366869335789,7.87977515200184,8.755305724446488,76,18.035929792359767,2025-07
2025-07-12,12.257428014225086,87.5530572444649,7.004244579557191,0.0,8.755305724446488,78,23.114007112538733,2025-07
2025-07-13,8.755305724446488,78.79775152001841,14.88401973155903,7.004244579557191,8.755305724446488,75,23.639325456005523,2025-07
2025-07-14,7.004244579557191,76.17115980268446,7.87977515200184,8.755305724446488,7.004244579557191,108,21.362945967649434,2025-07
2025-07-15,6.128714007112543,64.78926236090402,7.87977515200184,11.381897441780437,6.128714007112543,91,19.26167259378228,2025-07
2025-07-16,6.128714007112543,76.17115980268446,7.004244579557191,7.87977515200184,10.506366869335789,70,21.538052082138368,2025-07
2025-07-17,9.630836296891138,53.40736491912358,11.381897441780437,11.381897441780437,7.004244579557191,87,18.561248135826556,2025-07
2025-07-18,8.755305724446488,73.5445680853505,8.755305724446488,7.87977515200184,10.506366869335789,101,21.888264311116224,2025-07
2025-07-19,0.0,84.92646552713094,13.132958586669732,9.630836296891138,14.88401973155903,92,24.51485602845017,2025-07
2025-07-20,0.0,70.91797636801655,9.630836296891138,9.630836296891138,13.132958586669732,70,20.66252150969371,2025-07
2025-07-21,0.0,74.42009865779515,7.004244579557191,8.755305724446488,10.506366869335789,70,20.137203166226925,2025-07
2025-07-22,0.0,68.2913846506826,7.87977515200184,0.0,7.87977515200184,83,16.810186990937257,2025-07
2025-07-23,0.0,59.53607892623612,10.506366869335789,0.0,9.630836296891138,78,15.934656418492608,2025-07
2025-07-24,14.008489159114381,53.40736491912358,8.755305724446488,6.128714007112543,8.755305724446488,100,18.211035906848696,2025-07
2025-07-25,0.0,70.04244579557191,0.0,9.630836296891138,7.87977515200184,90,17.510611448892977,2025-07
2025-07-26,0.0,77.92222094757375,0.0,0.0,9.630836296891138,78,17.510611448892977,2025-07
2025-07-27,0.0,70.91797636801655,7.87977515200184,7.004244579557191,7.004244579557191,84,18.561248135826556,2025-07
2025-07-28,9.630836296891138,63.91373178845937,8.755305724446488,0.0,8.755305724446488,94,18.211035906848696,2025-07
2025-07-29,7.004244579557191,56.033956636457525,0.0,7.87977515200184,7.004244579557191,99,15.58444418951475,2025-07
2025-07-30,0.0,57.78501778134682,9.630836296891138,9.630836296891138,8.755305724446488,77,17.160399219915114,2025-07
2025-07-31,0.0,65.66479293334866,0.0,7.004244579557191,10.506366869335789,90,16.63508087644833,2025-07
2025-08-01,8.755305724446488,67.41585407823796,7.87977515200184,0.0,7.87977515200184,92,18.386142021337626,2025-08
2025-08-02,0.0,77.0466903751291,14.88401973155903,12.257428014225086,7.87977515200184,77,22.413582654583013,2025-08
2025-08-03,13.132958586669732,70.91797636801655,12.257428014225086,8.755305724446488,7.87977515200184,77,22.58868876907194,2025-08
2025-08-04,0.0,68.2913846506826,0.0,8.755305724446488,0.0,109,15.409338075025818,2025-08
2025-08-05,8.755305724446488,61.28714007112542,0.0,10.506366869335789,9.630836296891138,91,18.035929792359767,2025-08
2025-08-06,0.0,63.91373178845937,7.004244579557191,7.004244579557191,0.0,79,15.584444189514752,2025-08
2025-08-07,0.0,63.03820121601472,11.381897441780437,8.755305724446488,6.128714007112543,78,17.860823677870837,2025-08
2025-08-08,7.004244579557191,71.7935069404612,7.004244579557191,7.87977515200184,8.755305724446488,82,20.487415395204785,2025-08
2025-08-09,7.004244579557191,76.17115980268446,9.630836296891138,0.0,14.88401973155903,108,21.538052082138364,2025-08
2025-08-10,9.630836296891138,72.66903751290586,14.88401973155903,8.755305724446488,11.381897441780437,81,23.46421934151659,2025-08
2025-08-11,0.0,56.033956636457525,8.755305724446488,8.755305724446488,7.87977515200184,107,16.284868647470468,2025-08
2025-08-12,6.128714007112543,62.162670643570074,11.381897441780437,7.87977515200184,0.0,83,17.51061144889298,2025-08
2025-08-13,7.87977515200184,55.15842606401288,7.004244579557191,7.87977515200184,8.755305724446488,73,17.335505334404047,2025-08
2025-08-14,7.004244579557191,68.2913846506826,6.128714007112543,0.0,0.0,80,16.284868647470468,2025-08
2025-08-15,7.87977515200184,63.03820121601472,8.755305724446488,7.87977515200184,6.128714007112543,96,18.736354250315486,2025-08
2025-08-16,7.004244579557191,80.54881266490771,11.381897441780437,7.004244579557191,11.381897441780437,123,23.464219341516596,2025-08
2025-08-17,8.755305724446488,84.05093495468631,7.004244579557191,12.257428014225086,10.506366869335789,99,24.514856028450176,2025-08
2025-08-18,6.128714007112543,66.54032350579331,7.87977515200184,9.630836296891138,9.630836296891138,88,19.96209705173799,2025-08
2025-08-19,7.87977515200184,59.53607892623612,7.87977515200184,8.755305724446488,7.004244579557191,76,18.211035906848696,2025-08
2025-08-20,6.128714007112543,63.91373178845937,8.755305724446488,7.87977515200184,7.87977515200184,87,18.91146036480442,2025-08
2025-08-21,8.755305724446488,49.90524262934499,0.0,7.87977515200184,9.630836296891138,78,15.234231960536889,2025-08
2025-08-22,8.755305724446488,57.78501778134682,7.87977515200184,11.381897441780437,14.88401973155903,84,20.137203166226925,2025-08
2025-08-23,7.004244579557191,74.42009865779515,7.87977515200184,0.0,9.630836296891138,91,19.786990937249065,2025-08
2025-08-24,9.630836296891138,70.91797636801655,7.004244579557191,12.257428014225086,0.0,49,19.96209705173799,2025-08
2025-08-25,10.506366869335789,66.54032350579331,11.381897441780437,0.0,6.128714007112543,97,18.91146036480442,2025-08
2025-08-26,7.87977515200184,63.91373178845937,8.755305724446488,13.132958586669732,6.128714007112543,67,19.962097051737995,2025-08
2025-08-27,0.0,62.162670643570074,7.87977515200184,7.87977515200184,7.87977515200184,100,17.160399219915117,2025-08
2025-08-28,8.755305724446488,60.411609498680775,9.630836296891138,6.128714007112543,7.004244579557191,62,18.386142021337626,2025-08
2025-08-29,0.0,65.66479293334866,0.0,10.506366869335789,7.87977515200184,78,16.81018699093726,2025-08
2025-08-30,0.0,67.41585407823796,7.87977515200184,0.0,10.506366869335789,66,17.160399219915117,2025-08
2025-08-31,7.87977515200184,63.91373178845937,9.630836296891138,10.506366869335789,8.755305724446488,64,20.137203166226925,2025-08
2025-09-01,7.004244579557191,64.78926236090402,13.132958586669732,9.630836296891138,13.132958586669732,82,21.53805208213836,2025-09
2025-09-02,0.0,67.41585407823796,9.630836296891138,7.004244579557191,6.128714007112543,83,18.035929792359767,2025-09
2025-09-03,6.128714007112543,58.66054835379148,0.0,6.128714007112543,9.630836296891138,75,16.10976253298154,2025-09
2025-09-04,7.004244579557191,53.40736491912358,7.87977515200184,7.004244579557191,7.87977515200184,85,16.635080876448328,2025-09
2025-09-05,7.004244579557191,58.66054835379148,6.128714007112543,0.0,8.755305724446488,88,16.10976253298154,2025-09
2025-09-06,7.87977515200184,76.17115980268446,11.381897441780437,7.004244579557191,8.755305724446488,90,22.238476540094084,2025-09
2025-09-07,0.0,70.04244579557191,8.755305724446488,7.004244579557191,9.630836296891138,72,19.086566479293346,2025-09
2025-09-08,0.0,61.28714007112542,8.755305724446488,0.0,8.755305724446488,99,15.759550304003678,2025-09
2025-09-09,0.0,54.282895491568226,0.0,7.87977515200184,7.87977515200184,85,14.008489159114381,2025-09
2025-09-10,6.128714007112543,49.90524262934499,7.004244579557191,0.0,7.004244579557191,98,14.008489159114381,2025-09
2025-09-11,7.004244579557191,46.40312033956639,0.0,6.128714007112543,0.0,88,11.907215785247224,2025-09
2025-09-12,0.0,57.78501778134682,9.630836296891138,0.0,6.128714007112543,87,14.7089136170701,2025-09
2025-09-13,0.0,74.42009865779515,0.0,0.0,7.004244579557191,69,16.284868647470468,2025-09
2025-09-14,0.0,69.16691522312726,8.755305724446488,11.381897441780437,10.506366869335789,69,19.962097051737995,2025-09
2025-09-15,0.0,58.66054835379148,6.128714007112543,7.87977515200184,8.755305724446488,115,16.284868647470468,2025-09
2025-09-16,0.0,46.40312033956639,0.0,0.0,6.128714007112543,97,10.506366869335787,2025-09
2025-09-17,7.87977515200184,67.41585407823796,0.0,6.128714007112543,0.0,75,16.284868647470468,2025-09
2025-09-18,0.0,50.78077320178964,0.0,5.2531834346678945,7.87977515200184,85,12.782746357691876,2025-09
2025-09-19,7.004244579557191,58.66054835379148,11.381897441780437,10.506366869335789,10.506366869335789,74,19.61188482276014,2025-09
2025-09-20,9.630836296891138,59.53607892623612,0.0,0.0,14.88401973155903,66,16.81018699093726,2025-09
2025-09-21,7.004244579557191,72.66903751290586,12.257428014225086,7.87977515200184,0.0,67,19.962097051737995,2025-09
2025-09-22,7.87977515200184,53.40736491912358,7.004244579557191,0.0,7.004244579557191,93,15.059125846047962,2025-09
2025-09-23,7.004244579557191,68.2913846506826,7.004244579557191,0.0,0.0,76,16.459974761959398,2025-09
2025-09-24,0.0,65.66479293334866,0.0,0.0,7.004244579557191,96,14.533807502581173,2025-09
2025-09-25,0.0,45.527589767121746,7.87977515200184,7.004244579557191,9.630836296891138,95,14.008489159114381,2025-09
2025-09-26,9.90701806123559,63.25249992942723,11.431174686041064,0.0,6.096626499221902,104,18.137463835185155,2025-09
2025-09-27,7.620783124027376,69.34912642864913,0.0,8.382861436430115,9.144939748832853,69,18.899542147587898,2025-09
2025-09-28,12.95533131084654,57.155873430205325,0.0,0.0,9.144939748832853,77,15.851228897976943,2025-09
2025-09-29,7.620783124027376,54.10756018059437,0.0,6.858704811624639,6.858704811624639,96,15.089150585574203,2025-09
2025-09-30,0.0,54.86963849299711,12.193252998443803,0.0,0.0,94,13.412578298288185,2025-09
2025-10-01,0.0,57.91795174260807,9.144939748832853,12.95533131084654,8.382861436430115,60,17.680216847743516,2025-10
2025-10-02,7.620783124027376,64.01457824182997,0.0,6.096626499221902,0.0,84,15.546397573015847,2025-10
2025-10-03,0.0,55.631716805399854,6.858704811624639,7.620783124027376,0.0,80,14.022240948210372,2025-10
2025-10-04,0.0,71.63536136585734,7.620783124027376,9.144939748832853,13.717409623249278,75,20.423698772393372,2025-10
2025-10-05,0.0,75.44575292787104,9.144939748832853,9.144939748832853,7.620783124027376,68,20.271283109912826,2025-10
2025-10-06,7.620783124027376,67.06289149144092,6.096626499221902,6.096626499221902,10.669096373638327,97,19.509204797510087,2025-10
2025-10-07,0.0,51.82132524338616,7.620783124027376,0.0,0.0,86,11.888421673482707,2025-10
2025-10-08,0.0,48.01093368137248,0.0,6.858704811624639,12.193252998443803,80,13.412578298288185,2025-10
2025-10-09,8.382861436430115,51.05924693098341,7.620783124027376,6.096626499221902,17.527801185262966,68,18.13746383518515,2025-10
2025-10-10,0.0,63.25249992942723,0.0,6.858704811624639,9.144939748832853,84,15.851228897976943,2025-10
2025-10-11,0.0,72.39743967826008,0.0,9.90701806123559,10.669096373638327,70,18.5947108226268,2025-10
2025-10-12,13.717409623249278,70.8732830534546,11.431174686041064,8.382861436430115,0.0,63,20.88094575983501,2025-10
2025-10-13,0.0,60.96626499221901,7.620783124027376,9.144939748832853,8.382861436430115,86,17.222969860301873,2025-10
2025-10-14,0.0,47.248855368969735,0.0,6.096626499221902,12.95533131084654,63,13.260162635807637,2025-10
2025-10-15,6.858704811624639,57.155873430205325,6.096626499221902,10.669096373638327,9.90701806123559,80,18.137463835185155,2025-10
2025-10-16,0.0,51.05924693098341,6.858704811624639,0.0,6.858704811624639,75,12.955331310846537,2025-10
2025-10-17,6.858704811624639,54.86963849299711,6.858704811624639,6.858704811624639,6.858704811624639,90,16.46089154789913,2025-10
2025-10-18,7.620783124027376,57.155873430205325,10.669096373638327,0.0,10.669096373638327,85,17.22296986030187,2025-10
2025-10-19,9.144939748832853,73.92159630306556,7.620783124027376,0.0,12.95533131084654,60,20.728530097354465,2025-10
2025-10-20,0.0,60.96626499221901,10.669096373638327,7.620783124027376,9.144939748832853,85,17.680216847743516,2025-10
2025-10-21,0.0,68.58704811624638,6.096626499221902,0.0,5.3345481868191635,64,16.003644560457488,2025-10
2025-10-22,7.620783124027376,53.345481868191634,0.0,0.0,8.382861436430115,59,13.869825285729826,2025-10
2025-10-23,11.431174686041064,54.86963849299711,0.0,9.144939748832853,9.144939748832853,80,16.918138535340777,2025-10
2025-10-24,6.096626499221902,63.25249992942723,0.0,6.858704811624639,7.620783124027376,89,16.765722872860227,2025-10
2025-10-25,0.0,70.11120474105186,9.90701806123559,9.90701806123559,19.81403612247118,65,21.947855397198843,2025-10
2025-10-26,0.0,60.96626499221901,9.90701806123559,8.382861436430115,8.382861436430115,77,17.527801185262966,2025-10
2025-10-27,6.858704811624639,47.248855368969735,9.144939748832853,0.0,6.858704811624639,80,14.022240948210372,2025-10
2025-10-28,5.3345481868191635,51.82132524338616,6.858704811624639,0.0,5.3345481868191635,88,13.869825285729826,2025-10
2025-10-29,0.0,65.53873486663544,8.382861436430115,0.0,8.382861436430115,71,16.460891547899134,2025-10
2025-10-30,5.3345481868191635,54.86963849299711,6.096626499221902,9.144939748832853,7.620783124027376,72,16.61330721037968,2025-10
2025-10-31,0.0,51.82132524338616,6.858704811624639,7.620783124027376,0.0,89,13.260162635807637,2025-10
2025-11-01,7.620783124027376,62.49042161702448,8.382861436430115,8.382861436430115,8.382861436430115,67,19.051957810068444,2025-11
2025-11-02,6.858704811624639,76.20783124027376,13.717409623249278,0.0,9.90701806123559,65,21.338192747276654,2025-11
2025-11-03,6.858704811624639,51.05924693098341,6.096626499221902,0.0,0.0,73,12.80291564836599,2025-11
2025-11-04,6.096626499221902,60.96626499221901,6.096626499221902,6.096626499221902,6.858704811624639,74,17.222969860301866,2025-11
2025-11-05,6.096626499221902,50.29716861858069,9.90701806123559,0.0,6.096626499221902,85,14.479487935652017,2025-11
2025-11-06,6.858704811624639,55.631716805399854,6.858704811624639,6.858704811624639,6.858704811624639,83,16.61330721037968,2025-11
2025-11-07,0.0,50.29716861858069,12.95533131084654,9.90701806123559,6.858704811624639,89,16.00364456045749,2025-11
2025-11-08,0.0,65.53873486663544,0.0,0.0,10.669096373638327,87,15.241566248054752,2025-11
2025-11-09,11.431174686041064,76.20783124027376,11.431174686041064,8.382861436430115,12.193252998443803,58,23.929259009445964,2025-11
2025-11-10,0.0,53.345481868191634,7.620783124027376,8.382861436430115,8.382861436430115,85,15.546397573015849,2025-11
2025-11-11,6.858704811624639,58.6800300550108,15.241566248054752,7.620783124027376,9.144939748832853,76,19.509204797510087,2025-11
2025-11-12,0.0,48.773011993775214,7.620783124027376,9.144939748832853,9.90701806123559,66,15.089150585574206,2025-11
2025-11-13,6.096626499221902,56.39379511780258,9.144939748832853,7.620783124027376,7.620783124027376,72,17.37538552278242,2025-11
2025-11-14,6.858704811624639,64.77665655423269,10.669096373638327,7.620783124027376,8.382861436430115,76,19.661620459990626,2025-11
2025-11-15,0.0,53.345481868191634,9.144939748832853,6.858704811624639,0.0,83,13.869825285729826,2025-11
2025-11-16,7.620783124027376,57.91795174260807,12.193252998443803,6.858704811624639,14.479487935652017,61,19.81403612247118,2025-11
2025-11-17,8.382861436430115,51.82132524338616,6.096626499221902,6.858704811624639,6.858704811624639,80,16.003644560457488,2025-11
2025-11-18,8.382861436430115,51.82132524338616,9.90701806123559,0.0,0.0,67,14.022240948210372,2025-11
2025-11-19,9.90701806123559,60.96626499221901,6.858704811624639,9.144939748832853,0.0,65,17.375385522782416,2025-11
2025-11-20,0.0,57.91795174260807,6.858704811624639,7.620783124027376,0.0,68,14.479487935652013,2025-11
2025-11-21,0.0,48.773011993775214,13.717409623249278,6.858704811624639,0.0,67,13.869825285729826,2025-11
2025-11-22,10.669096373638327,56.39379511780258,12.95533131084654,0.0,13.717409623249278,70,18.747126485107348,2025-11
2025-11-23,9.144939748832853,62.49042161702448,8.382861436430115,0.0,9.144939748832853,63,17.832632510224062,2025-11
2025-11-24,0.0,61.728343304621745,9.144939748832853,7.620783124027376,9.144939748832853,77,17.527801185262966,2025-11
2025-11-25,0.0,55.631716805399854,12.95533131084654,6.858704811624639,11.431174686041064,52,17.375385522782416,2025-11
2025-11-26,0.0,65.53873486663544,9.90701806123559,7.620783124027376,9.144939748832853,77,18.44229516014625,2025-11
2025-11-27,0.0,57.155873430205325,0.0,0.0,0.0,55,11.431174686041064,2025-11
2025-11-28,0.0,63.25249992942723,7.620783124027376,0.0,11.431174686041064,64,16.46089154789913,2025-11
2025-11-29,8.382861436430115,69.34912642864913,12.193252998443803,17.527801185262966,9.90701806123559,75,23.47201202200432,2025-11
2025-11-30,9.144939748832853,70.11120474105186,12.95533131084654,10.669096373638327,13.717409623249278,52,23.319596359523775,2025-11
2025-12-01,0.0,51.82132524338616,8.382861436430115,5.3345481868191635,5.3345481868191635,85,14.17465661069092,2025-12
2025-12-02,13.717409623249278,54.10756018059437,6.858704811624639,0.0,6.858704811624639,64,16.30847588541858,2025-12
2025-12-03,0.0,57.155873430205325,9.144939748832853,6.096626499221902,9.144939748832853,64,16.308475885418584,2025-12
2025-12-04,6.858704811624639,52.5834035557889,7.620783124027376,8.382861436430115,8.382861436430115,80,16.76572287286023,2025-12
2025-12-05,6.858704811624639,50.29716861858069,10.669096373638327,0.0,9.90701806123559,70,15.546397573015849,2025-12
2025-12-06,12.193252998443803,57.155873430205325,15.241566248054752,14.479487935652017,6.858704811624639,66,21.185777084796108,2025-12
2025-12-07,0.0,53.345481868191634,11.431174686041064,9.90701806123559,6.858704811624639,53,16.308475885418584,2025-12
2025-12-08,12.95533131084654,55.631716805399854,6.858704811624639,8.382861436430115,7.620783124027376,74,18.2898794976657,2025-12
2025-12-09,0.0,47.248855368969735,11.431174686041064,6.858704811624639,0.0,52,13.107746973327087,2025-12
2025-12-10,0.0,51.82132524338616,8.382861436430115,7.620783124027376,7.620783124027376,76,15.089150585574208,2025-12
2025-12-11,0.0,53.345481868191634,11.431174686041064,6.858704811624639,5.3345481868191635,69,15.393981910535299,2025-12
2025-12-12,6.096626499221902,57.91795174260807,6.858704811624639,9.144939748832853,0.0,82,16.00364456045749,2025-12
2025-12-13,9.144939748832853,59.44210836741354,8.382861436430115,9.90701806123559,9.90701806123559,60,19.356789135029537,2025-12
2025-12-14,0.0,58.6800300550108,9.144939748832853,0.0,8.382861436430115,67,15.241566248054756,2025-12
2025-12-15,0.0,54.86963849299711,6.096626499221902,7.620783124027376,0.0,88,13.717409623249278,2025-12
2025-12-16,6.858704811624639,57.155873430205325,7.620783124027376,8.382861436430115,7.620783124027376,72,17.527801185262966,2025-12
2025-12-17,0.0,57.68314923554344,9.107865668770016,9.866854474500851,7.589888057308347,93,16.84955148722453,2025-12
2025-12-18,11.38483208596252,62.99607087565927,8.348876863039182,6.071910445846678,6.830899251577511,77,19.12651790441703,2025-12
2025-12-19,0.0,59.960115652735944,7.589888057308347,0.0,6.071910445846678,86,14.724382831178195,2025-12
2025-12-20,0.0,63.755059681390115,11.38483208596252,13.661798503155023,10.625843280231685,77,19.885506710147872,2025-12
2025-12-21,7.589888057308347,56.92416042981261,7.589888057308347,12.902809697424189,9.866854474500851,60,18.97472014327087,2025-12
2025-12-22,0.0,63.755059681390115,10.625843280231685,9.107865668770016,6.830899251577511,92,18.063933576393865,2025-12
2025-12-23,9.866854474500851,59.960115652735944,11.38483208596252,9.107865668770016,8.348876863039182,73,19.733708949001702,2025-12
2025-12-24,9.107865668770016,62.99607087565927,10.625843280231685,16.697753726078364,7.589888057308347,68,21.403484321609533,2025-12
2025-12-25,0.0,47.816294761042585,10.625843280231685,0.0,12.902809697424189,46,14.268989547739693,2025-12
2025-12-26,6.830899251577511,68.30899251577513,10.625843280231685,0.0,7.589888057308347,74,18.67112462097853,2025-12
2025-12-27,9.107865668770016,71.34494773869847,9.866854474500851,9.866854474500851,0.0,64,20.03730447129404,2025-12
2025-12-28,0.0,70.58595893296763,7.589888057308347,9.107865668770016,13.661798503155023,59,20.189102232440202,2025-12
2025-12-29,11.38483208596252,72.86292535016013,9.107865668770016,8.348876863039182,12.902809697424189,73,22.921461933071207,2025-12
2025-12-30,0.0,69.82697012723679,7.589888057308347,0.0,7.589888057308347,66,17.001349248370694,2025-12
2025-12-31,0.0,75.89888057308347,9.107865668770016,0.0,11.38483208596252,69,19.278315665563202,2025-12
